{
  "type": "FeatureCollection",
  "name": "C_Compressors",
  "crs": {
    "type": "name",
    "properties": {
      "name": "urn:ogc:def:crs:OGC:1.3:CRS84"
    }
  },
  "features": [
    {
      "type": "Feature",
      "properties": {
        "id": "INET_CO_0",
        "name": "Aberdeen",
        "node_start": "SEQ_2872_p",
        "node_end": "SEQ_2872_p",
        "tags": {},
        "year_end": null,
        "is_H_gas": 1,
        "max_cap_M_m3_per_d": 37.01228578498207,
        "max_power_MW": 38.34752021041664,
        "max_pressure_bar": 94.70588235294117,
        "num_turb": 3,
        "year_start": null,
        "nuts3": "UKM50",
        "turbine_fuel_isGas_1": 1,
        "turbine_fuel_isGas_2": 1,
        "turbine_fuel_isGas_3": 1,
        "turbine_fuel_isGas_4": 1,
        "turbine_fuel_isGas_5": 1,
        "turbine_fuel_isGas_6": 1,
        "turbine_power_1_MW": 11.8,
        "turbine_power_2_MW": 11.8,
        "turbine_power_3_MW": 12.547826086956523,
        "turbine_power_4_MW": 0.0,
        "turbine_power_5_MW": 0.0,
        "turbine_power_6_MW": 0.0,
        "turbine_power_7_MW": null,
        "turbine_power_8_MW": null,
        "turbine_power_9_MW": null
      },
      "geometry": {
        "type": "Point",
        "coordinates": [
          -2.33587,
          57.10441
        ]
      }
    },
    {
      "type": "Feature",
      "properties": {
        "id": "INET_CO_1",
        "name": "Achim",
        "node_start": "LKD_N_192",
        "node_end": "LKD_N_192",
        "tags": {},
        "year_end": null,
        "is_H_gas": 1,
        "max_cap_M_m3_per_d": 24.285526460456275,
        "max_power_MW": 38.34752021041664,
        "max_pressure_bar": 94.70588235294117,
        "num_turb": 3,
        "year_start": null,
        "nuts3": "DE93B",
        "turbine_fuel_isGas_1": 1,
        "turbine_fuel_isGas_2": 1,
        "turbine_fuel_isGas_3": 1,
        "turbine_fuel_isGas_4": 1,
        "turbine_fuel_isGas_5": 1,
        "turbine_fuel_isGas_6": 1,
        "turbine_power_1_MW": 11.8,
        "turbine_power_2_MW": 11.8,
        "turbine_power_3_MW": 12.547826086956523,
        "turbine_power_4_MW": 0.0,
        "turbine_power_5_MW": 0.0,
        "turbine_power_6_MW": 0.0,
        "turbine_power_7_MW": null,
        "turbine_power_8_MW": null,
        "turbine_power_9_MW": null
      },
      "geometry": {
        "type": "Point",
        "coordinates": [
          9.007212,
          53.040937
        ]
      }
    },
    {
      "type": "Feature",
      "properties": {
        "id": "INET_CO_2",
        "name": "Ajdovscina",
        "node_start": "SEQ_791_p",
        "node_end": "SEQ_791_p",
        "tags": {},
        "year_end": null,
        "is_H_gas": 1,
        "max_cap_M_m3_per_d": 37.2,
        "max_power_MW": 38.34752021041664,
        "max_pressure_bar": 94.70588235294117,
        "num_turb": 3,
        "year_start": null,
        "nuts3": "SI043",
        "turbine_fuel_isGas_1": 1,
        "turbine_fuel_isGas_2": 1,
        "turbine_fuel_isGas_3": 1,
        "turbine_fuel_isGas_4": 1,
        "turbine_fuel_isGas_5": 1,
        "turbine_fuel_isGas_6": 1,
        "turbine_power_1_MW": 11.8,
        "turbine_power_2_MW": 11.8,
        "turbine_power_3_MW": 12.547826086956523,
        "turbine_power_4_MW": 0.0,
        "turbine_power_5_MW": 0.0,
        "turbine_power_6_MW": 0.0,
        "turbine_power_7_MW": null,
        "turbine_power_8_MW": null,
        "turbine_power_9_MW": null
      },
      "geometry": {
        "type": "Point",
        "coordinates": [
          13.90062,
          45.88023
        ]
      }
    },
    {
      "type": "Feature",
      "properties": {
        "id": "INET_CO_3",
        "name": "Alcazar De San Juan",
        "node_start": "N_288_L_LMGN",
        "node_end": "N_288_L_LMGN",
        "tags": {},
        "year_end": null,
        "is_H_gas": 1,
        "max_cap_M_m3_per_d": 37.2,
        "max_power_MW": 38.34752021041664,
        "max_pressure_bar": 94.70588235294117,
        "num_turb": 3,
        "year_start": null,
        "nuts3": "ES422",
        "turbine_fuel_isGas_1": 1,
        "turbine_fuel_isGas_2": 1,
        "turbine_fuel_isGas_3": 1,
        "turbine_fuel_isGas_4": 1,
        "turbine_fuel_isGas_5": 1,
        "turbine_fuel_isGas_6": 1,
        "turbine_power_1_MW": 11.8,
        "turbine_power_2_MW": 11.8,
        "turbine_power_3_MW": 12.547826086956523,
        "turbine_power_4_MW": 0.0,
        "turbine_power_5_MW": 0.0,
        "turbine_power_6_MW": 0.0,
        "turbine_power_7_MW": null,
        "turbine_power_8_MW": null,
        "turbine_power_9_MW": null
      },
      "geometry": {
        "type": "Point",
        "coordinates": [
          -3.27678,
          39.38595
        ]
      }
    },
    {
      "type": "Feature",
      "properties": {
        "id": "INET_CO_4",
        "name": "Aleksandrovka",
        "node_start": "SEQ_6201_p",
        "node_end": "SEQ_6201_p",
        "tags": {},
        "year_end": null,
        "is_H_gas": 1,
        "max_cap_M_m3_per_d": 37.2,
        "max_power_MW": 38.34752021041664,
        "max_pressure_bar": 94.70588235294117,
        "num_turb": 3,
        "year_start": null,
        "nuts3": null,
        "turbine_fuel_isGas_1": 1,
        "turbine_fuel_isGas_2": 1,
        "turbine_fuel_isGas_3": 1,
        "turbine_fuel_isGas_4": 1,
        "turbine_fuel_isGas_5": 1,
        "turbine_fuel_isGas_6": 1,
        "turbine_power_1_MW": 11.8,
        "turbine_power_2_MW": 11.8,
        "turbine_power_3_MW": 12.547826086956523,
        "turbine_power_4_MW": 0.0,
        "turbine_power_5_MW": 0.0,
        "turbine_power_6_MW": 0.0,
        "turbine_power_7_MW": null,
        "turbine_power_8_MW": null,
        "turbine_power_9_MW": null
      },
      "geometry": {
        "type": "Point",
        "coordinates": [
          31.30426,
          47.77446
        ]
      }
    },
    {
      "type": "Feature",
      "properties": {
        "id": "INET_CO_5",
        "name": "Algete",
        "node_start": "N_330_S_LMGN",
        "node_end": "N_330_S_LMGN",
        "tags": {},
        "year_end": null,
        "is_H_gas": 1,
        "max_cap_M_m3_per_d": 37.2,
        "max_power_MW": 38.34752021041664,
        "max_pressure_bar": 94.70588235294117,
        "num_turb": 3,
        "year_start": null,
        "nuts3": "ES300",
        "turbine_fuel_isGas_1": 1,
        "turbine_fuel_isGas_2": 1,
        "turbine_fuel_isGas_3": 1,
        "turbine_fuel_isGas_4": 1,
        "turbine_fuel_isGas_5": 1,
        "turbine_fuel_isGas_6": 1,
        "turbine_power_1_MW": 11.8,
        "turbine_power_2_MW": 11.8,
        "turbine_power_3_MW": 12.547826086956523,
        "turbine_power_4_MW": 0.0,
        "turbine_power_5_MW": 0.0,
        "turbine_power_6_MW": 0.0,
        "turbine_power_7_MW": null,
        "turbine_power_8_MW": null,
        "turbine_power_9_MW": null
      },
      "geometry": {
        "type": "Point",
        "coordinates": [
          -3.57294,
          40.53036
        ]
      }
    },
    {
      "type": "Feature",
      "properties": {
        "id": "INET_CO_6",
        "name": "Almendralejo",
        "node_start": "N_30_M_LMGN",
        "node_end": "N_30_M_LMGN",
        "tags": {},
        "year_end": null,
        "is_H_gas": 1,
        "max_cap_M_m3_per_d": 27.440465928821055,
        "max_power_MW": 38.34752021041664,
        "max_pressure_bar": 94.70588235294117,
        "num_turb": 3,
        "year_start": null,
        "nuts3": "ES431",
        "turbine_fuel_isGas_1": 1,
        "turbine_fuel_isGas_2": 1,
        "turbine_fuel_isGas_3": 1,
        "turbine_fuel_isGas_4": 1,
        "turbine_fuel_isGas_5": 1,
        "turbine_fuel_isGas_6": 1,
        "turbine_power_1_MW": 11.8,
        "turbine_power_2_MW": 11.8,
        "turbine_power_3_MW": 12.547826086956523,
        "turbine_power_4_MW": 0.0,
        "turbine_power_5_MW": 0.0,
        "turbine_power_6_MW": 0.0,
        "turbine_power_7_MW": null,
        "turbine_power_8_MW": null,
        "turbine_power_9_MW": null
      },
      "geometry": {
        "type": "Point",
        "coordinates": [
          -6.39304,
          38.71628
        ]
      }
    },
    {
      "type": "Feature",
      "properties": {
        "id": "INET_CO_7",
        "name": "Alphen",
        "node_start": "N_290_L_LMGN",
        "node_end": "N_290_L_LMGN",
        "tags": {},
        "year_end": null,
        "is_H_gas": 1,
        "max_cap_M_m3_per_d": 37.2,
        "max_power_MW": 38.34752021041664,
        "max_pressure_bar": 94.70588235294117,
        "num_turb": 3,
        "year_start": null,
        "nuts3": "BE213",
        "turbine_fuel_isGas_1": 1,
        "turbine_fuel_isGas_2": 1,
        "turbine_fuel_isGas_3": 1,
        "turbine_fuel_isGas_4": 1,
        "turbine_fuel_isGas_5": 1,
        "turbine_fuel_isGas_6": 1,
        "turbine_power_1_MW": 11.8,
        "turbine_power_2_MW": 11.8,
        "turbine_power_3_MW": 12.547826086956523,
        "turbine_power_4_MW": 0.0,
        "turbine_power_5_MW": 0.0,
        "turbine_power_6_MW": 0.0,
        "turbine_power_7_MW": null,
        "turbine_power_8_MW": null,
        "turbine_power_9_MW": null
      },
      "geometry": {
        "type": "Point",
        "coordinates": [
          5.03325,
          51.41228
        ]
      }
    },
    {
      "type": "Feature",
      "properties": {
        "id": "INET_CO_8",
        "name": "Alrewas",
        "node_start": "INET_N_45",
        "node_end": "INET_N_45",
        "tags": {},
        "year_end": null,
        "is_H_gas": 1,
        "max_cap_M_m3_per_d": 23.40756641350356,
        "max_power_MW": 21.6,
        "max_pressure_bar": 94.70588235294117,
        "num_turb": 2,
        "year_start": 1970.0,
        "nuts3": "UKG24",
        "turbine_fuel_isGas_1": 1,
        "turbine_fuel_isGas_2": 1,
        "turbine_fuel_isGas_3": 1,
        "turbine_fuel_isGas_4": 1,
        "turbine_fuel_isGas_5": 1,
        "turbine_fuel_isGas_6": 1,
        "turbine_power_1_MW": 10.8,
        "turbine_power_2_MW": 10.8,
        "turbine_power_3_MW": 0.0,
        "turbine_power_4_MW": 0.0,
        "turbine_power_5_MW": 0.0,
        "turbine_power_6_MW": 0.0,
        "turbine_power_7_MW": null,
        "turbine_power_8_MW": null,
        "turbine_power_9_MW": null
      },
      "geometry": {
        "type": "Point",
        "coordinates": [
          -1.775613,
          52.73869
        ]
      }
    },
    {
      "type": "Feature",
      "properties": {
        "id": "INET_CO_9",
        "name": "Ananiev",
        "node_start": "INET_N_64",
        "node_end": "INET_N_64",
        "tags": {},
        "year_end": null,
        "is_H_gas": 1,
        "max_cap_M_m3_per_d": 36.015221216631964,
        "max_power_MW": 38.34752021041664,
        "max_pressure_bar": 94.70588235294117,
        "num_turb": 3,
        "year_start": null,
        "nuts3": null,
        "turbine_fuel_isGas_1": 1,
        "turbine_fuel_isGas_2": 1,
        "turbine_fuel_isGas_3": 1,
        "turbine_fuel_isGas_4": 1,
        "turbine_fuel_isGas_5": 1,
        "turbine_fuel_isGas_6": 1,
        "turbine_power_1_MW": 11.8,
        "turbine_power_2_MW": 11.8,
        "turbine_power_3_MW": 12.547826086956523,
        "turbine_power_4_MW": 0.0,
        "turbine_power_5_MW": 0.0,
        "turbine_power_6_MW": 0.0,
        "turbine_power_7_MW": null,
        "turbine_power_8_MW": null,
        "turbine_power_9_MW": null
      },
      "geometry": {
        "type": "Point",
        "coordinates": [
          30.016722,
          47.712944
        ]
      }
    },
    {
      "type": "Feature",
      "properties": {
        "id": "INET_CO_10",
        "name": "Arieux En Gohelle",
        "node_start": "SEQ_5805__M_LMGN",
        "node_end": "SEQ_5805__M_LMGN",
        "tags": {},
        "year_end": null,
        "is_H_gas": 1,
        "max_cap_M_m3_per_d": 22.388672115847182,
        "max_power_MW": 38.34752021041664,
        "max_pressure_bar": 90.0,
        "num_turb": 3,
        "year_start": null,
        "nuts3": "FRE12",
        "turbine_fuel_isGas_1": 1,
        "turbine_fuel_isGas_2": 1,
        "turbine_fuel_isGas_3": 1,
        "turbine_fuel_isGas_4": 1,
        "turbine_fuel_isGas_5": 1,
        "turbine_fuel_isGas_6": 1,
        "turbine_power_1_MW": 11.8,
        "turbine_power_2_MW": 11.8,
        "turbine_power_3_MW": 12.547826086956523,
        "turbine_power_4_MW": 0.0,
        "turbine_power_5_MW": 0.0,
        "turbine_power_6_MW": 0.0,
        "turbine_power_7_MW": null,
        "turbine_power_8_MW": null,
        "turbine_power_9_MW": null
      },
      "geometry": {
        "type": "Point",
        "coordinates": [
          2.86873,
          50.4075
        ]
      }
    },
    {
      "type": "Feature",
      "properties": {
        "id": "INET_CO_11",
        "name": "Auros",
        "node_start": "SEQ_10021__M_LMGN",
        "node_end": "SEQ_10021__M_LMGN",
        "tags": {},
        "year_end": null,
        "is_H_gas": 1,
        "max_cap_M_m3_per_d": 37.2,
        "max_power_MW": 38.34752021041664,
        "max_pressure_bar": 94.70588235294117,
        "num_turb": 3,
        "year_start": null,
        "nuts3": "FRI12",
        "turbine_fuel_isGas_1": 1,
        "turbine_fuel_isGas_2": 1,
        "turbine_fuel_isGas_3": 1,
        "turbine_fuel_isGas_4": 1,
        "turbine_fuel_isGas_5": 1,
        "turbine_fuel_isGas_6": 1,
        "turbine_power_1_MW": 11.8,
        "turbine_power_2_MW": 11.8,
        "turbine_power_3_MW": 12.547826086956523,
        "turbine_power_4_MW": 0.0,
        "turbine_power_5_MW": 0.0,
        "turbine_power_6_MW": 0.0,
        "turbine_power_7_MW": null,
        "turbine_power_8_MW": null,
        "turbine_power_9_MW": null
      },
      "geometry": {
        "type": "Point",
        "coordinates": [
          -0.05653,
          44.60722
        ]
      }
    },
    {
      "type": "Feature",
      "properties": {
        "id": "INET_CO_12",
        "name": "Auvers Le Hanom",
        "node_start": "SEQ_3549_p",
        "node_end": "SEQ_3549_p",
        "tags": {},
        "year_end": null,
        "is_H_gas": 1,
        "max_cap_M_m3_per_d": 37.2,
        "max_power_MW": 38.34752021041664,
        "max_pressure_bar": 94.70588235294117,
        "num_turb": 3,
        "year_start": null,
        "nuts3": "FRG04",
        "turbine_fuel_isGas_1": 1,
        "turbine_fuel_isGas_2": 1,
        "turbine_fuel_isGas_3": 1,
        "turbine_fuel_isGas_4": 1,
        "turbine_fuel_isGas_5": 1,
        "turbine_fuel_isGas_6": 1,
        "turbine_power_1_MW": 11.8,
        "turbine_power_2_MW": 11.8,
        "turbine_power_3_MW": 12.547826086956523,
        "turbine_power_4_MW": 0.0,
        "turbine_power_5_MW": 0.0,
        "turbine_power_6_MW": 0.0,
        "turbine_power_7_MW": null,
        "turbine_power_8_MW": null,
        "turbine_power_9_MW": null
      },
      "geometry": {
        "type": "Point",
        "coordinates": [
          -0.31239,
          47.90074
        ]
      }
    },
    {
      "type": "Feature",
      "properties": {
        "id": "INET_CO_13",
        "name": "Avonmouth",
        "node_start": "INET_N_101",
        "node_end": "INET_N_101",
        "tags": {},
        "year_end": null,
        "is_H_gas": 1,
        "max_cap_M_m3_per_d": 22.05631725973048,
        "max_power_MW": 38.34752021041664,
        "max_pressure_bar": 94.70588235294117,
        "num_turb": 3,
        "year_start": null,
        "nuts3": "UKK12",
        "turbine_fuel_isGas_1": 1,
        "turbine_fuel_isGas_2": 1,
        "turbine_fuel_isGas_3": 1,
        "turbine_fuel_isGas_4": 1,
        "turbine_fuel_isGas_5": 1,
        "turbine_fuel_isGas_6": 1,
        "turbine_power_1_MW": 11.8,
        "turbine_power_2_MW": 11.8,
        "turbine_power_3_MW": 12.547826086956523,
        "turbine_power_4_MW": 0.0,
        "turbine_power_5_MW": 0.0,
        "turbine_power_6_MW": 0.0,
        "turbine_power_7_MW": null,
        "turbine_power_8_MW": null,
        "turbine_power_9_MW": null
      },
      "geometry": {
        "type": "Point",
        "coordinates": [
          -2.65426,
          51.530664
        ]
      }
    },
    {
      "type": "Feature",
      "properties": {
        "id": "INET_CO_14",
        "name": "Aylesbury",
        "node_start": "SEQ_2948_p",
        "node_end": "SEQ_2948_p",
        "tags": {},
        "year_end": null,
        "is_H_gas": 1,
        "max_cap_M_m3_per_d": 32.02696294323154,
        "max_power_MW": 38.34752021041664,
        "max_pressure_bar": 94.70588235294117,
        "num_turb": 3,
        "year_start": null,
        "nuts3": "UKJ13",
        "turbine_fuel_isGas_1": 1,
        "turbine_fuel_isGas_2": 1,
        "turbine_fuel_isGas_3": 1,
        "turbine_fuel_isGas_4": 1,
        "turbine_fuel_isGas_5": 1,
        "turbine_fuel_isGas_6": 1,
        "turbine_power_1_MW": 11.8,
        "turbine_power_2_MW": 11.8,
        "turbine_power_3_MW": 12.547826086956523,
        "turbine_power_4_MW": 0.0,
        "turbine_power_5_MW": 0.0,
        "turbine_power_6_MW": 0.0,
        "turbine_power_7_MW": null,
        "turbine_power_8_MW": null,
        "turbine_power_9_MW": null
      },
      "geometry": {
        "type": "Point",
        "coordinates": [
          -0.93353,
          51.83962
        ]
      }
    },
    {
      "type": "Feature",
      "properties": {
        "id": "INET_CO_15",
        "name": "Baldenheim",
        "node_start": "SEQ_3223__L_LMGN",
        "node_end": "SEQ_3223__L_LMGN",
        "tags": {},
        "year_end": null,
        "is_H_gas": 1,
        "max_cap_M_m3_per_d": 32.02696294323154,
        "max_power_MW": 38.34752021041664,
        "max_pressure_bar": 94.70588235294117,
        "num_turb": 3,
        "year_start": null,
        "nuts3": "FRF11",
        "turbine_fuel_isGas_1": 1,
        "turbine_fuel_isGas_2": 1,
        "turbine_fuel_isGas_3": 1,
        "turbine_fuel_isGas_4": 1,
        "turbine_fuel_isGas_5": 1,
        "turbine_fuel_isGas_6": 1,
        "turbine_power_1_MW": 11.8,
        "turbine_power_2_MW": 11.8,
        "turbine_power_3_MW": 12.547826086956523,
        "turbine_power_4_MW": 0.0,
        "turbine_power_5_MW": 0.0,
        "turbine_power_6_MW": 0.0,
        "turbine_power_7_MW": null,
        "turbine_power_8_MW": null,
        "turbine_power_9_MW": null
      },
      "geometry": {
        "type": "Point",
        "coordinates": [
          7.58774,
          48.27313
        ]
      }
    },
    {
      "type": "Feature",
      "properties": {
        "id": "INET_CO_16",
        "name": "Ballylumford",
        "node_start": "INET_N_133",
        "node_end": "INET_N_133",
        "tags": {},
        "year_end": null,
        "is_H_gas": 1,
        "max_cap_M_m3_per_d": 37.2,
        "max_power_MW": 38.34752021041664,
        "max_pressure_bar": 94.70588235294117,
        "num_turb": 3,
        "year_start": null,
        "nuts3": null,
        "turbine_fuel_isGas_1": 1,
        "turbine_fuel_isGas_2": 1,
        "turbine_fuel_isGas_3": 1,
        "turbine_fuel_isGas_4": 1,
        "turbine_fuel_isGas_5": 1,
        "turbine_fuel_isGas_6": 1,
        "turbine_power_1_MW": 11.8,
        "turbine_power_2_MW": 11.8,
        "turbine_power_3_MW": 12.547826086956523,
        "turbine_power_4_MW": 0.0,
        "turbine_power_5_MW": 0.0,
        "turbine_power_6_MW": 0.0,
        "turbine_power_7_MW": null,
        "turbine_power_8_MW": null,
        "turbine_power_9_MW": null
      },
      "geometry": {
        "type": "Point",
        "coordinates": [
          -5.788932,
          54.84019
        ]
      }
    },
    {
      "type": "Feature",
      "properties": {
        "id": "INET_CO_17",
        "name": "Baneras",
        "node_start": "SEQ_8829__M_LMGN",
        "node_end": "SEQ_8829__M_LMGN",
        "tags": {},
        "year_end": null,
        "is_H_gas": 1,
        "max_cap_M_m3_per_d": 37.2,
        "max_power_MW": 38.34752021041664,
        "max_pressure_bar": 94.70588235294117,
        "num_turb": 3,
        "year_start": null,
        "nuts3": "ES514",
        "turbine_fuel_isGas_1": 1,
        "turbine_fuel_isGas_2": 1,
        "turbine_fuel_isGas_3": 1,
        "turbine_fuel_isGas_4": 1,
        "turbine_fuel_isGas_5": 1,
        "turbine_fuel_isGas_6": 1,
        "turbine_power_1_MW": 11.8,
        "turbine_power_2_MW": 11.8,
        "turbine_power_3_MW": 12.547826086956523,
        "turbine_power_4_MW": 0.0,
        "turbine_power_5_MW": 0.0,
        "turbine_power_6_MW": 0.0,
        "turbine_power_7_MW": null,
        "turbine_power_8_MW": null,
        "turbine_power_9_MW": null
      },
      "geometry": {
        "type": "Point",
        "coordinates": [
          1.54676,
          41.25179
        ]
      }
    },
    {
      "type": "Feature",
      "properties": {
        "id": "INET_CO_18",
        "name": "Bar",
        "node_start": "INET_N_139",
        "node_end": "INET_N_139",
        "tags": {},
        "year_end": null,
        "is_H_gas": 1,
        "max_cap_M_m3_per_d": 49.30941546130005,
        "max_power_MW": 38.34752021041664,
        "max_pressure_bar": 94.70588235294117,
        "num_turb": 3,
        "year_start": null,
        "nuts3": null,
        "turbine_fuel_isGas_1": 1,
        "turbine_fuel_isGas_2": 1,
        "turbine_fuel_isGas_3": 1,
        "turbine_fuel_isGas_4": 1,
        "turbine_fuel_isGas_5": 1,
        "turbine_fuel_isGas_6": 1,
        "turbine_power_1_MW": 11.8,
        "turbine_power_2_MW": 11.8,
        "turbine_power_3_MW": 12.547826086956523,
        "turbine_power_4_MW": 0.0,
        "turbine_power_5_MW": 0.0,
        "turbine_power_6_MW": 0.0,
        "turbine_power_7_MW": null,
        "turbine_power_8_MW": null,
        "turbine_power_9_MW": null
      },
      "geometry": {
        "type": "Point",
        "coordinates": [
          27.6895,
          49.080861
        ]
      }
    },
    {
      "type": "Feature",
      "properties": {
        "id": "INET_CO_19",
        "name": "Barbaira",
        "node_start": "SEQ_8834_p",
        "node_end": "SEQ_8834_p",
        "tags": {},
        "year_end": null,
        "is_H_gas": 1,
        "max_cap_M_m3_per_d": 168.0,
        "max_power_MW": 38.34752021041664,
        "max_pressure_bar": 94.70588235294117,
        "num_turb": 3,
        "year_start": null,
        "nuts3": "FRJ11",
        "turbine_fuel_isGas_1": 1,
        "turbine_fuel_isGas_2": 1,
        "turbine_fuel_isGas_3": 1,
        "turbine_fuel_isGas_4": 1,
        "turbine_fuel_isGas_5": 1,
        "turbine_fuel_isGas_6": 1,
        "turbine_power_1_MW": 11.8,
        "turbine_power_2_MW": 11.8,
        "turbine_power_3_MW": 12.547826086956523,
        "turbine_power_4_MW": 0.0,
        "turbine_power_5_MW": 0.0,
        "turbine_power_6_MW": 0.0,
        "turbine_power_7_MW": null,
        "turbine_power_8_MW": null,
        "turbine_power_9_MW": null
      },
      "geometry": {
        "type": "Point",
        "coordinates": [
          2.47576,
          43.16264
        ]
      }
    },
    {
      "type": "Feature",
      "properties": {
        "id": "INET_CO_20",
        "name": "Bata",
        "node_start": "SEQ_9633_p",
        "node_end": "SEQ_9633_p",
        "tags": {},
        "year_end": null,
        "is_H_gas": 1,
        "max_cap_M_m3_per_d": 37.2,
        "max_power_MW": 38.34752021041664,
        "max_pressure_bar": 94.70588235294117,
        "num_turb": 3,
        "year_start": null,
        "nuts3": "HU233",
        "turbine_fuel_isGas_1": 1,
        "turbine_fuel_isGas_2": 1,
        "turbine_fuel_isGas_3": 1,
        "turbine_fuel_isGas_4": 1,
        "turbine_fuel_isGas_5": 1,
        "turbine_fuel_isGas_6": 1,
        "turbine_power_1_MW": 11.8,
        "turbine_power_2_MW": 11.8,
        "turbine_power_3_MW": 12.547826086956523,
        "turbine_power_4_MW": 0.0,
        "turbine_power_5_MW": 0.0,
        "turbine_power_6_MW": 0.0,
        "turbine_power_7_MW": null,
        "turbine_power_8_MW": null,
        "turbine_power_9_MW": null
      },
      "geometry": {
        "type": "Point",
        "coordinates": [
          18.74969,
          46.13801
        ]
      }
    },
    {
      "type": "Feature",
      "properties": {
        "id": "INET_CO_21",
        "name": "Bathgate",
        "node_start": "N_5_L_LMGN",
        "node_end": "N_5_L_LMGN",
        "tags": {},
        "year_end": null,
        "is_H_gas": 1,
        "max_cap_M_m3_per_d": 36.58304244748931,
        "max_power_MW": 47.2,
        "max_pressure_bar": 94.70588235294117,
        "num_turb": 4,
        "year_start": 1977.0,
        "nuts3": "UKM84",
        "turbine_fuel_isGas_1": 1,
        "turbine_fuel_isGas_2": 1,
        "turbine_fuel_isGas_3": 1,
        "turbine_fuel_isGas_4": 1,
        "turbine_fuel_isGas_5": 1,
        "turbine_fuel_isGas_6": 1,
        "turbine_power_1_MW": 11.8,
        "turbine_power_2_MW": 11.8,
        "turbine_power_3_MW": 11.8,
        "turbine_power_4_MW": 11.8,
        "turbine_power_5_MW": 0.0,
        "turbine_power_6_MW": 0.0,
        "turbine_power_7_MW": null,
        "turbine_power_8_MW": null,
        "turbine_power_9_MW": null
      },
      "geometry": {
        "type": "Point",
        "coordinates": [
          -3.75893,
          55.86963
        ]
      }
    },
    {
      "type": "Feature",
      "properties": {
        "id": "INET_CO_22",
        "name": "Baumgarten",
        "node_start": "INET_N_900",
        "node_end": "INET_N_900",
        "tags": {},
        "year_end": null,
        "is_H_gas": 1,
        "max_cap_M_m3_per_d": 37.2,
        "max_power_MW": 38.34752021041664,
        "max_pressure_bar": 94.70588235294117,
        "num_turb": 3,
        "year_start": null,
        "nuts3": "SK010",
        "turbine_fuel_isGas_1": 1,
        "turbine_fuel_isGas_2": 1,
        "turbine_fuel_isGas_3": 1,
        "turbine_fuel_isGas_4": 1,
        "turbine_fuel_isGas_5": 1,
        "turbine_fuel_isGas_6": 1,
        "turbine_power_1_MW": 11.8,
        "turbine_power_2_MW": 11.8,
        "turbine_power_3_MW": 12.547826086956523,
        "turbine_power_4_MW": 0.0,
        "turbine_power_5_MW": 0.0,
        "turbine_power_6_MW": 0.0,
        "turbine_power_7_MW": null,
        "turbine_power_8_MW": null,
        "turbine_power_9_MW": null
      },
      "geometry": {
        "type": "Point",
        "coordinates": [
          16.9,
          48.35
        ]
      }
    },
    {
      "type": "Feature",
      "properties": {
        "id": "INET_CO_23",
        "name": "Beattock",
        "node_start": "SEQ_1750_p",
        "node_end": "SEQ_1750_p",
        "tags": {},
        "year_end": null,
        "is_H_gas": 1,
        "max_cap_M_m3_per_d": 21.649973958040178,
        "max_power_MW": 38.34752021041664,
        "max_pressure_bar": 94.70588235294117,
        "num_turb": 3,
        "year_start": null,
        "nuts3": "UKM92",
        "turbine_fuel_isGas_1": 1,
        "turbine_fuel_isGas_2": 1,
        "turbine_fuel_isGas_3": 1,
        "turbine_fuel_isGas_4": 1,
        "turbine_fuel_isGas_5": 1,
        "turbine_fuel_isGas_6": 1,
        "turbine_power_1_MW": 11.8,
        "turbine_power_2_MW": 11.8,
        "turbine_power_3_MW": 12.547826086956523,
        "turbine_power_4_MW": 0.0,
        "turbine_power_5_MW": 0.0,
        "turbine_power_6_MW": 0.0,
        "turbine_power_7_MW": null,
        "turbine_power_8_MW": null,
        "turbine_power_9_MW": null
      },
      "geometry": {
        "type": "Point",
        "coordinates": [
          -3.38516,
          55.22432
        ]
      }
    },
    {
      "type": "Feature",
      "properties": {
        "id": "INET_CO_24",
        "name": "Berdichev",
        "node_start": "SEQ_4866_p",
        "node_end": "SEQ_4866_p",
        "tags": {},
        "year_end": null,
        "is_H_gas": 1,
        "max_cap_M_m3_per_d": 37.2,
        "max_power_MW": 38.34752021041664,
        "max_pressure_bar": 94.70588235294117,
        "num_turb": 3,
        "year_start": null,
        "nuts3": null,
        "turbine_fuel_isGas_1": 1,
        "turbine_fuel_isGas_2": 1,
        "turbine_fuel_isGas_3": 1,
        "turbine_fuel_isGas_4": 1,
        "turbine_fuel_isGas_5": 1,
        "turbine_fuel_isGas_6": 1,
        "turbine_power_1_MW": 11.8,
        "turbine_power_2_MW": 11.8,
        "turbine_power_3_MW": 12.547826086956523,
        "turbine_power_4_MW": 0.0,
        "turbine_power_5_MW": 0.0,
        "turbine_power_6_MW": 0.0,
        "turbine_power_7_MW": null,
        "turbine_power_8_MW": null,
        "turbine_power_9_MW": null
      },
      "geometry": {
        "type": "Point",
        "coordinates": [
          28.66055,
          49.8006
        ]
      }
    },
    {
      "type": "Feature",
      "properties": {
        "id": "INET_CO_25",
        "name": "Beregdaroc",
        "node_start": "INET_N_168",
        "node_end": "INET_N_168",
        "tags": {},
        "year_end": null,
        "is_H_gas": 1,
        "max_cap_M_m3_per_d": 85.76215162946752,
        "max_power_MW": 38.34752021041664,
        "max_pressure_bar": 94.70588235294117,
        "num_turb": 3,
        "year_start": null,
        "nuts3": "HU323",
        "turbine_fuel_isGas_1": 1,
        "turbine_fuel_isGas_2": 1,
        "turbine_fuel_isGas_3": 1,
        "turbine_fuel_isGas_4": 1,
        "turbine_fuel_isGas_5": 1,
        "turbine_fuel_isGas_6": 1,
        "turbine_power_1_MW": 11.8,
        "turbine_power_2_MW": 11.8,
        "turbine_power_3_MW": 12.547826086956523,
        "turbine_power_4_MW": 0.0,
        "turbine_power_5_MW": 0.0,
        "turbine_power_6_MW": 0.0,
        "turbine_power_7_MW": null,
        "turbine_power_8_MW": null,
        "turbine_power_9_MW": null
      },
      "geometry": {
        "type": "Point",
        "coordinates": [
          22.532007,
          48.198511
        ]
      }
    },
    {
      "type": "Feature",
      "properties": {
        "id": "INET_CO_26",
        "name": "Beregovaya",
        "node_start": "INET_N_1384",
        "node_end": "INET_N_1384",
        "tags": {},
        "year_end": null,
        "is_H_gas": 1,
        "max_cap_M_m3_per_d": 37.2,
        "max_power_MW": 38.34752021041664,
        "max_pressure_bar": 94.70588235294117,
        "num_turb": 3,
        "year_start": null,
        "nuts3": null,
        "turbine_fuel_isGas_1": 1,
        "turbine_fuel_isGas_2": 1,
        "turbine_fuel_isGas_3": 1,
        "turbine_fuel_isGas_4": 1,
        "turbine_fuel_isGas_5": 1,
        "turbine_fuel_isGas_6": 1,
        "turbine_power_1_MW": 11.8,
        "turbine_power_2_MW": 11.8,
        "turbine_power_3_MW": 12.547826086956523,
        "turbine_power_4_MW": 0.0,
        "turbine_power_5_MW": 0.0,
        "turbine_power_6_MW": 0.0,
        "turbine_power_7_MW": null,
        "turbine_power_8_MW": null,
        "turbine_power_9_MW": null
      },
      "geometry": {
        "type": "Point",
        "coordinates": [
          39.817866,
          47.271921
        ]
      }
    },
    {
      "type": "Feature",
      "properties": {
        "id": "INET_CO_27",
        "name": "Berneau",
        "node_start": "INET_N_178",
        "node_end": "INET_N_178",
        "tags": {},
        "year_end": null,
        "is_H_gas": 1,
        "max_cap_M_m3_per_d": 37.2,
        "max_power_MW": 38.34752021041664,
        "max_pressure_bar": 94.70588235294117,
        "num_turb": 3,
        "year_start": null,
        "nuts3": "BE332",
        "turbine_fuel_isGas_1": 1,
        "turbine_fuel_isGas_2": 1,
        "turbine_fuel_isGas_3": 1,
        "turbine_fuel_isGas_4": 1,
        "turbine_fuel_isGas_5": 1,
        "turbine_fuel_isGas_6": 1,
        "turbine_power_1_MW": 11.8,
        "turbine_power_2_MW": 11.8,
        "turbine_power_3_MW": 12.547826086956523,
        "turbine_power_4_MW": 0.0,
        "turbine_power_5_MW": 0.0,
        "turbine_power_6_MW": 0.0,
        "turbine_power_7_MW": null,
        "turbine_power_8_MW": null,
        "turbine_power_9_MW": null
      },
      "geometry": {
        "type": "Point",
        "coordinates": [
          5.739351,
          50.753777
        ]
      }
    },
    {
      "type": "Feature",
      "properties": {
        "id": "INET_CO_28",
        "name": "Beverwijk",
        "node_start": "SEQ_5823__M_LMGN",
        "node_end": "SEQ_5823__M_LMGN",
        "tags": {},
        "year_end": null,
        "is_H_gas": 1,
        "max_cap_M_m3_per_d": 37.2,
        "max_power_MW": 38.34752021041664,
        "max_pressure_bar": 94.70588235294117,
        "num_turb": 3,
        "year_start": null,
        "nuts3": "NL323",
        "turbine_fuel_isGas_1": 1,
        "turbine_fuel_isGas_2": 1,
        "turbine_fuel_isGas_3": 1,
        "turbine_fuel_isGas_4": 1,
        "turbine_fuel_isGas_5": 1,
        "turbine_fuel_isGas_6": 1,
        "turbine_power_1_MW": 11.8,
        "turbine_power_2_MW": 11.8,
        "turbine_power_3_MW": 12.547826086956523,
        "turbine_power_4_MW": 0.0,
        "turbine_power_5_MW": 0.0,
        "turbine_power_6_MW": 0.0,
        "turbine_power_7_MW": null,
        "turbine_power_8_MW": null,
        "turbine_power_9_MW": null
      },
      "geometry": {
        "type": "Point",
        "coordinates": [
          4.67759,
          52.54012
        ]
      }
    },
    {
      "type": "Feature",
      "properties": {
        "id": "INET_CO_29",
        "name": "Beynes",
        "node_start": "INET_N_182",
        "node_end": "INET_N_182",
        "tags": {},
        "year_end": null,
        "is_H_gas": 1,
        "max_cap_M_m3_per_d": 37.2,
        "max_power_MW": 24.6,
        "max_pressure_bar": 94.70588235294117,
        "num_turb": 2,
        "year_start": 2015.0,
        "nuts3": "FR103",
        "turbine_fuel_isGas_1": 1,
        "turbine_fuel_isGas_2": 1,
        "turbine_fuel_isGas_3": 1,
        "turbine_fuel_isGas_4": 1,
        "turbine_fuel_isGas_5": 1,
        "turbine_fuel_isGas_6": 1,
        "turbine_power_1_MW": 12.3,
        "turbine_power_2_MW": 12.3,
        "turbine_power_3_MW": 0.0,
        "turbine_power_4_MW": 0.0,
        "turbine_power_5_MW": 0.0,
        "turbine_power_6_MW": 0.0,
        "turbine_power_7_MW": null,
        "turbine_power_8_MW": null,
        "turbine_power_9_MW": null
      },
      "geometry": {
        "type": "Point",
        "coordinates": [
          1.873865,
          48.844032
        ]
      }
    },
    {
      "type": "Feature",
      "properties": {
        "id": "INET_CO_30",
        "name": "Bibesti",
        "node_start": "N_208_S_LMGN",
        "node_end": "N_208_S_LMGN",
        "tags": {},
        "year_end": null,
        "is_H_gas": 1,
        "max_cap_M_m3_per_d": 23.021815122327915,
        "max_power_MW": 38.34752021041664,
        "max_pressure_bar": 94.70588235294117,
        "num_turb": 3,
        "year_start": 2019.0,
        "nuts3": "RO412",
        "turbine_fuel_isGas_1": 1,
        "turbine_fuel_isGas_2": 1,
        "turbine_fuel_isGas_3": 1,
        "turbine_fuel_isGas_4": 1,
        "turbine_fuel_isGas_5": 1,
        "turbine_fuel_isGas_6": 1,
        "turbine_power_1_MW": 11.8,
        "turbine_power_2_MW": 11.8,
        "turbine_power_3_MW": 12.547826086956523,
        "turbine_power_4_MW": 0.0,
        "turbine_power_5_MW": 0.0,
        "turbine_power_6_MW": 0.0,
        "turbine_power_7_MW": null,
        "turbine_power_8_MW": null,
        "turbine_power_9_MW": null
      },
      "geometry": {
        "type": "Point",
        "coordinates": [
          23.54231,
          44.74909
        ]
      }
    },
    {
      "type": "Feature",
      "properties": {
        "id": "INET_CO_31",
        "name": "Bishop Auckland",
        "node_start": "SEQ_3167__L_LMGN",
        "node_end": "SEQ_3167__L_LMGN",
        "tags": {},
        "year_end": null,
        "is_H_gas": 1,
        "max_cap_M_m3_per_d": 24.687286620695595,
        "max_power_MW": 14.4,
        "max_pressure_bar": 94.70588235294117,
        "num_turb": 2,
        "year_start": 1974.0,
        "nuts3": "UKC14",
        "turbine_fuel_isGas_1": 1,
        "turbine_fuel_isGas_2": 1,
        "turbine_fuel_isGas_3": 1,
        "turbine_fuel_isGas_4": 1,
        "turbine_fuel_isGas_5": 1,
        "turbine_fuel_isGas_6": 1,
        "turbine_power_1_MW": 7.2,
        "turbine_power_2_MW": 7.2,
        "turbine_power_3_MW": 0.0,
        "turbine_power_4_MW": 0.0,
        "turbine_power_5_MW": 0.0,
        "turbine_power_6_MW": 0.0,
        "turbine_power_7_MW": null,
        "turbine_power_8_MW": null,
        "turbine_power_9_MW": null
      },
      "geometry": {
        "type": "Point",
        "coordinates": [
          -1.62809,
          54.67153
        ]
      }
    },
    {
      "type": "Feature",
      "properties": {
        "id": "INET_CO_32",
        "name": "Bobbau",
        "node_start": "LKD_N_415",
        "node_end": "LKD_N_415",
        "tags": {},
        "year_end": null,
        "is_H_gas": 1,
        "max_cap_M_m3_per_d": 19.2,
        "max_power_MW": 20.0,
        "max_pressure_bar": 88.91924643116087,
        "num_turb": 2,
        "year_start": null,
        "nuts3": "DEE05",
        "turbine_fuel_isGas_1": 1,
        "turbine_fuel_isGas_2": 1,
        "turbine_fuel_isGas_3": 1,
        "turbine_fuel_isGas_4": 1,
        "turbine_fuel_isGas_5": 1,
        "turbine_fuel_isGas_6": 1,
        "turbine_power_1_MW": 10.0,
        "turbine_power_2_MW": 10.0,
        "turbine_power_3_MW": 0.0,
        "turbine_power_4_MW": 0.0,
        "turbine_power_5_MW": 0.0,
        "turbine_power_6_MW": 0.0,
        "turbine_power_7_MW": null,
        "turbine_power_8_MW": null,
        "turbine_power_9_MW": null
      },
      "geometry": {
        "type": "Point",
        "coordinates": [
          12.212117,
          51.703685
        ]
      }
    },
    {
      "type": "Feature",
      "properties": {
        "id": "INET_CO_33",
        "name": "Brammer",
        "node_start": "SEQ_11804_p",
        "node_end": "SEQ_11804_p",
        "tags": {},
        "year_end": null,
        "is_H_gas": 1,
        "max_cap_M_m3_per_d": 39.868333635722536,
        "max_power_MW": 15.0,
        "max_pressure_bar": 70.0,
        "num_turb": 3,
        "year_start": null,
        "nuts3": "DE93B",
        "turbine_fuel_isGas_1": 0,
        "turbine_fuel_isGas_2": 0,
        "turbine_fuel_isGas_3": 0,
        "turbine_fuel_isGas_4": 1,
        "turbine_fuel_isGas_5": 1,
        "turbine_fuel_isGas_6": 1,
        "turbine_power_1_MW": 5.0,
        "turbine_power_2_MW": 5.0,
        "turbine_power_3_MW": 5.0,
        "turbine_power_4_MW": 0.0,
        "turbine_power_5_MW": 0.0,
        "turbine_power_6_MW": 0.0,
        "turbine_power_7_MW": null,
        "turbine_power_8_MW": null,
        "turbine_power_9_MW": null
      },
      "geometry": {
        "type": "Point",
        "coordinates": [
          9.335639,
          52.963817
        ]
      }
    },
    {
      "type": "Feature",
      "properties": {
        "id": "INET_CO_34",
        "name": "Breal",
        "node_start": "N_1158_S_LMGN",
        "node_end": "N_1158_S_LMGN",
        "tags": {},
        "year_end": null,
        "is_H_gas": 1,
        "max_cap_M_m3_per_d": 37.2,
        "max_power_MW": 38.34752021041664,
        "max_pressure_bar": 94.70588235294117,
        "num_turb": 3,
        "year_start": null,
        "nuts3": "FRH03",
        "turbine_fuel_isGas_1": 1,
        "turbine_fuel_isGas_2": 1,
        "turbine_fuel_isGas_3": 1,
        "turbine_fuel_isGas_4": 1,
        "turbine_fuel_isGas_5": 1,
        "turbine_fuel_isGas_6": 1,
        "turbine_power_1_MW": 11.8,
        "turbine_power_2_MW": 11.8,
        "turbine_power_3_MW": 12.547826086956523,
        "turbine_power_4_MW": 0.0,
        "turbine_power_5_MW": 0.0,
        "turbine_power_6_MW": 0.0,
        "turbine_power_7_MW": null,
        "turbine_power_8_MW": null,
        "turbine_power_9_MW": null
      },
      "geometry": {
        "type": "Point",
        "coordinates": [
          -1.6722,
          48.11106
        ]
      }
    },
    {
      "type": "Feature",
      "properties": {
        "id": "INET_CO_35",
        "name": "Breheville",
        "node_start": "SEQ_9562_p",
        "node_end": "SEQ_9562_p",
        "tags": {},
        "year_end": null,
        "is_H_gas": 1,
        "max_cap_M_m3_per_d": 37.2,
        "max_power_MW": 38.34752021041664,
        "max_pressure_bar": 94.70588235294117,
        "num_turb": 3,
        "year_start": null,
        "nuts3": "FRF32",
        "turbine_fuel_isGas_1": 1,
        "turbine_fuel_isGas_2": 1,
        "turbine_fuel_isGas_3": 1,
        "turbine_fuel_isGas_4": 1,
        "turbine_fuel_isGas_5": 1,
        "turbine_fuel_isGas_6": 1,
        "turbine_power_1_MW": 11.8,
        "turbine_power_2_MW": 11.8,
        "turbine_power_3_MW": 12.547826086956523,
        "turbine_power_4_MW": 0.0,
        "turbine_power_5_MW": 0.0,
        "turbine_power_6_MW": 0.0,
        "turbine_power_7_MW": null,
        "turbine_power_8_MW": null,
        "turbine_power_9_MW": null
      },
      "geometry": {
        "type": "Point",
        "coordinates": [
          5.38428,
          49.41636
        ]
      }
    },
    {
      "type": "Feature",
      "properties": {
        "id": "INET_CO_36",
        "name": "Brighthouse",
        "node_start": "INET_N_243",
        "node_end": "INET_N_243",
        "tags": {},
        "year_end": null,
        "is_H_gas": 1,
        "max_cap_M_m3_per_d": 21.924348533521847,
        "max_power_MW": 38.34752021041664,
        "max_pressure_bar": 94.70588235294117,
        "num_turb": 3,
        "year_start": null,
        "nuts3": "UKM92",
        "turbine_fuel_isGas_1": 1,
        "turbine_fuel_isGas_2": 1,
        "turbine_fuel_isGas_3": 1,
        "turbine_fuel_isGas_4": 1,
        "turbine_fuel_isGas_5": 1,
        "turbine_fuel_isGas_6": 1,
        "turbine_power_1_MW": 11.8,
        "turbine_power_2_MW": 11.8,
        "turbine_power_3_MW": 12.547826086956523,
        "turbine_power_4_MW": 0.0,
        "turbine_power_5_MW": 0.0,
        "turbine_power_6_MW": 0.0,
        "turbine_power_7_MW": null,
        "turbine_power_8_MW": null,
        "turbine_power_9_MW": null
      },
      "geometry": {
        "type": "Point",
        "coordinates": [
          -4.12912,
          54.78735
        ]
      }
    },
    {
      "type": "Feature",
      "properties": {
        "id": "INET_CO_37",
        "name": "Brizambourg",
        "node_start": "SEQ_7027_p",
        "node_end": "SEQ_7027_p",
        "tags": {},
        "year_end": null,
        "is_H_gas": 1,
        "max_cap_M_m3_per_d": 37.2,
        "max_power_MW": 38.34752021041664,
        "max_pressure_bar": 94.70588235294117,
        "num_turb": 3,
        "year_start": null,
        "nuts3": "FRI32",
        "turbine_fuel_isGas_1": 1,
        "turbine_fuel_isGas_2": 1,
        "turbine_fuel_isGas_3": 1,
        "turbine_fuel_isGas_4": 1,
        "turbine_fuel_isGas_5": 1,
        "turbine_fuel_isGas_6": 1,
        "turbine_power_1_MW": 11.8,
        "turbine_power_2_MW": 11.8,
        "turbine_power_3_MW": 12.547826086956523,
        "turbine_power_4_MW": 0.0,
        "turbine_power_5_MW": 0.0,
        "turbine_power_6_MW": 0.0,
        "turbine_power_7_MW": null,
        "turbine_power_8_MW": null,
        "turbine_power_9_MW": null
      },
      "geometry": {
        "type": "Point",
        "coordinates": [
          -0.47471,
          45.87751
        ]
      }
    },
    {
      "type": "Feature",
      "properties": {
        "id": "INET_CO_38",
        "name": "Bunde",
        "node_start": "N_1377_S_LMGN",
        "node_end": "N_1377_S_LMGN",
        "tags": {},
        "year_end": null,
        "is_H_gas": 1,
        "max_cap_M_m3_per_d": 28.8,
        "max_power_MW": 12.8,
        "max_pressure_bar": 90.0,
        "num_turb": 2,
        "year_start": 1993.0,
        "nuts3": "NL111",
        "turbine_fuel_isGas_1": 0,
        "turbine_fuel_isGas_2": 0,
        "turbine_fuel_isGas_3": 1,
        "turbine_fuel_isGas_4": 1,
        "turbine_fuel_isGas_5": 1,
        "turbine_fuel_isGas_6": 1,
        "turbine_power_1_MW": 6.4,
        "turbine_power_2_MW": 6.4,
        "turbine_power_3_MW": 0.0,
        "turbine_power_4_MW": 0.0,
        "turbine_power_5_MW": 0.0,
        "turbine_power_6_MW": 0.0,
        "turbine_power_7_MW": null,
        "turbine_power_8_MW": null,
        "turbine_power_9_MW": null
      },
      "geometry": {
        "type": "Point",
        "coordinates": [
          7.18757,
          53.2104
        ]
      }
    },
    {
      "type": "Feature",
      "properties": {
        "id": "INET_CO_39",
        "name": "Cambridge",
        "node_start": "N_235_L_LMGN",
        "node_end": "N_235_L_LMGN",
        "tags": {},
        "year_end": null,
        "is_H_gas": 1,
        "max_cap_M_m3_per_d": 36.116236027305355,
        "max_power_MW": 23.0,
        "max_pressure_bar": 87.28020283920272,
        "num_turb": 2,
        "year_start": 1974.0,
        "nuts3": "UKH35",
        "turbine_fuel_isGas_1": 1,
        "turbine_fuel_isGas_2": 1,
        "turbine_fuel_isGas_3": 1,
        "turbine_fuel_isGas_4": 1,
        "turbine_fuel_isGas_5": 1,
        "turbine_fuel_isGas_6": 1,
        "turbine_power_1_MW": 11.5,
        "turbine_power_2_MW": 11.5,
        "turbine_power_3_MW": 0.0,
        "turbine_power_4_MW": 0.0,
        "turbine_power_5_MW": 0.0,
        "turbine_power_6_MW": 0.0,
        "turbine_power_7_MW": null,
        "turbine_power_8_MW": null,
        "turbine_power_9_MW": null
      },
      "geometry": {
        "type": "Point",
        "coordinates": [
          0.13874,
          52.04909
        ]
      }
    },
    {
      "type": "Feature",
      "properties": {
        "id": "INET_CO_40",
        "name": "Captiex",
        "node_start": "SEQ_2722_p",
        "node_end": "SEQ_2722_p",
        "tags": {},
        "year_end": null,
        "is_H_gas": 1,
        "max_cap_M_m3_per_d": 37.2,
        "max_power_MW": 38.34752021041664,
        "max_pressure_bar": 94.70588235294117,
        "num_turb": 3,
        "year_start": null,
        "nuts3": "FRI12",
        "turbine_fuel_isGas_1": 1,
        "turbine_fuel_isGas_2": 1,
        "turbine_fuel_isGas_3": 1,
        "turbine_fuel_isGas_4": 1,
        "turbine_fuel_isGas_5": 1,
        "turbine_fuel_isGas_6": 1,
        "turbine_power_1_MW": 11.8,
        "turbine_power_2_MW": 11.8,
        "turbine_power_3_MW": 12.547826086956523,
        "turbine_power_4_MW": 0.0,
        "turbine_power_5_MW": 0.0,
        "turbine_power_6_MW": 0.0,
        "turbine_power_7_MW": null,
        "turbine_power_8_MW": null,
        "turbine_power_9_MW": null
      },
      "geometry": {
        "type": "Point",
        "coordinates": [
          -0.27196,
          44.36387
        ]
      }
    },
    {
      "type": "Feature",
      "properties": {
        "id": "INET_CO_41",
        "name": "Carnforth",
        "node_start": "N_95_L_LMGN",
        "node_end": "N_95_L_LMGN",
        "tags": {},
        "year_end": null,
        "is_H_gas": 1,
        "max_cap_M_m3_per_d": 41.9976086267326,
        "max_power_MW": 38.34752021041664,
        "max_pressure_bar": 94.70588235294117,
        "num_turb": 3,
        "year_start": null,
        "nuts3": "UKD44",
        "turbine_fuel_isGas_1": 1,
        "turbine_fuel_isGas_2": 1,
        "turbine_fuel_isGas_3": 1,
        "turbine_fuel_isGas_4": 1,
        "turbine_fuel_isGas_5": 1,
        "turbine_fuel_isGas_6": 1,
        "turbine_power_1_MW": 11.8,
        "turbine_power_2_MW": 11.8,
        "turbine_power_3_MW": 12.547826086956523,
        "turbine_power_4_MW": 0.0,
        "turbine_power_5_MW": 0.0,
        "turbine_power_6_MW": 0.0,
        "turbine_power_7_MW": null,
        "turbine_power_8_MW": null,
        "turbine_power_9_MW": null
      },
      "geometry": {
        "type": "Point",
        "coordinates": [
          -2.679,
          54.15688
        ]
      }
    },
    {
      "type": "Feature",
      "properties": {
        "id": "INET_CO_42",
        "name": "Carregado",
        "node_start": "SEQ_2713_p",
        "node_end": "SEQ_2713_p",
        "tags": {},
        "year_end": null,
        "is_H_gas": 1,
        "max_cap_M_m3_per_d": 25.745456162625874,
        "max_power_MW": 38.34752021041664,
        "max_pressure_bar": 94.70588235294117,
        "num_turb": 3,
        "year_start": 2021.0,
        "nuts3": "PT185",
        "turbine_fuel_isGas_1": 1,
        "turbine_fuel_isGas_2": 1,
        "turbine_fuel_isGas_3": 1,
        "turbine_fuel_isGas_4": 1,
        "turbine_fuel_isGas_5": 1,
        "turbine_fuel_isGas_6": 1,
        "turbine_power_1_MW": 11.8,
        "turbine_power_2_MW": 11.8,
        "turbine_power_3_MW": 12.547826086956523,
        "turbine_power_4_MW": 0.0,
        "turbine_power_5_MW": 0.0,
        "turbine_power_6_MW": 0.0,
        "turbine_power_7_MW": null,
        "turbine_power_8_MW": null,
        "turbine_power_9_MW": null
      },
      "geometry": {
        "type": "Point",
        "coordinates": [
          -8.87002,
          38.87171
        ]
      }
    },
    {
      "type": "Feature",
      "properties": {
        "id": "INET_CO_43",
        "name": "Chateau Landon",
        "node_start": "SEQ_2708_p",
        "node_end": "SEQ_2708_p",
        "tags": {},
        "year_end": null,
        "is_H_gas": 1,
        "max_cap_M_m3_per_d": 37.2,
        "max_power_MW": 38.34752021041664,
        "max_pressure_bar": 94.70588235294117,
        "num_turb": 3,
        "year_start": null,
        "nuts3": "FR102",
        "turbine_fuel_isGas_1": 1,
        "turbine_fuel_isGas_2": 1,
        "turbine_fuel_isGas_3": 1,
        "turbine_fuel_isGas_4": 1,
        "turbine_fuel_isGas_5": 1,
        "turbine_fuel_isGas_6": 1,
        "turbine_power_1_MW": 11.8,
        "turbine_power_2_MW": 11.8,
        "turbine_power_3_MW": 12.547826086956523,
        "turbine_power_4_MW": 0.0,
        "turbine_power_5_MW": 0.0,
        "turbine_power_6_MW": 0.0,
        "turbine_power_7_MW": null,
        "turbine_power_8_MW": null,
        "turbine_power_9_MW": null
      },
      "geometry": {
        "type": "Point",
        "coordinates": [
          2.63215,
          48.16442
        ]
      }
    },
    {
      "type": "Feature",
      "properties": {
        "id": "INET_CO_44",
        "name": "Chazelles",
        "node_start": "N_867_M_LMGN",
        "node_end": "N_867_M_LMGN",
        "tags": {},
        "year_end": null,
        "is_H_gas": 1,
        "max_cap_M_m3_per_d": 37.2,
        "max_power_MW": 38.34752021041664,
        "max_pressure_bar": 94.70588235294117,
        "num_turb": 3,
        "year_start": null,
        "nuts3": "FRI31",
        "turbine_fuel_isGas_1": 1,
        "turbine_fuel_isGas_2": 1,
        "turbine_fuel_isGas_3": 1,
        "turbine_fuel_isGas_4": 1,
        "turbine_fuel_isGas_5": 1,
        "turbine_fuel_isGas_6": 1,
        "turbine_power_1_MW": 11.8,
        "turbine_power_2_MW": 11.8,
        "turbine_power_3_MW": 12.547826086956523,
        "turbine_power_4_MW": 0.0,
        "turbine_power_5_MW": 0.0,
        "turbine_power_6_MW": 0.0,
        "turbine_power_7_MW": null,
        "turbine_power_8_MW": null,
        "turbine_power_9_MW": null
      },
      "geometry": {
        "type": "Point",
        "coordinates": [
          0.3189,
          45.6799
        ]
      }
    },
    {
      "type": "Feature",
      "properties": {
        "id": "INET_CO_45",
        "name": "Chelmsford",
        "node_start": "SEQ_5935__L_LMGN",
        "node_end": "SEQ_5935__L_LMGN",
        "tags": {},
        "year_end": null,
        "is_H_gas": 1,
        "max_cap_M_m3_per_d": 24.128100259112156,
        "max_power_MW": 23.0,
        "max_pressure_bar": 94.70588235294117,
        "num_turb": 2,
        "year_start": 1973.0,
        "nuts3": "UKH35",
        "turbine_fuel_isGas_1": 1,
        "turbine_fuel_isGas_2": 1,
        "turbine_fuel_isGas_3": 1,
        "turbine_fuel_isGas_4": 1,
        "turbine_fuel_isGas_5": 1,
        "turbine_fuel_isGas_6": 1,
        "turbine_power_1_MW": 11.5,
        "turbine_power_2_MW": 11.5,
        "turbine_power_3_MW": 0.0,
        "turbine_power_4_MW": 0.0,
        "turbine_power_5_MW": 0.0,
        "turbine_power_6_MW": 0.0,
        "turbine_power_7_MW": null,
        "turbine_power_8_MW": null,
        "turbine_power_9_MW": null
      },
      "geometry": {
        "type": "Point",
        "coordinates": [
          0.22238,
          51.76605
        ]
      }
    },
    {
      "type": "Feature",
      "properties": {
        "id": "INET_CO_46",
        "name": "Cherre",
        "node_start": "SEQ_8309_p",
        "node_end": "SEQ_8309_p",
        "tags": {},
        "year_end": null,
        "is_H_gas": 1,
        "max_cap_M_m3_per_d": 37.2,
        "max_power_MW": 38.34752021041664,
        "max_pressure_bar": 94.70588235294117,
        "num_turb": 3,
        "year_start": null,
        "nuts3": "FRG04",
        "turbine_fuel_isGas_1": 1,
        "turbine_fuel_isGas_2": 1,
        "turbine_fuel_isGas_3": 1,
        "turbine_fuel_isGas_4": 1,
        "turbine_fuel_isGas_5": 1,
        "turbine_fuel_isGas_6": 1,
        "turbine_power_1_MW": 11.8,
        "turbine_power_2_MW": 11.8,
        "turbine_power_3_MW": 12.547826086956523,
        "turbine_power_4_MW": 0.0,
        "turbine_power_5_MW": 0.0,
        "turbine_power_6_MW": 0.0,
        "turbine_power_7_MW": null,
        "turbine_power_8_MW": null,
        "turbine_power_9_MW": null
      },
      "geometry": {
        "type": "Point",
        "coordinates": [
          0.77695,
          48.07418
        ]
      }
    },
    {
      "type": "Feature",
      "properties": {
        "id": "INET_CO_47",
        "name": "Chinchilla",
        "node_start": "N_42_L_LMGN",
        "node_end": "N_42_L_LMGN",
        "tags": {},
        "year_end": null,
        "is_H_gas": 1,
        "max_cap_M_m3_per_d": 37.57064194325813,
        "max_power_MW": 38.34752021041664,
        "max_pressure_bar": 94.70588235294117,
        "num_turb": 3,
        "year_start": null,
        "nuts3": "ES421",
        "turbine_fuel_isGas_1": 1,
        "turbine_fuel_isGas_2": 1,
        "turbine_fuel_isGas_3": 1,
        "turbine_fuel_isGas_4": 1,
        "turbine_fuel_isGas_5": 1,
        "turbine_fuel_isGas_6": 1,
        "turbine_power_1_MW": 11.8,
        "turbine_power_2_MW": 11.8,
        "turbine_power_3_MW": 12.547826086956523,
        "turbine_power_4_MW": 0.0,
        "turbine_power_5_MW": 0.0,
        "turbine_power_6_MW": 0.0,
        "turbine_power_7_MW": null,
        "turbine_power_8_MW": null,
        "turbine_power_9_MW": null
      },
      "geometry": {
        "type": "Point",
        "coordinates": [
          -1.71355,
          38.88721
        ]
      }
    },
    {
      "type": "Feature",
      "properties": {
        "id": "INET_CO_48",
        "name": "Churchover",
        "node_start": "N_519_M_LMGN",
        "node_end": "N_519_M_LMGN",
        "tags": {},
        "year_end": null,
        "is_H_gas": 1,
        "max_cap_M_m3_per_d": 11.789986225754273,
        "max_power_MW": 18.4,
        "max_pressure_bar": 94.70588235294117,
        "num_turb": 3,
        "year_start": 1972.0,
        "nuts3": "UKG13",
        "turbine_fuel_isGas_1": 1,
        "turbine_fuel_isGas_2": 1,
        "turbine_fuel_isGas_3": 1,
        "turbine_fuel_isGas_4": 1,
        "turbine_fuel_isGas_5": 1,
        "turbine_fuel_isGas_6": 1,
        "turbine_power_1_MW": 6.133333333333333,
        "turbine_power_2_MW": 6.133333333333333,
        "turbine_power_3_MW": 6.133333333333333,
        "turbine_power_4_MW": 0.0,
        "turbine_power_5_MW": 0.0,
        "turbine_power_6_MW": 0.0,
        "turbine_power_7_MW": null,
        "turbine_power_8_MW": null,
        "turbine_power_9_MW": null
      },
      "geometry": {
        "type": "Point",
        "coordinates": [
          -1.24571,
          52.37116
        ]
      }
    },
    {
      "type": "Feature",
      "properties": {
        "id": "INET_CO_49",
        "name": "Ciechanow",
        "node_start": "INET_N_329",
        "node_end": "INET_N_329",
        "tags": {},
        "year_end": null,
        "is_H_gas": 1,
        "max_cap_M_m3_per_d": 49.17888343330218,
        "max_power_MW": 38.34752021041664,
        "max_pressure_bar": 94.70588235294117,
        "num_turb": 3,
        "year_start": null,
        "nuts3": "PL922",
        "turbine_fuel_isGas_1": 1,
        "turbine_fuel_isGas_2": 1,
        "turbine_fuel_isGas_3": 1,
        "turbine_fuel_isGas_4": 1,
        "turbine_fuel_isGas_5": 1,
        "turbine_fuel_isGas_6": 1,
        "turbine_power_1_MW": 11.8,
        "turbine_power_2_MW": 11.8,
        "turbine_power_3_MW": 12.547826086956523,
        "turbine_power_4_MW": 0.0,
        "turbine_power_5_MW": 0.0,
        "turbine_power_6_MW": 0.0,
        "turbine_power_7_MW": null,
        "turbine_power_8_MW": null,
        "turbine_power_9_MW": null
      },
      "geometry": {
        "type": "Point",
        "coordinates": [
          20.619795,
          52.881484
        ]
      }
    },
    {
      "type": "Feature",
      "properties": {
        "id": "INET_CO_50",
        "name": "Cieszyn",
        "node_start": "SEQ_1252_p",
        "node_end": "SEQ_1252_p",
        "tags": {},
        "year_end": null,
        "is_H_gas": 1,
        "max_cap_M_m3_per_d": 37.2,
        "max_power_MW": 85.6,
        "max_pressure_bar": 94.70588235294117,
        "num_turb": 3,
        "year_start": null,
        "nuts3": "PL225",
        "turbine_fuel_isGas_1": 1,
        "turbine_fuel_isGas_2": 1,
        "turbine_fuel_isGas_3": 1,
        "turbine_fuel_isGas_4": 1,
        "turbine_fuel_isGas_5": 1,
        "turbine_fuel_isGas_6": 1,
        "turbine_power_1_MW": 30.1,
        "turbine_power_2_MW": 30.1,
        "turbine_power_3_MW": 25.4,
        "turbine_power_4_MW": 0.0,
        "turbine_power_5_MW": 0.0,
        "turbine_power_6_MW": 0.0,
        "turbine_power_7_MW": null,
        "turbine_power_8_MW": null,
        "turbine_power_9_MW": null
      },
      "geometry": {
        "type": "Point",
        "coordinates": [
          18.59525,
          49.81172
        ]
      }
    },
    {
      "type": "Feature",
      "properties": {
        "id": "INET_CO_51",
        "name": "Cordoba",
        "node_start": "N_536_M_LMGN",
        "node_end": "N_536_M_LMGN",
        "tags": {},
        "year_end": null,
        "is_H_gas": 1,
        "max_cap_M_m3_per_d": 27.440465928821055,
        "max_power_MW": 38.34752021041664,
        "max_pressure_bar": 94.70588235294117,
        "num_turb": 3,
        "year_start": null,
        "nuts3": "ES613",
        "turbine_fuel_isGas_1": 1,
        "turbine_fuel_isGas_2": 1,
        "turbine_fuel_isGas_3": 1,
        "turbine_fuel_isGas_4": 1,
        "turbine_fuel_isGas_5": 1,
        "turbine_fuel_isGas_6": 1,
        "turbine_power_1_MW": 11.8,
        "turbine_power_2_MW": 11.8,
        "turbine_power_3_MW": 12.547826086956523,
        "turbine_power_4_MW": 0.0,
        "turbine_power_5_MW": 0.0,
        "turbine_power_6_MW": 0.0,
        "turbine_power_7_MW": null,
        "turbine_power_8_MW": null,
        "turbine_power_9_MW": null
      },
      "geometry": {
        "type": "Point",
        "coordinates": [
          -4.65858,
          37.88422
        ]
      }
    },
    {
      "type": "Feature",
      "properties": {
        "id": "INET_CO_52",
        "name": "Courthezon",
        "node_start": "N_2120_S_LMGN",
        "node_end": "N_2120_S_LMGN",
        "tags": {},
        "year_end": null,
        "is_H_gas": 1,
        "max_cap_M_m3_per_d": 22.388672115847182,
        "max_power_MW": 38.34752021041664,
        "max_pressure_bar": 94.70588235294117,
        "num_turb": 3,
        "year_start": null,
        "nuts3": "FRL06",
        "turbine_fuel_isGas_1": 1,
        "turbine_fuel_isGas_2": 1,
        "turbine_fuel_isGas_3": 1,
        "turbine_fuel_isGas_4": 1,
        "turbine_fuel_isGas_5": 1,
        "turbine_fuel_isGas_6": 1,
        "turbine_power_1_MW": 11.8,
        "turbine_power_2_MW": 11.8,
        "turbine_power_3_MW": 12.547826086956523,
        "turbine_power_4_MW": 0.0,
        "turbine_power_5_MW": 0.0,
        "turbine_power_6_MW": 0.0,
        "turbine_power_7_MW": null,
        "turbine_power_8_MW": null,
        "turbine_power_9_MW": null
      },
      "geometry": {
        "type": "Point",
        "coordinates": [
          4.84987,
          44.044
        ]
      }
    },
    {
      "type": "Feature",
      "properties": {
        "id": "INET_CO_53",
        "name": "Crevillente",
        "node_start": "SEQ_1545_p",
        "node_end": "SEQ_1545_p",
        "tags": {},
        "year_end": null,
        "is_H_gas": 1,
        "max_cap_M_m3_per_d": 37.2,
        "max_power_MW": 38.34752021041664,
        "max_pressure_bar": 94.70588235294117,
        "num_turb": 3,
        "year_start": null,
        "nuts3": "ES521",
        "turbine_fuel_isGas_1": 1,
        "turbine_fuel_isGas_2": 1,
        "turbine_fuel_isGas_3": 1,
        "turbine_fuel_isGas_4": 1,
        "turbine_fuel_isGas_5": 1,
        "turbine_fuel_isGas_6": 1,
        "turbine_power_1_MW": 11.8,
        "turbine_power_2_MW": 11.8,
        "turbine_power_3_MW": 12.547826086956523,
        "turbine_power_4_MW": 0.0,
        "turbine_power_5_MW": 0.0,
        "turbine_power_6_MW": 0.0,
        "turbine_power_7_MW": null,
        "turbine_power_8_MW": null,
        "turbine_power_9_MW": null
      },
      "geometry": {
        "type": "Point",
        "coordinates": [
          -0.83128,
          38.22377
        ]
      }
    },
    {
      "type": "Feature",
      "properties": {
        "id": "INET_CO_54",
        "name": "Cuvilly",
        "node_start": "INET_N_365",
        "node_end": "INET_N_365",
        "tags": {},
        "year_end": null,
        "is_H_gas": 1,
        "max_cap_M_m3_per_d": 37.2,
        "max_power_MW": 38.34752021041664,
        "max_pressure_bar": 94.70588235294117,
        "num_turb": 3,
        "year_start": null,
        "nuts3": "FRE22",
        "turbine_fuel_isGas_1": 1,
        "turbine_fuel_isGas_2": 1,
        "turbine_fuel_isGas_3": 1,
        "turbine_fuel_isGas_4": 1,
        "turbine_fuel_isGas_5": 1,
        "turbine_fuel_isGas_6": 1,
        "turbine_power_1_MW": 11.8,
        "turbine_power_2_MW": 11.8,
        "turbine_power_3_MW": 12.547826086956523,
        "turbine_power_4_MW": 0.0,
        "turbine_power_5_MW": 0.0,
        "turbine_power_6_MW": 0.0,
        "turbine_power_7_MW": null,
        "turbine_power_8_MW": null,
        "turbine_power_9_MW": null
      },
      "geometry": {
        "type": "Point",
        "coordinates": [
          2.703964,
          49.530886
        ]
      }
    },
    {
      "type": "Feature",
      "properties": {
        "id": "INET_CO_55",
        "name": "Denia",
        "node_start": "INET_N_383",
        "node_end": "INET_N_383",
        "tags": {},
        "year_end": null,
        "is_H_gas": 1,
        "max_cap_M_m3_per_d": 37.2,
        "max_power_MW": 38.34752021041664,
        "max_pressure_bar": 94.70588235294117,
        "num_turb": 3,
        "year_start": null,
        "nuts3": "ES521",
        "turbine_fuel_isGas_1": 1,
        "turbine_fuel_isGas_2": 1,
        "turbine_fuel_isGas_3": 1,
        "turbine_fuel_isGas_4": 1,
        "turbine_fuel_isGas_5": 1,
        "turbine_fuel_isGas_6": 1,
        "turbine_power_1_MW": 11.8,
        "turbine_power_2_MW": 11.8,
        "turbine_power_3_MW": 12.547826086956523,
        "turbine_power_4_MW": 0.0,
        "turbine_power_5_MW": 0.0,
        "turbine_power_6_MW": 0.0,
        "turbine_power_7_MW": null,
        "turbine_power_8_MW": null,
        "turbine_power_9_MW": null
      },
      "geometry": {
        "type": "Point",
        "coordinates": [
          -0.026709,
          38.868056
        ]
      }
    },
    {
      "type": "Feature",
      "properties": {
        "id": "INET_CO_56",
        "name": "Dierrey St Julien",
        "node_start": "SEQ_4288_p",
        "node_end": "SEQ_4288_p",
        "tags": {},
        "year_end": null,
        "is_H_gas": 1,
        "max_cap_M_m3_per_d": 37.2,
        "max_power_MW": 38.34752021041664,
        "max_pressure_bar": 94.70588235294117,
        "num_turb": 3,
        "year_start": null,
        "nuts3": "FRF22",
        "turbine_fuel_isGas_1": 1,
        "turbine_fuel_isGas_2": 1,
        "turbine_fuel_isGas_3": 1,
        "turbine_fuel_isGas_4": 1,
        "turbine_fuel_isGas_5": 1,
        "turbine_fuel_isGas_6": 1,
        "turbine_power_1_MW": 11.8,
        "turbine_power_2_MW": 11.8,
        "turbine_power_3_MW": 12.547826086956523,
        "turbine_power_4_MW": 0.0,
        "turbine_power_5_MW": 0.0,
        "turbine_power_6_MW": 0.0,
        "turbine_power_7_MW": null,
        "turbine_power_8_MW": null,
        "turbine_power_9_MW": null
      },
      "geometry": {
        "type": "Point",
        "coordinates": [
          3.83143,
          48.36364
        ]
      }
    },
    {
      "type": "Feature",
      "properties": {
        "id": "INET_CO_57",
        "name": "Diss",
        "node_start": "SEQ_2730_p",
        "node_end": "SEQ_2730_p",
        "tags": {},
        "year_end": null,
        "is_H_gas": 1,
        "max_cap_M_m3_per_d": 30.04677113375419,
        "max_power_MW": 34.5,
        "max_pressure_bar": 94.70588235294117,
        "num_turb": 3,
        "year_start": 1977.0,
        "nuts3": "UKH14",
        "turbine_fuel_isGas_1": 1,
        "turbine_fuel_isGas_2": 1,
        "turbine_fuel_isGas_3": 1,
        "turbine_fuel_isGas_4": 1,
        "turbine_fuel_isGas_5": 1,
        "turbine_fuel_isGas_6": 1,
        "turbine_power_1_MW": 11.5,
        "turbine_power_2_MW": 11.5,
        "turbine_power_3_MW": 11.5,
        "turbine_power_4_MW": 0.0,
        "turbine_power_5_MW": 0.0,
        "turbine_power_6_MW": 0.0,
        "turbine_power_7_MW": null,
        "turbine_power_8_MW": null,
        "turbine_power_9_MW": null
      },
      "geometry": {
        "type": "Point",
        "coordinates": [
          1.18238,
          52.35433
        ]
      }
    },
    {
      "type": "Feature",
      "properties": {
        "id": "INET_CO_58",
        "name": "Dolyna",
        "node_start": "INET_N_408",
        "node_end": "INET_N_408",
        "tags": {},
        "year_end": null,
        "is_H_gas": 1,
        "max_cap_M_m3_per_d": 19.065123554680163,
        "max_power_MW": 38.34752021041664,
        "max_pressure_bar": 94.70588235294117,
        "num_turb": 3,
        "year_start": null,
        "nuts3": null,
        "turbine_fuel_isGas_1": 1,
        "turbine_fuel_isGas_2": 1,
        "turbine_fuel_isGas_3": 1,
        "turbine_fuel_isGas_4": 1,
        "turbine_fuel_isGas_5": 1,
        "turbine_fuel_isGas_6": 1,
        "turbine_power_1_MW": 11.8,
        "turbine_power_2_MW": 11.8,
        "turbine_power_3_MW": 12.547826086956523,
        "turbine_power_4_MW": 0.0,
        "turbine_power_5_MW": 0.0,
        "turbine_power_6_MW": 0.0,
        "turbine_power_7_MW": null,
        "turbine_power_8_MW": null,
        "turbine_power_9_MW": null
      },
      "geometry": {
        "type": "Point",
        "coordinates": [
          23.989246,
          48.976457
        ]
      }
    },
    {
      "type": "Feature",
      "properties": {
        "id": "INET_CO_59",
        "name": "Drochia",
        "node_start": "SEQ_5383__M_LMGN",
        "node_end": "SEQ_5383__M_LMGN",
        "tags": {},
        "year_end": null,
        "is_H_gas": 1,
        "max_cap_M_m3_per_d": 36.015221216631964,
        "max_power_MW": 38.34752021041664,
        "max_pressure_bar": 94.70588235294117,
        "num_turb": 3,
        "year_start": null,
        "nuts3": null,
        "turbine_fuel_isGas_1": 1,
        "turbine_fuel_isGas_2": 1,
        "turbine_fuel_isGas_3": 1,
        "turbine_fuel_isGas_4": 1,
        "turbine_fuel_isGas_5": 1,
        "turbine_fuel_isGas_6": 1,
        "turbine_power_1_MW": 11.8,
        "turbine_power_2_MW": 11.8,
        "turbine_power_3_MW": 12.547826086956523,
        "turbine_power_4_MW": 0.0,
        "turbine_power_5_MW": 0.0,
        "turbine_power_6_MW": 0.0,
        "turbine_power_7_MW": null,
        "turbine_power_8_MW": null,
        "turbine_power_9_MW": null
      },
      "geometry": {
        "type": "Point",
        "coordinates": [
          27.72251,
          47.99491
        ]
      }
    },
    {
      "type": "Feature",
      "properties": {
        "id": "INET_CO_60",
        "name": "Eggendorf",
        "node_start": "SEQ_2536_p",
        "node_end": "SEQ_2536_p",
        "tags": {},
        "year_end": null,
        "is_H_gas": 1,
        "max_cap_M_m3_per_d": 19.44427560197765,
        "max_power_MW": 8.0,
        "max_pressure_bar": 94.70588235294117,
        "num_turb": 3,
        "year_start": null,
        "nuts3": "AT127",
        "turbine_fuel_isGas_1": 1,
        "turbine_fuel_isGas_2": 1,
        "turbine_fuel_isGas_3": 1,
        "turbine_fuel_isGas_4": 1,
        "turbine_fuel_isGas_5": 1,
        "turbine_fuel_isGas_6": 1,
        "turbine_power_1_MW": 11.8,
        "turbine_power_2_MW": 11.8,
        "turbine_power_3_MW": 12.547826086956523,
        "turbine_power_4_MW": 0.0,
        "turbine_power_5_MW": 0.0,
        "turbine_power_6_MW": 0.0,
        "turbine_power_7_MW": null,
        "turbine_power_8_MW": null,
        "turbine_power_9_MW": null
      },
      "geometry": {
        "type": "Point",
        "coordinates": [
          16.26723,
          47.92208
        ]
      }
    },
    {
      "type": "Feature",
      "properties": {
        "id": "INET_CO_61",
        "name": "Egtved",
        "node_start": "N_1496_M_LMGN",
        "node_end": "N_1496_M_LMGN",
        "tags": {},
        "year_end": null,
        "is_H_gas": 1,
        "max_cap_M_m3_per_d": 23.57058563791988,
        "max_power_MW": 38.34752021041664,
        "max_pressure_bar": 94.70588235294117,
        "num_turb": 3,
        "year_start": null,
        "nuts3": "DK032",
        "turbine_fuel_isGas_1": 1,
        "turbine_fuel_isGas_2": 1,
        "turbine_fuel_isGas_3": 1,
        "turbine_fuel_isGas_4": 1,
        "turbine_fuel_isGas_5": 1,
        "turbine_fuel_isGas_6": 1,
        "turbine_power_1_MW": 11.8,
        "turbine_power_2_MW": 11.8,
        "turbine_power_3_MW": 12.547826086956523,
        "turbine_power_4_MW": 0.0,
        "turbine_power_5_MW": 0.0,
        "turbine_power_6_MW": 0.0,
        "turbine_power_7_MW": null,
        "turbine_power_8_MW": null,
        "turbine_power_9_MW": null
      },
      "geometry": {
        "type": "Point",
        "coordinates": [
          9.2489,
          55.57256
        ]
      }
    },
    {
      "type": "Feature",
      "properties": {
        "id": "INET_CO_62",
        "name": "Eischleben",
        "node_start": "NutsCons_19",
        "node_end": "NutsCons_19",
        "tags": {},
        "year_end": null,
        "is_H_gas": 1,
        "max_cap_M_m3_per_d": 45.6,
        "max_power_MW": 85.4,
        "max_pressure_bar": 90.0,
        "num_turb": 3,
        "year_start": null,
        "nuts3": "DEG01",
        "turbine_fuel_isGas_1": 1,
        "turbine_fuel_isGas_2": 1,
        "turbine_fuel_isGas_3": 1,
        "turbine_fuel_isGas_4": 1,
        "turbine_fuel_isGas_5": 1,
        "turbine_fuel_isGas_6": 1,
        "turbine_power_1_MW": 30.0,
        "turbine_power_2_MW": 30.0,
        "turbine_power_3_MW": 25.4,
        "turbine_power_4_MW": 0.0,
        "turbine_power_5_MW": 0.0,
        "turbine_power_6_MW": 0.0,
        "turbine_power_7_MW": null,
        "turbine_power_8_MW": null,
        "turbine_power_9_MW": null
      },
      "geometry": {
        "type": "Point",
        "coordinates": [
          11.035028,
          50.939779
        ]
      }
    },
    {
      "type": "Feature",
      "properties": {
        "id": "INET_CO_63",
        "name": "Ellund",
        "node_start": "LKD_N_173",
        "node_end": "LKD_N_173",
        "tags": {},
        "year_end": null,
        "is_H_gas": 1,
        "max_cap_M_m3_per_d": 20.28358364180831,
        "max_power_MW": 38.34752021041664,
        "max_pressure_bar": 94.70588235294117,
        "num_turb": 3,
        "year_start": null,
        "nuts3": "DEF0C",
        "turbine_fuel_isGas_1": 1,
        "turbine_fuel_isGas_2": 1,
        "turbine_fuel_isGas_3": 1,
        "turbine_fuel_isGas_4": 1,
        "turbine_fuel_isGas_5": 1,
        "turbine_fuel_isGas_6": 1,
        "turbine_power_1_MW": 11.8,
        "turbine_power_2_MW": 11.8,
        "turbine_power_3_MW": 12.547826086956523,
        "turbine_power_4_MW": 0.0,
        "turbine_power_5_MW": 0.0,
        "turbine_power_6_MW": 0.0,
        "turbine_power_7_MW": null,
        "turbine_power_8_MW": null,
        "turbine_power_9_MW": null
      },
      "geometry": {
        "type": "Point",
        "coordinates": [
          9.28109,
          54.803874
        ]
      }
    },
    {
      "type": "Feature",
      "properties": {
        "id": "INET_CO_64",
        "name": "Elten",
        "node_start": "SEQ_1132_p",
        "node_end": "SEQ_1132_p",
        "tags": {},
        "year_end": null,
        "is_H_gas": 0,
        "max_cap_M_m3_per_d": 37.2,
        "max_power_MW": 38.34752021041664,
        "max_pressure_bar": 94.70588235294117,
        "num_turb": 3,
        "year_start": null,
        "nuts3": "NL226",
        "turbine_fuel_isGas_1": 1,
        "turbine_fuel_isGas_2": 1,
        "turbine_fuel_isGas_3": 1,
        "turbine_fuel_isGas_4": 1,
        "turbine_fuel_isGas_5": 1,
        "turbine_fuel_isGas_6": 1,
        "turbine_power_1_MW": 11.8,
        "turbine_power_2_MW": 11.8,
        "turbine_power_3_MW": 12.547826086956523,
        "turbine_power_4_MW": 0.0,
        "turbine_power_5_MW": 0.0,
        "turbine_power_6_MW": 0.0,
        "turbine_power_7_MW": null,
        "turbine_power_8_MW": null,
        "turbine_power_9_MW": null
      },
      "geometry": {
        "type": "Point",
        "coordinates": [
          6.11577,
          51.90844
        ]
      }
    },
    {
      "type": "Feature",
      "properties": {
        "id": "INET_CO_65",
        "name": "Embsen",
        "node_start": "LKD_N_192",
        "node_end": "LKD_N_192",
        "tags": {},
        "year_end": null,
        "is_H_gas": 1,
        "max_cap_M_m3_per_d": 15.6,
        "max_power_MW": 38.34752021041664,
        "max_pressure_bar": 100.0,
        "num_turb": 3,
        "year_start": null,
        "nuts3": "DE93B",
        "turbine_fuel_isGas_1": 1,
        "turbine_fuel_isGas_2": 1,
        "turbine_fuel_isGas_3": 1,
        "turbine_fuel_isGas_4": 1,
        "turbine_fuel_isGas_5": 1,
        "turbine_fuel_isGas_6": 1,
        "turbine_power_1_MW": 11.8,
        "turbine_power_2_MW": 11.8,
        "turbine_power_3_MW": 12.547826086956523,
        "turbine_power_4_MW": 0.0,
        "turbine_power_5_MW": 0.0,
        "turbine_power_6_MW": 0.0,
        "turbine_power_7_MW": null,
        "turbine_power_8_MW": null,
        "turbine_power_9_MW": null
      },
      "geometry": {
        "type": "Point",
        "coordinates": [
          9.007212,
          53.040937
        ]
      }
    },
    {
      "type": "Feature",
      "properties": {
        "id": "INET_CO_66",
        "name": "Enna",
        "node_start": "SEQ_2357_p",
        "node_end": "SEQ_2357_p",
        "tags": {},
        "year_end": null,
        "is_H_gas": 1,
        "max_cap_M_m3_per_d": 42.62908285335433,
        "max_power_MW": 38.34752021041664,
        "max_pressure_bar": 94.70588235294117,
        "num_turb": 3,
        "year_start": null,
        "nuts3": "ITG16",
        "turbine_fuel_isGas_1": 1,
        "turbine_fuel_isGas_2": 1,
        "turbine_fuel_isGas_3": 1,
        "turbine_fuel_isGas_4": 1,
        "turbine_fuel_isGas_5": 1,
        "turbine_fuel_isGas_6": 1,
        "turbine_power_1_MW": 11.8,
        "turbine_power_2_MW": 11.8,
        "turbine_power_3_MW": 12.547826086956523,
        "turbine_power_4_MW": 0.0,
        "turbine_power_5_MW": 0.0,
        "turbine_power_6_MW": 0.0,
        "turbine_power_7_MW": null,
        "turbine_power_8_MW": null,
        "turbine_power_9_MW": null
      },
      "geometry": {
        "type": "Point",
        "coordinates": [
          14.21256,
          37.46219
        ]
      }
    },
    {
      "type": "Feature",
      "properties": {
        "id": "INET_CO_67",
        "name": "Entre Deux Guiers",
        "node_start": "N_2320_S_LMGN",
        "node_end": "N_2320_S_LMGN",
        "tags": {},
        "year_end": null,
        "is_H_gas": 1,
        "max_cap_M_m3_per_d": 37.2,
        "max_power_MW": 38.34752021041664,
        "max_pressure_bar": 94.70588235294117,
        "num_turb": 3,
        "year_start": null,
        "nuts3": "FRK24",
        "turbine_fuel_isGas_1": 1,
        "turbine_fuel_isGas_2": 1,
        "turbine_fuel_isGas_3": 1,
        "turbine_fuel_isGas_4": 1,
        "turbine_fuel_isGas_5": 1,
        "turbine_fuel_isGas_6": 1,
        "turbine_power_1_MW": 11.8,
        "turbine_power_2_MW": 11.8,
        "turbine_power_3_MW": 12.547826086956523,
        "turbine_power_4_MW": 0.0,
        "turbine_power_5_MW": 0.0,
        "turbine_power_6_MW": 0.0,
        "turbine_power_7_MW": null,
        "turbine_power_8_MW": null,
        "turbine_power_9_MW": null
      },
      "geometry": {
        "type": "Point",
        "coordinates": [
          5.69815,
          45.39766
        ]
      }
    },
    {
      "type": "Feature",
      "properties": {
        "id": "INET_CO_68",
        "name": "Etrez",
        "node_start": "INET_N_509",
        "node_end": "INET_N_509",
        "tags": {},
        "year_end": null,
        "is_H_gas": 1,
        "max_cap_M_m3_per_d": 37.2,
        "max_power_MW": 38.34752021041664,
        "max_pressure_bar": 94.70588235294117,
        "num_turb": 3,
        "year_start": null,
        "nuts3": "FRK21",
        "turbine_fuel_isGas_1": 1,
        "turbine_fuel_isGas_2": 1,
        "turbine_fuel_isGas_3": 1,
        "turbine_fuel_isGas_4": 1,
        "turbine_fuel_isGas_5": 1,
        "turbine_fuel_isGas_6": 1,
        "turbine_power_1_MW": 11.8,
        "turbine_power_2_MW": 11.8,
        "turbine_power_3_MW": 12.547826086956523,
        "turbine_power_4_MW": 0.0,
        "turbine_power_5_MW": 0.0,
        "turbine_power_6_MW": 0.0,
        "turbine_power_7_MW": null,
        "turbine_power_8_MW": null,
        "turbine_power_9_MW": null
      },
      "geometry": {
        "type": "Point",
        "coordinates": [
          5.212561,
          46.336132
        ]
      }
    },
    {
      "type": "Feature",
      "properties": {
        "id": "INET_CO_69",
        "name": "Euskadour",
        "node_start": "SEQ_8075__M_LMGN",
        "node_end": "SEQ_8075__M_LMGN",
        "tags": {},
        "year_end": null,
        "is_H_gas": 1,
        "max_cap_M_m3_per_d": 37.2,
        "max_power_MW": 38.34752021041664,
        "max_pressure_bar": 94.70588235294117,
        "num_turb": 3,
        "year_start": null,
        "nuts3": "FRI15",
        "turbine_fuel_isGas_1": 1,
        "turbine_fuel_isGas_2": 1,
        "turbine_fuel_isGas_3": 1,
        "turbine_fuel_isGas_4": 1,
        "turbine_fuel_isGas_5": 1,
        "turbine_fuel_isGas_6": 1,
        "turbine_power_1_MW": 11.8,
        "turbine_power_2_MW": 11.8,
        "turbine_power_3_MW": 12.547826086956523,
        "turbine_power_4_MW": 0.0,
        "turbine_power_5_MW": 0.0,
        "turbine_power_6_MW": 0.0,
        "turbine_power_7_MW": null,
        "turbine_power_8_MW": null,
        "turbine_power_9_MW": null
      },
      "geometry": {
        "type": "Point",
        "coordinates": [
          -1.5758,
          43.3277
        ]
      }
    },
    {
      "type": "Feature",
      "properties": {
        "id": "INET_CO_70",
        "name": "Evry Gregy",
        "node_start": "N_1988_S_LMGN",
        "node_end": "N_1988_S_LMGN",
        "tags": {},
        "year_end": null,
        "is_H_gas": 1,
        "max_cap_M_m3_per_d": 22.05631725973048,
        "max_power_MW": 38.34752021041664,
        "max_pressure_bar": 94.70588235294117,
        "num_turb": 3,
        "year_start": null,
        "nuts3": "FR102",
        "turbine_fuel_isGas_1": 1,
        "turbine_fuel_isGas_2": 1,
        "turbine_fuel_isGas_3": 1,
        "turbine_fuel_isGas_4": 1,
        "turbine_fuel_isGas_5": 1,
        "turbine_fuel_isGas_6": 1,
        "turbine_power_1_MW": 11.8,
        "turbine_power_2_MW": 11.8,
        "turbine_power_3_MW": 12.547826086956523,
        "turbine_power_4_MW": 0.0,
        "turbine_power_5_MW": 0.0,
        "turbine_power_6_MW": 0.0,
        "turbine_power_7_MW": null,
        "turbine_power_8_MW": null,
        "turbine_power_9_MW": null
      },
      "geometry": {
        "type": "Point",
        "coordinates": [
          2.57106,
          48.65089
        ]
      }
    },
    {
      "type": "Feature",
      "properties": {
        "id": "INET_CO_71",
        "name": "Felindre",
        "node_start": "SEQ_1452_p",
        "node_end": "SEQ_1452_p",
        "tags": {},
        "year_end": null,
        "is_H_gas": 1,
        "max_cap_M_m3_per_d": 22.05631725973048,
        "max_power_MW": 38.34752021041664,
        "max_pressure_bar": 94.70588235294117,
        "num_turb": 3,
        "year_start": null,
        "nuts3": "UKL18",
        "turbine_fuel_isGas_1": 1,
        "turbine_fuel_isGas_2": 1,
        "turbine_fuel_isGas_3": 1,
        "turbine_fuel_isGas_4": 1,
        "turbine_fuel_isGas_5": 1,
        "turbine_fuel_isGas_6": 1,
        "turbine_power_1_MW": 11.8,
        "turbine_power_2_MW": 11.8,
        "turbine_power_3_MW": 12.547826086956523,
        "turbine_power_4_MW": 0.0,
        "turbine_power_5_MW": 0.0,
        "turbine_power_6_MW": 0.0,
        "turbine_power_7_MW": null,
        "turbine_power_8_MW": null,
        "turbine_power_9_MW": null
      },
      "geometry": {
        "type": "Point",
        "coordinates": [
          -3.89856,
          51.68553
        ]
      }
    },
    {
      "type": "Feature",
      "properties": {
        "id": "INET_CO_72",
        "name": "Fier_Comp",
        "node_start": "INET_N_532",
        "node_end": "INET_N_532",
        "tags": {},
        "year_end": null,
        "is_H_gas": 1,
        "max_cap_M_m3_per_d": 28.143417337405854,
        "max_power_MW": 38.34752021041664,
        "max_pressure_bar": 94.70588235294117,
        "num_turb": 3,
        "year_start": null,
        "nuts3": "AL032",
        "turbine_fuel_isGas_1": 1,
        "turbine_fuel_isGas_2": 1,
        "turbine_fuel_isGas_3": 1,
        "turbine_fuel_isGas_4": 1,
        "turbine_fuel_isGas_5": 1,
        "turbine_fuel_isGas_6": 1,
        "turbine_power_1_MW": 11.8,
        "turbine_power_2_MW": 11.8,
        "turbine_power_3_MW": 12.547826086956523,
        "turbine_power_4_MW": 0.0,
        "turbine_power_5_MW": 0.0,
        "turbine_power_6_MW": 0.0,
        "turbine_power_7_MW": null,
        "turbine_power_8_MW": null,
        "turbine_power_9_MW": null
      },
      "geometry": {
        "type": "Point",
        "coordinates": [
          19.451467,
          40.793474
        ]
      }
    },
    {
      "type": "Feature",
      "properties": {
        "id": "INET_CO_73",
        "name": "Gallese",
        "node_start": "INET_N_564",
        "node_end": "INET_N_564",
        "tags": {},
        "year_end": null,
        "is_H_gas": 1,
        "max_cap_M_m3_per_d": 24.050446396430694,
        "max_power_MW": 38.34752021041664,
        "max_pressure_bar": 94.70588235294117,
        "num_turb": 3,
        "year_start": null,
        "nuts3": "ITI41",
        "turbine_fuel_isGas_1": 1,
        "turbine_fuel_isGas_2": 1,
        "turbine_fuel_isGas_3": 1,
        "turbine_fuel_isGas_4": 1,
        "turbine_fuel_isGas_5": 1,
        "turbine_fuel_isGas_6": 1,
        "turbine_power_1_MW": 11.8,
        "turbine_power_2_MW": 11.8,
        "turbine_power_3_MW": 12.547826086956523,
        "turbine_power_4_MW": 0.0,
        "turbine_power_5_MW": 0.0,
        "turbine_power_6_MW": 0.0,
        "turbine_power_7_MW": null,
        "turbine_power_8_MW": null,
        "turbine_power_9_MW": null
      },
      "geometry": {
        "type": "Point",
        "coordinates": [
          12.40241,
          42.373095
        ]
      }
    },
    {
      "type": "Feature",
      "properties": {
        "id": "INET_CO_74",
        "name": "Gernsheim",
        "node_start": "SEQ_11733_p",
        "node_end": "SEQ_11733_p",
        "tags": {},
        "year_end": null,
        "is_H_gas": 1,
        "max_cap_M_m3_per_d": 52.33962790319576,
        "max_power_MW": 58.0,
        "max_pressure_bar": 86.19341172344983,
        "num_turb": 5,
        "year_start": null,
        "nuts3": "DE715",
        "turbine_fuel_isGas_1": 1,
        "turbine_fuel_isGas_2": 1,
        "turbine_fuel_isGas_3": 1,
        "turbine_fuel_isGas_4": 1,
        "turbine_fuel_isGas_5": 1,
        "turbine_fuel_isGas_6": 1,
        "turbine_power_1_MW": 12.5,
        "turbine_power_2_MW": 12.5,
        "turbine_power_3_MW": 12.5,
        "turbine_power_4_MW": 12.5,
        "turbine_power_5_MW": 8.0,
        "turbine_power_6_MW": 0.0,
        "turbine_power_7_MW": null,
        "turbine_power_8_MW": null,
        "turbine_power_9_MW": null
      },
      "geometry": {
        "type": "Point",
        "coordinates": [
          8.534832,
          49.722546
        ]
      }
    },
    {
      "type": "Feature",
      "properties": {
        "id": "INET_CO_75",
        "name": "Goleniow",
        "node_start": "SEQ_1289__M_LMGN",
        "node_end": "SEQ_1289__M_LMGN",
        "tags": {},
        "year_end": null,
        "is_H_gas": 1,
        "max_cap_M_m3_per_d": 23.57058563791988,
        "max_power_MW": 38.34752021041664,
        "max_pressure_bar": 94.70588235294117,
        "num_turb": 3,
        "year_start": null,
        "nuts3": "PL428",
        "turbine_fuel_isGas_1": 1,
        "turbine_fuel_isGas_2": 1,
        "turbine_fuel_isGas_3": 1,
        "turbine_fuel_isGas_4": 1,
        "turbine_fuel_isGas_5": 1,
        "turbine_fuel_isGas_6": 1,
        "turbine_power_1_MW": 11.8,
        "turbine_power_2_MW": 11.8,
        "turbine_power_3_MW": 12.547826086956523,
        "turbine_power_4_MW": 0.0,
        "turbine_power_5_MW": 0.0,
        "turbine_power_6_MW": 0.0,
        "turbine_power_7_MW": null,
        "turbine_power_8_MW": null,
        "turbine_power_9_MW": null
      },
      "geometry": {
        "type": "Point",
        "coordinates": [
          14.85962,
          53.54103
        ]
      }
    },
    {
      "type": "Feature",
      "properties": {
        "id": "INET_CO_76",
        "name": "Grafendorf",
        "node_start": "SEQ_2459_p",
        "node_end": "SEQ_2459_p",
        "tags": {},
        "year_end": null,
        "is_H_gas": 1,
        "max_cap_M_m3_per_d": 31.71037227718207,
        "max_power_MW": 38.34752021041664,
        "max_pressure_bar": 94.70588235294117,
        "num_turb": 3,
        "year_start": null,
        "nuts3": "AT224",
        "turbine_fuel_isGas_1": 1,
        "turbine_fuel_isGas_2": 1,
        "turbine_fuel_isGas_3": 1,
        "turbine_fuel_isGas_4": 1,
        "turbine_fuel_isGas_5": 1,
        "turbine_fuel_isGas_6": 1,
        "turbine_power_1_MW": 11.8,
        "turbine_power_2_MW": 11.8,
        "turbine_power_3_MW": 12.547826086956523,
        "turbine_power_4_MW": 0.0,
        "turbine_power_5_MW": 0.0,
        "turbine_power_6_MW": 0.0,
        "turbine_power_7_MW": null,
        "turbine_power_8_MW": null,
        "turbine_power_9_MW": null
      },
      "geometry": {
        "type": "Point",
        "coordinates": [
          15.93628,
          47.282
        ]
      }
    },
    {
      "type": "Feature",
      "properties": {
        "id": "INET_CO_77",
        "name": "Griespass",
        "node_start": "SEQ_1117_p",
        "node_end": "SEQ_1117_p",
        "tags": {},
        "year_end": null,
        "is_H_gas": 1,
        "max_cap_M_m3_per_d": 42.62908285335433,
        "max_power_MW": 38.34752021041664,
        "max_pressure_bar": 94.70588235294117,
        "num_turb": 3,
        "year_start": null,
        "nuts3": "ITC14",
        "turbine_fuel_isGas_1": 1,
        "turbine_fuel_isGas_2": 1,
        "turbine_fuel_isGas_3": 1,
        "turbine_fuel_isGas_4": 1,
        "turbine_fuel_isGas_5": 1,
        "turbine_fuel_isGas_6": 1,
        "turbine_power_1_MW": 11.8,
        "turbine_power_2_MW": 11.8,
        "turbine_power_3_MW": 12.547826086956523,
        "turbine_power_4_MW": 0.0,
        "turbine_power_5_MW": 0.0,
        "turbine_power_6_MW": 0.0,
        "turbine_power_7_MW": null,
        "turbine_power_8_MW": null,
        "turbine_power_9_MW": null
      },
      "geometry": {
        "type": "Point",
        "coordinates": [
          8.36329,
          46.42379
        ]
      }
    },
    {
      "type": "Feature",
      "properties": {
        "id": "INET_CO_78",
        "name": "Grijpskerk",
        "node_start": "SEQ_10867__M_LMGN",
        "node_end": "SEQ_10867__M_LMGN",
        "tags": {},
        "year_end": null,
        "is_H_gas": 1,
        "max_cap_M_m3_per_d": 37.2,
        "max_power_MW": 38.34752021041664,
        "max_pressure_bar": 94.70588235294117,
        "num_turb": 3,
        "year_start": null,
        "nuts3": "NL113",
        "turbine_fuel_isGas_1": 1,
        "turbine_fuel_isGas_2": 1,
        "turbine_fuel_isGas_3": 1,
        "turbine_fuel_isGas_4": 1,
        "turbine_fuel_isGas_5": 1,
        "turbine_fuel_isGas_6": 1,
        "turbine_power_1_MW": 11.8,
        "turbine_power_2_MW": 11.8,
        "turbine_power_3_MW": 12.547826086956523,
        "turbine_power_4_MW": 0.0,
        "turbine_power_5_MW": 0.0,
        "turbine_power_6_MW": 0.0,
        "turbine_power_7_MW": null,
        "turbine_power_8_MW": null,
        "turbine_power_9_MW": null
      },
      "geometry": {
        "type": "Point",
        "coordinates": [
          6.27938,
          53.28106
        ]
      }
    },
    {
      "type": "Feature",
      "properties": {
        "id": "INET_CO_79",
        "name": "Gustorzyn",
        "node_start": "N_1253_S_LMGN",
        "node_end": "N_1253_S_LMGN",
        "tags": {},
        "year_end": null,
        "is_H_gas": 1,
        "max_cap_M_m3_per_d": 49.17888343330218,
        "max_power_MW": 38.34752021041664,
        "max_pressure_bar": 94.70588235294117,
        "num_turb": 3,
        "year_start": null,
        "nuts3": "PL619",
        "turbine_fuel_isGas_1": 1,
        "turbine_fuel_isGas_2": 1,
        "turbine_fuel_isGas_3": 1,
        "turbine_fuel_isGas_4": 1,
        "turbine_fuel_isGas_5": 1,
        "turbine_fuel_isGas_6": 1,
        "turbine_power_1_MW": 11.8,
        "turbine_power_2_MW": 11.8,
        "turbine_power_3_MW": 12.547826086956523,
        "turbine_power_4_MW": 0.0,
        "turbine_power_5_MW": 0.0,
        "turbine_power_6_MW": 0.0,
        "turbine_power_7_MW": null,
        "turbine_power_8_MW": null,
        "turbine_power_9_MW": null
      },
      "geometry": {
        "type": "Point",
        "coordinates": [
          18.85433,
          52.62145
        ]
      }
    },
    {
      "type": "Feature",
      "properties": {
        "id": "INET_CO_80",
        "name": "Gusyatin",
        "node_start": "INET_N_1589",
        "node_end": "INET_N_1589",
        "tags": {},
        "year_end": null,
        "is_H_gas": 1,
        "max_cap_M_m3_per_d": 49.30941546130005,
        "max_power_MW": 38.34752021041664,
        "max_pressure_bar": 94.70588235294117,
        "num_turb": 3,
        "year_start": null,
        "nuts3": null,
        "turbine_fuel_isGas_1": 1,
        "turbine_fuel_isGas_2": 1,
        "turbine_fuel_isGas_3": 1,
        "turbine_fuel_isGas_4": 1,
        "turbine_fuel_isGas_5": 1,
        "turbine_fuel_isGas_6": 1,
        "turbine_power_1_MW": 11.8,
        "turbine_power_2_MW": 11.8,
        "turbine_power_3_MW": 12.547826086956523,
        "turbine_power_4_MW": 0.0,
        "turbine_power_5_MW": 0.0,
        "turbine_power_6_MW": 0.0,
        "turbine_power_7_MW": null,
        "turbine_power_8_MW": null,
        "turbine_power_9_MW": null
      },
      "geometry": {
        "type": "Point",
        "coordinates": [
          26.138222,
          49.016056
        ]
      }
    },
    {
      "type": "Feature",
      "properties": {
        "id": "INET_CO_81",
        "name": "Haiming",
        "node_start": "N_2631_S_LMGN",
        "node_end": "N_2631_S_LMGN",
        "tags": {},
        "year_end": null,
        "is_H_gas": 1,
        "max_cap_M_m3_per_d": 8.16,
        "max_power_MW": 20.0,
        "max_pressure_bar": 94.70588235294117,
        "num_turb": 2,
        "year_start": null,
        "nuts3": "DE214",
        "turbine_fuel_isGas_1": 1,
        "turbine_fuel_isGas_2": 0,
        "turbine_fuel_isGas_3": 1,
        "turbine_fuel_isGas_4": 1,
        "turbine_fuel_isGas_5": 1,
        "turbine_fuel_isGas_6": 1,
        "turbine_power_1_MW": 10.0,
        "turbine_power_2_MW": 10.0,
        "turbine_power_3_MW": 0.0,
        "turbine_power_4_MW": 0.0,
        "turbine_power_5_MW": 0.0,
        "turbine_power_6_MW": 0.0,
        "turbine_power_7_MW": null,
        "turbine_power_8_MW": null,
        "turbine_power_9_MW": null
      },
      "geometry": {
        "type": "Point",
        "coordinates": [
          12.86439,
          48.19555
        ]
      }
    },
    {
      "type": "Feature",
      "properties": {
        "id": "INET_CO_82",
        "name": "Hajduszoboszlo",
        "node_start": "INET_N_640",
        "node_end": "INET_N_640",
        "tags": {},
        "year_end": null,
        "is_H_gas": 1,
        "max_cap_M_m3_per_d": 37.2,
        "max_power_MW": 38.34752021041664,
        "max_pressure_bar": 94.70588235294117,
        "num_turb": 3,
        "year_start": null,
        "nuts3": "HU321",
        "turbine_fuel_isGas_1": 1,
        "turbine_fuel_isGas_2": 1,
        "turbine_fuel_isGas_3": 1,
        "turbine_fuel_isGas_4": 1,
        "turbine_fuel_isGas_5": 1,
        "turbine_fuel_isGas_6": 1,
        "turbine_power_1_MW": 11.8,
        "turbine_power_2_MW": 11.8,
        "turbine_power_3_MW": 12.547826086956523,
        "turbine_power_4_MW": 0.0,
        "turbine_power_5_MW": 0.0,
        "turbine_power_6_MW": 0.0,
        "turbine_power_7_MW": null,
        "turbine_power_8_MW": null,
        "turbine_power_9_MW": null
      },
      "geometry": {
        "type": "Point",
        "coordinates": [
          21.366312,
          47.507335
        ]
      }
    },
    {
      "type": "Feature",
      "properties": {
        "id": "INET_CO_83",
        "name": "Haro",
        "node_start": "N_803_M_LMGN",
        "node_end": "N_803_M_LMGN",
        "tags": {},
        "year_end": null,
        "is_H_gas": 1,
        "max_cap_M_m3_per_d": 37.2,
        "max_power_MW": 38.34752021041664,
        "max_pressure_bar": 94.70588235294117,
        "num_turb": 3,
        "year_start": null,
        "nuts3": "ES230",
        "turbine_fuel_isGas_1": 1,
        "turbine_fuel_isGas_2": 1,
        "turbine_fuel_isGas_3": 1,
        "turbine_fuel_isGas_4": 1,
        "turbine_fuel_isGas_5": 1,
        "turbine_fuel_isGas_6": 1,
        "turbine_power_1_MW": 11.8,
        "turbine_power_2_MW": 11.8,
        "turbine_power_3_MW": 12.547826086956523,
        "turbine_power_4_MW": 0.0,
        "turbine_power_5_MW": 0.0,
        "turbine_power_6_MW": 0.0,
        "turbine_power_7_MW": null,
        "turbine_power_8_MW": null,
        "turbine_power_9_MW": null
      },
      "geometry": {
        "type": "Point",
        "coordinates": [
          -2.86384,
          42.5851
        ]
      }
    },
    {
      "type": "Feature",
      "properties": {
        "id": "INET_CO_84",
        "name": "Hassi R Mel",
        "node_start": "SEQ_4690_p",
        "node_end": "SEQ_4690_p",
        "tags": {},
        "year_end": null,
        "is_H_gas": 1,
        "max_cap_M_m3_per_d": 37.2,
        "max_power_MW": 38.34752021041664,
        "max_pressure_bar": 94.70588235294117,
        "num_turb": 3,
        "year_start": null,
        "nuts3": null,
        "turbine_fuel_isGas_1": 1,
        "turbine_fuel_isGas_2": 1,
        "turbine_fuel_isGas_3": 1,
        "turbine_fuel_isGas_4": 1,
        "turbine_fuel_isGas_5": 1,
        "turbine_fuel_isGas_6": 1,
        "turbine_power_1_MW": 11.8,
        "turbine_power_2_MW": 11.8,
        "turbine_power_3_MW": 12.547826086956523,
        "turbine_power_4_MW": 0.0,
        "turbine_power_5_MW": 0.0,
        "turbine_power_6_MW": 0.0,
        "turbine_power_7_MW": null,
        "turbine_power_8_MW": null,
        "turbine_power_9_MW": null
      },
      "geometry": {
        "type": "Point",
        "coordinates": [
          3.16475,
          32.87013
        ]
      }
    },
    {
      "type": "Feature",
      "properties": {
        "id": "INET_CO_85",
        "name": "Hatton",
        "node_start": "SEQ_7947__L_LMGN",
        "node_end": "SEQ_7947__L_LMGN",
        "tags": {},
        "year_end": null,
        "is_H_gas": 1,
        "max_cap_M_m3_per_d": 27.04164010148101,
        "max_power_MW": 38.34752021041664,
        "max_pressure_bar": 94.70588235294117,
        "num_turb": 3,
        "year_start": null,
        "nuts3": "UKF30",
        "turbine_fuel_isGas_1": 1,
        "turbine_fuel_isGas_2": 1,
        "turbine_fuel_isGas_3": 1,
        "turbine_fuel_isGas_4": 1,
        "turbine_fuel_isGas_5": 1,
        "turbine_fuel_isGas_6": 1,
        "turbine_power_1_MW": 11.8,
        "turbine_power_2_MW": 11.8,
        "turbine_power_3_MW": 12.547826086956523,
        "turbine_power_4_MW": 0.0,
        "turbine_power_5_MW": 0.0,
        "turbine_power_6_MW": 0.0,
        "turbine_power_7_MW": null,
        "turbine_power_8_MW": null,
        "turbine_power_9_MW": null
      },
      "geometry": {
        "type": "Point",
        "coordinates": [
          -0.25862,
          53.22971
        ]
      }
    },
    {
      "type": "Feature",
      "properties": {
        "id": "INET_CO_86",
        "name": "Hespenbusch",
        "node_start": "SEQ_11938_p",
        "node_end": "SEQ_11938_p",
        "tags": {},
        "year_end": null,
        "is_H_gas": 1,
        "max_cap_M_m3_per_d": 5.52,
        "max_power_MW": 5.5,
        "max_pressure_bar": 94.70588235294117,
        "num_turb": 2,
        "year_start": null,
        "nuts3": "DE94D",
        "turbine_fuel_isGas_1": 0,
        "turbine_fuel_isGas_2": 0,
        "turbine_fuel_isGas_3": 1,
        "turbine_fuel_isGas_4": 1,
        "turbine_fuel_isGas_5": 1,
        "turbine_fuel_isGas_6": 1,
        "turbine_power_1_MW": 2.75,
        "turbine_power_2_MW": 2.75,
        "turbine_power_3_MW": 0.0,
        "turbine_power_4_MW": 0.0,
        "turbine_power_5_MW": 0.0,
        "turbine_power_6_MW": 0.0,
        "turbine_power_7_MW": null,
        "turbine_power_8_MW": null,
        "turbine_power_9_MW": null
      },
      "geometry": {
        "type": "Point",
        "coordinates": [
          8.3642,
          52.95562
        ]
      }
    },
    {
      "type": "Feature",
      "properties": {
        "id": "INET_CO_87",
        "name": "Hilvarenbeek",
        "node_start": "N_290_L_LMGN",
        "node_end": "N_290_L_LMGN",
        "tags": {},
        "year_end": null,
        "is_H_gas": 1,
        "max_cap_M_m3_per_d": 37.2,
        "max_power_MW": 38.34752021041664,
        "max_pressure_bar": 94.70588235294117,
        "num_turb": 3,
        "year_start": null,
        "nuts3": "BE213",
        "turbine_fuel_isGas_1": 1,
        "turbine_fuel_isGas_2": 1,
        "turbine_fuel_isGas_3": 1,
        "turbine_fuel_isGas_4": 1,
        "turbine_fuel_isGas_5": 1,
        "turbine_fuel_isGas_6": 1,
        "turbine_power_1_MW": 11.8,
        "turbine_power_2_MW": 11.8,
        "turbine_power_3_MW": 12.547826086956523,
        "turbine_power_4_MW": 0.0,
        "turbine_power_5_MW": 0.0,
        "turbine_power_6_MW": 0.0,
        "turbine_power_7_MW": null,
        "turbine_power_8_MW": null,
        "turbine_power_9_MW": null
      },
      "geometry": {
        "type": "Point",
        "coordinates": [
          5.03325,
          51.41228
        ]
      }
    },
    {
      "type": "Feature",
      "properties": {
        "id": "INET_CO_88",
        "name": "Hora Svate Kateriny",
        "node_start": "INET_N_229",
        "node_end": "INET_N_229",
        "tags": {},
        "year_end": null,
        "is_H_gas": 1,
        "max_cap_M_m3_per_d": 34.11007596027062,
        "max_power_MW": 38.34752021041664,
        "max_pressure_bar": 94.70588235294117,
        "num_turb": 3,
        "year_start": null,
        "nuts3": "CZ042",
        "turbine_fuel_isGas_1": 1,
        "turbine_fuel_isGas_2": 1,
        "turbine_fuel_isGas_3": 1,
        "turbine_fuel_isGas_4": 1,
        "turbine_fuel_isGas_5": 1,
        "turbine_fuel_isGas_6": 1,
        "turbine_power_1_MW": 11.8,
        "turbine_power_2_MW": 11.8,
        "turbine_power_3_MW": 12.547826086956523,
        "turbine_power_4_MW": 0.0,
        "turbine_power_5_MW": 0.0,
        "turbine_power_6_MW": 0.0,
        "turbine_power_7_MW": null,
        "turbine_power_8_MW": null,
        "turbine_power_9_MW": null
      },
      "geometry": {
        "type": "Point",
        "coordinates": [
          13.39,
          50.635
        ]
      }
    },
    {
      "type": "Feature",
      "properties": {
        "id": "INET_CO_89",
        "name": "Hostim",
        "node_start": "SEQ_2477_p",
        "node_end": "SEQ_2477_p",
        "tags": {},
        "year_end": null,
        "is_H_gas": 1,
        "max_cap_M_m3_per_d": 32.02696294323154,
        "max_power_MW": 38.34752021041664,
        "max_pressure_bar": 94.70588235294117,
        "num_turb": 3,
        "year_start": null,
        "nuts3": "CZ064",
        "turbine_fuel_isGas_1": 1,
        "turbine_fuel_isGas_2": 1,
        "turbine_fuel_isGas_3": 1,
        "turbine_fuel_isGas_4": 1,
        "turbine_fuel_isGas_5": 1,
        "turbine_fuel_isGas_6": 1,
        "turbine_power_1_MW": 11.8,
        "turbine_power_2_MW": 11.8,
        "turbine_power_3_MW": 12.547826086956523,
        "turbine_power_4_MW": 0.0,
        "turbine_power_5_MW": 0.0,
        "turbine_power_6_MW": 0.0,
        "turbine_power_7_MW": null,
        "turbine_power_8_MW": null,
        "turbine_power_9_MW": null
      },
      "geometry": {
        "type": "Point",
        "coordinates": [
          15.93103,
          48.98078
        ]
      }
    },
    {
      "type": "Feature",
      "properties": {
        "id": "INET_CO_90",
        "name": "Huegelheim",
        "node_start": "LKD_N_154",
        "node_end": "LKD_N_154",
        "tags": {},
        "year_end": null,
        "is_H_gas": 1,
        "max_cap_M_m3_per_d": 25.320198557071407,
        "max_power_MW": 38.34752021041664,
        "max_pressure_bar": 94.70588235294117,
        "num_turb": 3,
        "year_start": null,
        "nuts3": "DE132",
        "turbine_fuel_isGas_1": 1,
        "turbine_fuel_isGas_2": 1,
        "turbine_fuel_isGas_3": 1,
        "turbine_fuel_isGas_4": 1,
        "turbine_fuel_isGas_5": 1,
        "turbine_fuel_isGas_6": 1,
        "turbine_power_1_MW": 11.8,
        "turbine_power_2_MW": 11.8,
        "turbine_power_3_MW": 12.547826086956523,
        "turbine_power_4_MW": 0.0,
        "turbine_power_5_MW": 0.0,
        "turbine_power_6_MW": 0.0,
        "turbine_power_7_MW": null,
        "turbine_power_8_MW": null,
        "turbine_power_9_MW": null
      },
      "geometry": {
        "type": "Point",
        "coordinates": [
          7.637349,
          47.849604
        ]
      }
    },
    {
      "type": "Feature",
      "properties": {
        "id": "INET_CO_91",
        "name": "Huntingdon",
        "node_start": "SEQ_3368_p",
        "node_end": "SEQ_3368_p",
        "tags": {},
        "year_end": null,
        "is_H_gas": 1,
        "max_cap_M_m3_per_d": 32.02696294323154,
        "max_power_MW": 38.34752021041664,
        "max_pressure_bar": 94.70588235294117,
        "num_turb": 3,
        "year_start": null,
        "nuts3": "UKH12",
        "turbine_fuel_isGas_1": 1,
        "turbine_fuel_isGas_2": 1,
        "turbine_fuel_isGas_3": 1,
        "turbine_fuel_isGas_4": 1,
        "turbine_fuel_isGas_5": 1,
        "turbine_fuel_isGas_6": 1,
        "turbine_power_1_MW": 11.8,
        "turbine_power_2_MW": 11.8,
        "turbine_power_3_MW": 12.547826086956523,
        "turbine_power_4_MW": 0.0,
        "turbine_power_5_MW": 0.0,
        "turbine_power_6_MW": 0.0,
        "turbine_power_7_MW": null,
        "turbine_power_8_MW": null,
        "turbine_power_9_MW": null
      },
      "geometry": {
        "type": "Point",
        "coordinates": [
          -0.34515,
          52.353
        ]
      }
    },
    {
      "type": "Feature",
      "properties": {
        "id": "INET_CO_92",
        "name": "Hust",
        "node_start": "INET_N_707",
        "node_end": "INET_N_707",
        "tags": {},
        "year_end": null,
        "is_H_gas": 1,
        "max_cap_M_m3_per_d": 37.2,
        "max_power_MW": 38.34752021041664,
        "max_pressure_bar": 94.70588235294117,
        "num_turb": 3,
        "year_start": null,
        "nuts3": null,
        "turbine_fuel_isGas_1": 1,
        "turbine_fuel_isGas_2": 1,
        "turbine_fuel_isGas_3": 1,
        "turbine_fuel_isGas_4": 1,
        "turbine_fuel_isGas_5": 1,
        "turbine_fuel_isGas_6": 1,
        "turbine_power_1_MW": 11.8,
        "turbine_power_2_MW": 11.8,
        "turbine_power_3_MW": 12.547826086956523,
        "turbine_power_4_MW": 0.0,
        "turbine_power_5_MW": 0.0,
        "turbine_power_6_MW": 0.0,
        "turbine_power_7_MW": null,
        "turbine_power_8_MW": null,
        "turbine_power_9_MW": null
      },
      "geometry": {
        "type": "Point",
        "coordinates": [
          23.297248,
          48.173463
        ]
      }
    },
    {
      "type": "Feature",
      "properties": {
        "id": "INET_CO_93",
        "name": "Ihtiman",
        "node_start": "SEQ_7331__L_LMGN",
        "node_end": "SEQ_7331__L_LMGN",
        "tags": {},
        "year_end": null,
        "is_H_gas": 1,
        "max_cap_M_m3_per_d": 37.2,
        "max_power_MW": 38.34752021041664,
        "max_pressure_bar": 94.70588235294117,
        "num_turb": 3,
        "year_start": null,
        "nuts3": "BG412",
        "turbine_fuel_isGas_1": 1,
        "turbine_fuel_isGas_2": 1,
        "turbine_fuel_isGas_3": 1,
        "turbine_fuel_isGas_4": 1,
        "turbine_fuel_isGas_5": 1,
        "turbine_fuel_isGas_6": 1,
        "turbine_power_1_MW": 11.8,
        "turbine_power_2_MW": 11.8,
        "turbine_power_3_MW": 12.547826086956523,
        "turbine_power_4_MW": 0.0,
        "turbine_power_5_MW": 0.0,
        "turbine_power_6_MW": 0.0,
        "turbine_power_7_MW": null,
        "turbine_power_8_MW": null,
        "turbine_power_9_MW": null
      },
      "geometry": {
        "type": "Point",
        "coordinates": [
          23.81187,
          42.47715
        ]
      }
    },
    {
      "type": "Feature",
      "properties": {
        "id": "INET_CO_94",
        "name": "Imatra",
        "node_start": "SEQ_2574_p",
        "node_end": "SEQ_2574_p",
        "tags": {},
        "year_end": null,
        "is_H_gas": 1,
        "max_cap_M_m3_per_d": 37.2,
        "max_power_MW": 38.34752021041664,
        "max_pressure_bar": 94.70588235294117,
        "num_turb": 3,
        "year_start": null,
        "nuts3": "FI1C5",
        "turbine_fuel_isGas_1": 1,
        "turbine_fuel_isGas_2": 1,
        "turbine_fuel_isGas_3": 1,
        "turbine_fuel_isGas_4": 1,
        "turbine_fuel_isGas_5": 1,
        "turbine_fuel_isGas_6": 1,
        "turbine_power_1_MW": 11.8,
        "turbine_power_2_MW": 11.8,
        "turbine_power_3_MW": 12.547826086956523,
        "turbine_power_4_MW": 0.0,
        "turbine_power_5_MW": 0.0,
        "turbine_power_6_MW": 0.0,
        "turbine_power_7_MW": null,
        "turbine_power_8_MW": null,
        "turbine_power_9_MW": null
      },
      "geometry": {
        "type": "Point",
        "coordinates": [
          28.71409,
          61.17337
        ]
      }
    },
    {
      "type": "Feature",
      "properties": {
        "id": "INET_CO_95",
        "name": "Istrana",
        "node_start": "SEQ_2005_p",
        "node_end": "SEQ_2005_p",
        "tags": {},
        "year_end": null,
        "is_H_gas": 1,
        "max_cap_M_m3_per_d": 30.817191266966745,
        "max_power_MW": 38.34752021041664,
        "max_pressure_bar": 94.70588235294117,
        "num_turb": 3,
        "year_start": null,
        "nuts3": "ITH34",
        "turbine_fuel_isGas_1": 1,
        "turbine_fuel_isGas_2": 1,
        "turbine_fuel_isGas_3": 1,
        "turbine_fuel_isGas_4": 1,
        "turbine_fuel_isGas_5": 1,
        "turbine_fuel_isGas_6": 1,
        "turbine_power_1_MW": 11.8,
        "turbine_power_2_MW": 11.8,
        "turbine_power_3_MW": 12.547826086956523,
        "turbine_power_4_MW": 0.0,
        "turbine_power_5_MW": 0.0,
        "turbine_power_6_MW": 0.0,
        "turbine_power_7_MW": null,
        "turbine_power_8_MW": null,
        "turbine_power_9_MW": null
      },
      "geometry": {
        "type": "Point",
        "coordinates": [
          12.06307,
          45.67951
        ]
      }
    },
    {
      "type": "Feature",
      "properties": {
        "id": "INET_CO_96",
        "name": "Ivasevichi",
        "node_start": "INET_N_750",
        "node_end": "INET_N_750",
        "tags": {},
        "year_end": null,
        "is_H_gas": 1,
        "max_cap_M_m3_per_d": 37.2,
        "max_power_MW": 38.34752021041664,
        "max_pressure_bar": 94.70588235294117,
        "num_turb": 3,
        "year_start": null,
        "nuts3": null,
        "turbine_fuel_isGas_1": 1,
        "turbine_fuel_isGas_2": 1,
        "turbine_fuel_isGas_3": 1,
        "turbine_fuel_isGas_4": 1,
        "turbine_fuel_isGas_5": 1,
        "turbine_fuel_isGas_6": 1,
        "turbine_power_1_MW": 11.8,
        "turbine_power_2_MW": 11.8,
        "turbine_power_3_MW": 12.547826086956523,
        "turbine_power_4_MW": 0.0,
        "turbine_power_5_MW": 0.0,
        "turbine_power_6_MW": 0.0,
        "turbine_power_7_MW": null,
        "turbine_power_8_MW": null,
        "turbine_power_9_MW": null
      },
      "geometry": {
        "type": "Point",
        "coordinates": [
          25.335375,
          52.707963
        ]
      }
    },
    {
      "type": "Feature",
      "properties": {
        "id": "INET_CO_97",
        "name": "Jaroslaw",
        "node_start": "N_81_L_LMGN",
        "node_end": "N_81_L_LMGN",
        "tags": {},
        "year_end": null,
        "is_H_gas": 1,
        "max_cap_M_m3_per_d": 37.2,
        "max_power_MW": 38.34752021041664,
        "max_pressure_bar": 94.70588235294117,
        "num_turb": 3,
        "year_start": null,
        "nuts3": "PL822",
        "turbine_fuel_isGas_1": 1,
        "turbine_fuel_isGas_2": 1,
        "turbine_fuel_isGas_3": 1,
        "turbine_fuel_isGas_4": 1,
        "turbine_fuel_isGas_5": 1,
        "turbine_fuel_isGas_6": 1,
        "turbine_power_1_MW": 11.8,
        "turbine_power_2_MW": 11.8,
        "turbine_power_3_MW": 12.547826086956523,
        "turbine_power_4_MW": 0.0,
        "turbine_power_5_MW": 0.0,
        "turbine_power_6_MW": 0.0,
        "turbine_power_7_MW": null,
        "turbine_power_8_MW": null,
        "turbine_power_9_MW": null
      },
      "geometry": {
        "type": "Point",
        "coordinates": [
          22.61611,
          50.01128
        ]
      }
    },
    {
      "type": "Feature",
      "properties": {
        "id": "INET_CO_98",
        "name": "Jauniunai",
        "node_start": "SEQ_2880_p",
        "node_end": "SEQ_2880_p",
        "tags": {},
        "year_end": null,
        "is_H_gas": 1,
        "max_cap_M_m3_per_d": 37.2,
        "max_power_MW": 38.34752021041664,
        "max_pressure_bar": 94.70588235294117,
        "num_turb": 3,
        "year_start": null,
        "nuts3": "LT011",
        "turbine_fuel_isGas_1": 1,
        "turbine_fuel_isGas_2": 1,
        "turbine_fuel_isGas_3": 1,
        "turbine_fuel_isGas_4": 1,
        "turbine_fuel_isGas_5": 1,
        "turbine_fuel_isGas_6": 1,
        "turbine_power_1_MW": 11.8,
        "turbine_power_2_MW": 11.8,
        "turbine_power_3_MW": 12.547826086956523,
        "turbine_power_4_MW": 0.0,
        "turbine_power_5_MW": 0.0,
        "turbine_power_6_MW": 0.0,
        "turbine_power_7_MW": null,
        "turbine_power_8_MW": null,
        "turbine_power_9_MW": null
      },
      "geometry": {
        "type": "Point",
        "coordinates": [
          24.85407,
          54.9487
        ]
      }
    },
    {
      "type": "Feature",
      "properties": {
        "id": "INET_CO_99",
        "name": "Jeleniow",
        "node_start": "SEQ_11208_p",
        "node_end": "SEQ_11208_p",
        "tags": {},
        "year_end": null,
        "is_H_gas": 1,
        "max_cap_M_m3_per_d": 37.2,
        "max_power_MW": 38.34752021041664,
        "max_pressure_bar": 94.70588235294117,
        "num_turb": 3,
        "year_start": null,
        "nuts3": "PL517",
        "turbine_fuel_isGas_1": 1,
        "turbine_fuel_isGas_2": 1,
        "turbine_fuel_isGas_3": 1,
        "turbine_fuel_isGas_4": 1,
        "turbine_fuel_isGas_5": 1,
        "turbine_fuel_isGas_6": 1,
        "turbine_power_1_MW": 11.8,
        "turbine_power_2_MW": 11.8,
        "turbine_power_3_MW": 12.547826086956523,
        "turbine_power_4_MW": 0.0,
        "turbine_power_5_MW": 0.0,
        "turbine_power_6_MW": 0.0,
        "turbine_power_7_MW": null,
        "turbine_power_8_MW": null,
        "turbine_power_9_MW": null
      },
      "geometry": {
        "type": "Point",
        "coordinates": [
          16.31449,
          50.45106
        ]
      }
    },
    {
      "type": "Feature",
      "properties": {
        "id": "INET_CO_100",
        "name": "Jupa",
        "node_start": "SEQ_8235_p",
        "node_end": "SEQ_8235_p",
        "tags": {},
        "year_end": null,
        "is_H_gas": 1,
        "max_cap_M_m3_per_d": 37.2,
        "max_power_MW": 38.34752021041664,
        "max_pressure_bar": 94.70588235294117,
        "num_turb": 3,
        "year_start": 2019.0,
        "nuts3": "RO422",
        "turbine_fuel_isGas_1": 1,
        "turbine_fuel_isGas_2": 1,
        "turbine_fuel_isGas_3": 1,
        "turbine_fuel_isGas_4": 1,
        "turbine_fuel_isGas_5": 1,
        "turbine_fuel_isGas_6": 1,
        "turbine_power_1_MW": 11.8,
        "turbine_power_2_MW": 11.8,
        "turbine_power_3_MW": 12.547826086956523,
        "turbine_power_4_MW": 0.0,
        "turbine_power_5_MW": 0.0,
        "turbine_power_6_MW": 0.0,
        "turbine_power_7_MW": null,
        "turbine_power_8_MW": null,
        "turbine_power_9_MW": null
      },
      "geometry": {
        "type": "Point",
        "coordinates": [
          22.26146,
          45.48367
        ]
      }
    },
    {
      "type": "Feature",
      "properties": {
        "id": "INET_CO_101",
        "name": "Kardam",
        "node_start": "N_713_S_LMGN",
        "node_end": "N_713_S_LMGN",
        "tags": {},
        "year_end": null,
        "is_H_gas": 1,
        "max_cap_M_m3_per_d": 37.2,
        "max_power_MW": 38.34752021041664,
        "max_pressure_bar": 94.70588235294117,
        "num_turb": 3,
        "year_start": null,
        "nuts3": "BG332",
        "turbine_fuel_isGas_1": 1,
        "turbine_fuel_isGas_2": 1,
        "turbine_fuel_isGas_3": 1,
        "turbine_fuel_isGas_4": 1,
        "turbine_fuel_isGas_5": 1,
        "turbine_fuel_isGas_6": 1,
        "turbine_power_1_MW": 11.8,
        "turbine_power_2_MW": 11.8,
        "turbine_power_3_MW": 12.547826086956523,
        "turbine_power_4_MW": 0.0,
        "turbine_power_5_MW": 0.0,
        "turbine_power_6_MW": 0.0,
        "turbine_power_7_MW": null,
        "turbine_power_8_MW": null,
        "turbine_power_9_MW": null
      },
      "geometry": {
        "type": "Point",
        "coordinates": [
          27.96951,
          43.77018
        ]
      }
    },
    {
      "type": "Feature",
      "properties": {
        "id": "INET_CO_102",
        "name": "Kasachya",
        "node_start": "N_168_L_LMGN",
        "node_end": "N_168_L_LMGN",
        "tags": {},
        "year_end": null,
        "is_H_gas": 1,
        "max_cap_M_m3_per_d": 25.7122206770142,
        "max_power_MW": 38.34752021041664,
        "max_pressure_bar": 94.70588235294117,
        "num_turb": 3,
        "year_start": null,
        "nuts3": null,
        "turbine_fuel_isGas_1": 1,
        "turbine_fuel_isGas_2": 1,
        "turbine_fuel_isGas_3": 1,
        "turbine_fuel_isGas_4": 1,
        "turbine_fuel_isGas_5": 1,
        "turbine_fuel_isGas_6": 1,
        "turbine_power_1_MW": 11.8,
        "turbine_power_2_MW": 11.8,
        "turbine_power_3_MW": 12.547826086956523,
        "turbine_power_4_MW": 0.0,
        "turbine_power_5_MW": 0.0,
        "turbine_power_6_MW": 0.0,
        "turbine_power_7_MW": null,
        "turbine_power_8_MW": null,
        "turbine_power_9_MW": null
      },
      "geometry": {
        "type": "Point",
        "coordinates": [
          36.24971,
          49.52788
        ]
      }
    },
    {
      "type": "Feature",
      "properties": {
        "id": "INET_CO_103",
        "name": "Kidricevo",
        "node_start": "SEQ_923__L_LMGN",
        "node_end": "SEQ_923__L_LMGN",
        "tags": {},
        "year_end": null,
        "is_H_gas": 1,
        "max_cap_M_m3_per_d": 31.71037227718207,
        "max_power_MW": 38.34752021041664,
        "max_pressure_bar": 94.70588235294117,
        "num_turb": 3,
        "year_start": null,
        "nuts3": "SI032",
        "turbine_fuel_isGas_1": 1,
        "turbine_fuel_isGas_2": 1,
        "turbine_fuel_isGas_3": 1,
        "turbine_fuel_isGas_4": 1,
        "turbine_fuel_isGas_5": 1,
        "turbine_fuel_isGas_6": 1,
        "turbine_power_1_MW": 11.8,
        "turbine_power_2_MW": 11.8,
        "turbine_power_3_MW": 12.547826086956523,
        "turbine_power_4_MW": 0.0,
        "turbine_power_5_MW": 0.0,
        "turbine_power_6_MW": 0.0,
        "turbine_power_7_MW": null,
        "turbine_power_8_MW": null,
        "turbine_power_9_MW": null
      },
      "geometry": {
        "type": "Point",
        "coordinates": [
          15.81718,
          46.38856
        ]
      }
    },
    {
      "type": "Feature",
      "properties": {
        "id": "INET_CO_104",
        "name": "Kings",
        "node_start": "SEQ_3179_p",
        "node_end": "SEQ_3179_p",
        "tags": {},
        "year_end": null,
        "is_H_gas": 1,
        "max_cap_M_m3_per_d": 36.58304244748931,
        "max_power_MW": 47.2,
        "max_pressure_bar": 94.70588235294117,
        "num_turb": 4,
        "year_start": 1973.0,
        "nuts3": "UKH16",
        "turbine_fuel_isGas_1": 1,
        "turbine_fuel_isGas_2": 1,
        "turbine_fuel_isGas_3": 1,
        "turbine_fuel_isGas_4": 1,
        "turbine_fuel_isGas_5": 1,
        "turbine_fuel_isGas_6": 1,
        "turbine_power_1_MW": 11.8,
        "turbine_power_2_MW": 11.8,
        "turbine_power_3_MW": 11.8,
        "turbine_power_4_MW": 11.8,
        "turbine_power_5_MW": 0.0,
        "turbine_power_6_MW": 0.0,
        "turbine_power_7_MW": null,
        "turbine_power_8_MW": null,
        "turbine_power_9_MW": null
      },
      "geometry": {
        "type": "Point",
        "coordinates": [
          0.57907,
          52.69164
        ]
      }
    },
    {
      "type": "Feature",
      "properties": {
        "id": "INET_CO_105",
        "name": "Kipoi",
        "node_start": "INET_N_830",
        "node_end": "INET_N_830",
        "tags": {},
        "year_end": null,
        "is_H_gas": 1,
        "max_cap_M_m3_per_d": 28.143417337405854,
        "max_power_MW": 38.34752021041664,
        "max_pressure_bar": 94.70588235294117,
        "num_turb": 3,
        "year_start": null,
        "nuts3": "EL511",
        "turbine_fuel_isGas_1": 1,
        "turbine_fuel_isGas_2": 1,
        "turbine_fuel_isGas_3": 1,
        "turbine_fuel_isGas_4": 1,
        "turbine_fuel_isGas_5": 1,
        "turbine_fuel_isGas_6": 1,
        "turbine_power_1_MW": 11.8,
        "turbine_power_2_MW": 11.8,
        "turbine_power_3_MW": 12.547826086956523,
        "turbine_power_4_MW": 0.0,
        "turbine_power_5_MW": 0.0,
        "turbine_power_6_MW": 0.0,
        "turbine_power_7_MW": null,
        "turbine_power_8_MW": null,
        "turbine_power_9_MW": null
      },
      "geometry": {
        "type": "Point",
        "coordinates": [
          26.307161,
          40.970417
        ]
      }
    },
    {
      "type": "Feature",
      "properties": {
        "id": "INET_CO_106",
        "name": "Kirchberg",
        "node_start": "INET_N_832",
        "node_end": "INET_N_832",
        "tags": {},
        "year_end": null,
        "is_H_gas": 1,
        "max_cap_M_m3_per_d": 41.9976086267326,
        "max_power_MW": 38.34752021041664,
        "max_pressure_bar": 94.70588235294117,
        "num_turb": 3,
        "year_start": null,
        "nuts3": "AT126",
        "turbine_fuel_isGas_1": 1,
        "turbine_fuel_isGas_2": 1,
        "turbine_fuel_isGas_3": 1,
        "turbine_fuel_isGas_4": 1,
        "turbine_fuel_isGas_5": 1,
        "turbine_fuel_isGas_6": 1,
        "turbine_power_1_MW": 11.8,
        "turbine_power_2_MW": 11.8,
        "turbine_power_3_MW": 12.547826086956523,
        "turbine_power_4_MW": 0.0,
        "turbine_power_5_MW": 0.0,
        "turbine_power_6_MW": 0.0,
        "turbine_power_7_MW": null,
        "turbine_power_8_MW": null,
        "turbine_power_9_MW": null
      },
      "geometry": {
        "type": "Point",
        "coordinates": [
          15.897494,
          48.431986
        ]
      }
    },
    {
      "type": "Feature",
      "properties": {
        "id": "INET_CO_107",
        "name": "Kirovograd",
        "node_start": "INET_N_839",
        "node_end": "INET_N_839",
        "tags": {},
        "year_end": null,
        "is_H_gas": 1,
        "max_cap_M_m3_per_d": 49.30941546130005,
        "max_power_MW": 38.34752021041664,
        "max_pressure_bar": 94.70588235294117,
        "num_turb": 3,
        "year_start": null,
        "nuts3": null,
        "turbine_fuel_isGas_1": 1,
        "turbine_fuel_isGas_2": 1,
        "turbine_fuel_isGas_3": 1,
        "turbine_fuel_isGas_4": 1,
        "turbine_fuel_isGas_5": 1,
        "turbine_fuel_isGas_6": 1,
        "turbine_power_1_MW": 11.8,
        "turbine_power_2_MW": 11.8,
        "turbine_power_3_MW": 12.547826086956523,
        "turbine_power_4_MW": 0.0,
        "turbine_power_5_MW": 0.0,
        "turbine_power_6_MW": 0.0,
        "turbine_power_7_MW": null,
        "turbine_power_8_MW": null,
        "turbine_power_9_MW": null
      },
      "geometry": {
        "type": "Point",
        "coordinates": [
          32.368917,
          48.682833
        ]
      }
    },
    {
      "type": "Feature",
      "properties": {
        "id": "INET_CO_108",
        "name": "Kirriemuir",
        "node_start": "SEQ_4389_p",
        "node_end": "SEQ_4389_p",
        "tags": {},
        "year_end": null,
        "is_H_gas": 1,
        "max_cap_M_m3_per_d": 36.58304244748931,
        "max_power_MW": 47.2,
        "max_pressure_bar": 94.70588235294117,
        "num_turb": 4,
        "year_start": 1977.0,
        "nuts3": "UKM71",
        "turbine_fuel_isGas_1": 1,
        "turbine_fuel_isGas_2": 1,
        "turbine_fuel_isGas_3": 1,
        "turbine_fuel_isGas_4": 1,
        "turbine_fuel_isGas_5": 1,
        "turbine_fuel_isGas_6": 1,
        "turbine_power_1_MW": 11.8,
        "turbine_power_2_MW": 11.8,
        "turbine_power_3_MW": 11.8,
        "turbine_power_4_MW": 11.8,
        "turbine_power_5_MW": 0.0,
        "turbine_power_6_MW": 0.0,
        "turbine_power_7_MW": null,
        "turbine_power_8_MW": null,
        "turbine_power_9_MW": null
      },
      "geometry": {
        "type": "Point",
        "coordinates": [
          -2.84204,
          56.6884
        ]
      }
    },
    {
      "type": "Feature",
      "properties": {
        "id": "INET_CO_109",
        "name": "Kobrin",
        "node_start": "INET_N_853",
        "node_end": "INET_N_853",
        "tags": {},
        "year_end": null,
        "is_H_gas": 1,
        "max_cap_M_m3_per_d": 42.662318338966,
        "max_power_MW": 38.34752021041664,
        "max_pressure_bar": 94.70588235294117,
        "num_turb": 3,
        "year_start": null,
        "nuts3": null,
        "turbine_fuel_isGas_1": 1,
        "turbine_fuel_isGas_2": 1,
        "turbine_fuel_isGas_3": 1,
        "turbine_fuel_isGas_4": 1,
        "turbine_fuel_isGas_5": 1,
        "turbine_fuel_isGas_6": 1,
        "turbine_power_1_MW": 11.8,
        "turbine_power_2_MW": 11.8,
        "turbine_power_3_MW": 12.547826086956523,
        "turbine_power_4_MW": 0.0,
        "turbine_power_5_MW": 0.0,
        "turbine_power_6_MW": 0.0,
        "turbine_power_7_MW": null,
        "turbine_power_8_MW": null,
        "turbine_power_9_MW": null
      },
      "geometry": {
        "type": "Point",
        "coordinates": [
          24.358179,
          52.214111
        ]
      }
    },
    {
      "type": "Feature",
      "properties": {
        "id": "INET_CO_110",
        "name": "Kondratki",
        "node_start": "INET_N_856",
        "node_end": "INET_N_856",
        "tags": {},
        "year_end": null,
        "is_H_gas": 1,
        "max_cap_M_m3_per_d": 49.17888343330218,
        "max_power_MW": 38.34752021041664,
        "max_pressure_bar": 94.70588235294117,
        "num_turb": 3,
        "year_start": null,
        "nuts3": "PL841",
        "turbine_fuel_isGas_1": 1,
        "turbine_fuel_isGas_2": 1,
        "turbine_fuel_isGas_3": 1,
        "turbine_fuel_isGas_4": 1,
        "turbine_fuel_isGas_5": 1,
        "turbine_fuel_isGas_6": 1,
        "turbine_power_1_MW": 11.8,
        "turbine_power_2_MW": 11.8,
        "turbine_power_3_MW": 12.547826086956523,
        "turbine_power_4_MW": 0.0,
        "turbine_power_5_MW": 0.0,
        "turbine_power_6_MW": 0.0,
        "turbine_power_7_MW": null,
        "turbine_power_8_MW": null,
        "turbine_power_9_MW": null
      },
      "geometry": {
        "type": "Point",
        "coordinates": [
          23.896413,
          53.01781
        ]
      }
    },
    {
      "type": "Feature",
      "properties": {
        "id": "INET_CO_111",
        "name": "Kouchdiet",
        "node_start": "N_2130_S_LMGN",
        "node_end": "N_2130_S_LMGN",
        "tags": {},
        "year_end": null,
        "is_H_gas": 1,
        "max_cap_M_m3_per_d": 37.2,
        "max_power_MW": 38.34752021041664,
        "max_pressure_bar": 94.70588235294117,
        "num_turb": 3,
        "year_start": null,
        "nuts3": null,
        "turbine_fuel_isGas_1": 1,
        "turbine_fuel_isGas_2": 1,
        "turbine_fuel_isGas_3": 1,
        "turbine_fuel_isGas_4": 1,
        "turbine_fuel_isGas_5": 1,
        "turbine_fuel_isGas_6": 1,
        "turbine_power_1_MW": 11.8,
        "turbine_power_2_MW": 11.8,
        "turbine_power_3_MW": 12.547826086956523,
        "turbine_power_4_MW": 0.0,
        "turbine_power_5_MW": 0.0,
        "turbine_power_6_MW": 0.0,
        "turbine_power_7_MW": null,
        "turbine_power_8_MW": null,
        "turbine_power_9_MW": null
      },
      "geometry": {
        "type": "Point",
        "coordinates": [
          8.18838,
          36.55779
        ]
      }
    },
    {
      "type": "Feature",
      "properties": {
        "id": "INET_CO_112",
        "name": "Kourim",
        "node_start": "SEQ_4361_p",
        "node_end": "SEQ_4361_p",
        "tags": {},
        "year_end": null,
        "is_H_gas": 1,
        "max_cap_M_m3_per_d": 37.2,
        "max_power_MW": 38.34752021041664,
        "max_pressure_bar": 94.70588235294117,
        "num_turb": 3,
        "year_start": null,
        "nuts3": "CZ020",
        "turbine_fuel_isGas_1": 1,
        "turbine_fuel_isGas_2": 1,
        "turbine_fuel_isGas_3": 1,
        "turbine_fuel_isGas_4": 1,
        "turbine_fuel_isGas_5": 1,
        "turbine_fuel_isGas_6": 1,
        "turbine_power_1_MW": 11.8,
        "turbine_power_2_MW": 11.8,
        "turbine_power_3_MW": 12.547826086956523,
        "turbine_power_4_MW": 0.0,
        "turbine_power_5_MW": 0.0,
        "turbine_power_6_MW": 0.0,
        "turbine_power_7_MW": null,
        "turbine_power_8_MW": null,
        "turbine_power_9_MW": null
      },
      "geometry": {
        "type": "Point",
        "coordinates": [
          14.89987,
          50.04827
        ]
      }
    },
    {
      "type": "Feature",
      "properties": {
        "id": "INET_CO_113",
        "name": "Kouvola",
        "node_start": "N_120_M_LMGN",
        "node_end": "N_120_M_LMGN",
        "tags": {},
        "year_end": null,
        "is_H_gas": 1,
        "max_cap_M_m3_per_d": 37.2,
        "max_power_MW": 38.34752021041664,
        "max_pressure_bar": 94.70588235294117,
        "num_turb": 3,
        "year_start": null,
        "nuts3": "FI1C4",
        "turbine_fuel_isGas_1": 1,
        "turbine_fuel_isGas_2": 1,
        "turbine_fuel_isGas_3": 1,
        "turbine_fuel_isGas_4": 1,
        "turbine_fuel_isGas_5": 1,
        "turbine_fuel_isGas_6": 1,
        "turbine_power_1_MW": 11.8,
        "turbine_power_2_MW": 11.8,
        "turbine_power_3_MW": 12.547826086956523,
        "turbine_power_4_MW": 0.0,
        "turbine_power_5_MW": 0.0,
        "turbine_power_6_MW": 0.0,
        "turbine_power_7_MW": null,
        "turbine_power_8_MW": null,
        "turbine_power_9_MW": null
      },
      "geometry": {
        "type": "Point",
        "coordinates": [
          26.84281,
          60.90546
        ]
      }
    },
    {
      "type": "Feature",
      "properties": {
        "id": "INET_CO_114",
        "name": "Krsilov",
        "node_start": "SEQ_4861_p",
        "node_end": "SEQ_4861_p",
        "tags": {},
        "year_end": null,
        "is_H_gas": 1,
        "max_cap_M_m3_per_d": 37.2,
        "max_power_MW": 38.34752021041664,
        "max_pressure_bar": 94.70588235294117,
        "num_turb": 3,
        "year_start": null,
        "nuts3": null,
        "turbine_fuel_isGas_1": 1,
        "turbine_fuel_isGas_2": 1,
        "turbine_fuel_isGas_3": 1,
        "turbine_fuel_isGas_4": 1,
        "turbine_fuel_isGas_5": 1,
        "turbine_fuel_isGas_6": 1,
        "turbine_power_1_MW": 11.8,
        "turbine_power_2_MW": 11.8,
        "turbine_power_3_MW": 12.547826086956523,
        "turbine_power_4_MW": 0.0,
        "turbine_power_5_MW": 0.0,
        "turbine_power_6_MW": 0.0,
        "turbine_power_7_MW": null,
        "turbine_power_8_MW": null,
        "turbine_power_9_MW": null
      },
      "geometry": {
        "type": "Point",
        "coordinates": [
          27.05731,
          49.71893
        ]
      }
    },
    {
      "type": "Feature",
      "properties": {
        "id": "INET_CO_115",
        "name": "Krummhoern",
        "node_start": "SEQ_13279_p",
        "node_end": "SEQ_13279_p",
        "tags": {},
        "year_end": null,
        "is_H_gas": 1,
        "max_cap_M_m3_per_d": 32.82806957891663,
        "max_power_MW": 39.0,
        "max_pressure_bar": 100.0,
        "num_turb": 4,
        "year_start": null,
        "nuts3": "DE942",
        "turbine_fuel_isGas_1": 0,
        "turbine_fuel_isGas_2": 0,
        "turbine_fuel_isGas_3": 1,
        "turbine_fuel_isGas_4": 1,
        "turbine_fuel_isGas_5": 1,
        "turbine_fuel_isGas_6": 1,
        "turbine_power_1_MW": 13.0,
        "turbine_power_2_MW": 13.0,
        "turbine_power_3_MW": 13.0,
        "turbine_power_4_MW": 13.0,
        "turbine_power_5_MW": 0.0,
        "turbine_power_6_MW": 0.0,
        "turbine_power_7_MW": null,
        "turbine_power_8_MW": null,
        "turbine_power_9_MW": null
      },
      "geometry": {
        "type": "Point",
        "coordinates": [
          7.023179,
          53.353273
        ]
      }
    },
    {
      "type": "Feature",
      "properties": {
        "id": "INET_CO_116",
        "name": "Krupki",
        "node_start": "SEQ_4380_p",
        "node_end": "SEQ_4380_p",
        "tags": {},
        "year_end": null,
        "is_H_gas": 1,
        "max_cap_M_m3_per_d": 37.2,
        "max_power_MW": 38.34752021041664,
        "max_pressure_bar": 94.70588235294117,
        "num_turb": 3,
        "year_start": null,
        "nuts3": null,
        "turbine_fuel_isGas_1": 1,
        "turbine_fuel_isGas_2": 1,
        "turbine_fuel_isGas_3": 1,
        "turbine_fuel_isGas_4": 1,
        "turbine_fuel_isGas_5": 1,
        "turbine_fuel_isGas_6": 1,
        "turbine_power_1_MW": 11.8,
        "turbine_power_2_MW": 11.8,
        "turbine_power_3_MW": 12.547826086956523,
        "turbine_power_4_MW": 0.0,
        "turbine_power_5_MW": 0.0,
        "turbine_power_6_MW": 0.0,
        "turbine_power_7_MW": null,
        "turbine_power_8_MW": null,
        "turbine_power_9_MW": null
      },
      "geometry": {
        "type": "Point",
        "coordinates": [
          29.05624,
          54.41249
        ]
      }
    },
    {
      "type": "Feature",
      "properties": {
        "id": "INET_CO_117",
        "name": "La Begude De Mazenc",
        "node_start": "SEQ_1281_p",
        "node_end": "SEQ_1281_p",
        "tags": {},
        "year_end": null,
        "is_H_gas": 1,
        "max_cap_M_m3_per_d": 22.388672115847182,
        "max_power_MW": 38.34752021041664,
        "max_pressure_bar": 94.70588235294117,
        "num_turb": 3,
        "year_start": null,
        "nuts3": "FRK23",
        "turbine_fuel_isGas_1": 1,
        "turbine_fuel_isGas_2": 1,
        "turbine_fuel_isGas_3": 1,
        "turbine_fuel_isGas_4": 1,
        "turbine_fuel_isGas_5": 1,
        "turbine_fuel_isGas_6": 1,
        "turbine_power_1_MW": 11.8,
        "turbine_power_2_MW": 11.8,
        "turbine_power_3_MW": 12.547826086956523,
        "turbine_power_4_MW": 0.0,
        "turbine_power_5_MW": 0.0,
        "turbine_power_6_MW": 0.0,
        "turbine_power_7_MW": null,
        "turbine_power_8_MW": null,
        "turbine_power_9_MW": null
      },
      "geometry": {
        "type": "Point",
        "coordinates": [
          4.86867,
          44.50072
        ]
      }
    },
    {
      "type": "Feature",
      "properties": {
        "id": "INET_CO_118",
        "name": "Lacq",
        "node_start": "SEQ_9064_p",
        "node_end": "SEQ_9064_p",
        "tags": {},
        "year_end": null,
        "is_H_gas": 1,
        "max_cap_M_m3_per_d": 37.2,
        "max_power_MW": 38.34752021041664,
        "max_pressure_bar": 94.70588235294117,
        "num_turb": 3,
        "year_start": null,
        "nuts3": "FRI15",
        "turbine_fuel_isGas_1": 1,
        "turbine_fuel_isGas_2": 1,
        "turbine_fuel_isGas_3": 1,
        "turbine_fuel_isGas_4": 1,
        "turbine_fuel_isGas_5": 1,
        "turbine_fuel_isGas_6": 1,
        "turbine_power_1_MW": 11.8,
        "turbine_power_2_MW": 11.8,
        "turbine_power_3_MW": 12.547826086956523,
        "turbine_power_4_MW": 0.0,
        "turbine_power_5_MW": 0.0,
        "turbine_power_6_MW": 0.0,
        "turbine_power_7_MW": null,
        "turbine_power_8_MW": null,
        "turbine_power_9_MW": null
      },
      "geometry": {
        "type": "Point",
        "coordinates": [
          -0.68861,
          43.46863
        ]
      }
    },
    {
      "type": "Feature",
      "properties": {
        "id": "INET_CO_119",
        "name": "Laneuvelotte",
        "node_start": "INET_N_910",
        "node_end": "INET_N_910",
        "tags": {},
        "year_end": null,
        "is_H_gas": 1,
        "max_cap_M_m3_per_d": 37.2,
        "max_power_MW": 38.34752021041664,
        "max_pressure_bar": 94.70588235294117,
        "num_turb": 3,
        "year_start": null,
        "nuts3": "FRF31",
        "turbine_fuel_isGas_1": 1,
        "turbine_fuel_isGas_2": 1,
        "turbine_fuel_isGas_3": 1,
        "turbine_fuel_isGas_4": 1,
        "turbine_fuel_isGas_5": 1,
        "turbine_fuel_isGas_6": 1,
        "turbine_power_1_MW": 11.8,
        "turbine_power_2_MW": 11.8,
        "turbine_power_3_MW": 12.547826086956523,
        "turbine_power_4_MW": 0.0,
        "turbine_power_5_MW": 0.0,
        "turbine_power_6_MW": 0.0,
        "turbine_power_7_MW": null,
        "turbine_power_8_MW": null,
        "turbine_power_9_MW": null
      },
      "geometry": {
        "type": "Point",
        "coordinates": [
          6.295,
          48.7289
        ]
      }
    },
    {
      "type": "Feature",
      "properties": {
        "id": "INET_CO_120",
        "name": "Lanzhot",
        "node_start": "INET_N_1672",
        "node_end": "INET_N_1672",
        "tags": {},
        "year_end": null,
        "is_H_gas": 1,
        "max_cap_M_m3_per_d": 37.2,
        "max_power_MW": 38.34752021041664,
        "max_pressure_bar": 94.70588235294117,
        "num_turb": 3,
        "year_start": null,
        "nuts3": "CZ064",
        "turbine_fuel_isGas_1": 1,
        "turbine_fuel_isGas_2": 1,
        "turbine_fuel_isGas_3": 1,
        "turbine_fuel_isGas_4": 1,
        "turbine_fuel_isGas_5": 1,
        "turbine_fuel_isGas_6": 1,
        "turbine_power_1_MW": 11.8,
        "turbine_power_2_MW": 11.8,
        "turbine_power_3_MW": 12.547826086956523,
        "turbine_power_4_MW": 0.0,
        "turbine_power_5_MW": 0.0,
        "turbine_power_6_MW": 0.0,
        "turbine_power_7_MW": null,
        "turbine_power_8_MW": null,
        "turbine_power_9_MW": null
      },
      "geometry": {
        "type": "Point",
        "coordinates": [
          16.936667,
          48.780688
        ]
      }
    },
    {
      "type": "Feature",
      "properties": {
        "id": "INET_CO_121",
        "name": "Lippe",
        "node_start": "SEQ_11452_p",
        "node_end": "SEQ_11452_p",
        "tags": {},
        "year_end": null,
        "is_H_gas": 1,
        "max_cap_M_m3_per_d": 27.6,
        "max_power_MW": 40.8,
        "max_pressure_bar": 100.0,
        "num_turb": 3,
        "year_start": 2006.0,
        "nuts3": "DEA41",
        "turbine_fuel_isGas_1": 1,
        "turbine_fuel_isGas_2": 1,
        "turbine_fuel_isGas_3": 1,
        "turbine_fuel_isGas_4": 1,
        "turbine_fuel_isGas_5": 1,
        "turbine_fuel_isGas_6": 1,
        "turbine_power_1_MW": 12.9,
        "turbine_power_2_MW": 12.9,
        "turbine_power_3_MW": 15.0,
        "turbine_power_4_MW": 0.0,
        "turbine_power_5_MW": 0.0,
        "turbine_power_6_MW": 0.0,
        "turbine_power_7_MW": null,
        "turbine_power_8_MW": null,
        "turbine_power_9_MW": null
      },
      "geometry": {
        "type": "Point",
        "coordinates": [
          8.61882,
          52.07103
        ]
      }
    },
    {
      "type": "Feature",
      "properties": {
        "id": "INET_CO_122",
        "name": "Lockerley",
        "node_start": "INET_N_973",
        "node_end": "INET_N_973",
        "tags": {},
        "year_end": null,
        "is_H_gas": 1,
        "max_cap_M_m3_per_d": 32.02696294323154,
        "max_power_MW": 38.34752021041664,
        "max_pressure_bar": 94.70588235294117,
        "num_turb": 3,
        "year_start": null,
        "nuts3": "UKJ36",
        "turbine_fuel_isGas_1": 1,
        "turbine_fuel_isGas_2": 1,
        "turbine_fuel_isGas_3": 1,
        "turbine_fuel_isGas_4": 1,
        "turbine_fuel_isGas_5": 1,
        "turbine_fuel_isGas_6": 1,
        "turbine_power_1_MW": 11.8,
        "turbine_power_2_MW": 11.8,
        "turbine_power_3_MW": 12.547826086956523,
        "turbine_power_4_MW": 0.0,
        "turbine_power_5_MW": 0.0,
        "turbine_power_6_MW": 0.0,
        "turbine_power_7_MW": null,
        "turbine_power_8_MW": null,
        "turbine_power_9_MW": null
      },
      "geometry": {
        "type": "Point",
        "coordinates": [
          -1.570799,
          51.024033
        ]
      }
    },
    {
      "type": "Feature",
      "properties": {
        "id": "INET_CO_123",
        "name": "Lozenets",
        "node_start": "SEQ_1558_p",
        "node_end": "SEQ_1558_p",
        "tags": {},
        "year_end": null,
        "is_H_gas": 1,
        "max_cap_M_m3_per_d": 37.2,
        "max_power_MW": 38.34752021041664,
        "max_pressure_bar": 94.70588235294117,
        "num_turb": 3,
        "year_start": null,
        "nuts3": "BG343",
        "turbine_fuel_isGas_1": 1,
        "turbine_fuel_isGas_2": 1,
        "turbine_fuel_isGas_3": 1,
        "turbine_fuel_isGas_4": 1,
        "turbine_fuel_isGas_5": 1,
        "turbine_fuel_isGas_6": 1,
        "turbine_power_1_MW": 11.8,
        "turbine_power_2_MW": 11.8,
        "turbine_power_3_MW": 12.547826086956523,
        "turbine_power_4_MW": 0.0,
        "turbine_power_5_MW": 0.0,
        "turbine_power_6_MW": 0.0,
        "turbine_power_7_MW": null,
        "turbine_power_8_MW": null,
        "turbine_power_9_MW": null
      },
      "geometry": {
        "type": "Point",
        "coordinates": [
          26.73211,
          42.64512
        ]
      }
    },
    {
      "type": "Feature",
      "properties": {
        "id": "INET_CO_124",
        "name": "Lubmin",
        "node_start": "INET_N_984",
        "node_end": "INET_N_984",
        "tags": {},
        "year_end": null,
        "is_H_gas": 1,
        "max_cap_M_m3_per_d": 84.51670672981896,
        "max_power_MW": 76.0,
        "max_pressure_bar": 105.0,
        "num_turb": 3,
        "year_start": null,
        "nuts3": "DE80N",
        "turbine_fuel_isGas_1": 1,
        "turbine_fuel_isGas_2": 1,
        "turbine_fuel_isGas_3": 1,
        "turbine_fuel_isGas_4": 1,
        "turbine_fuel_isGas_5": 1,
        "turbine_fuel_isGas_6": 1,
        "turbine_power_1_MW": 11.8,
        "turbine_power_2_MW": 11.8,
        "turbine_power_3_MW": 12.547826086956523,
        "turbine_power_4_MW": 0.0,
        "turbine_power_5_MW": 0.0,
        "turbine_power_6_MW": 0.0,
        "turbine_power_7_MW": null,
        "turbine_power_8_MW": null,
        "turbine_power_9_MW": null
      },
      "geometry": {
        "type": "Point",
        "coordinates": [
          13.655607,
          54.151055
        ]
      }
    },
    {
      "type": "Feature",
      "properties": {
        "id": "INET_CO_125",
        "name": "Lussagnet",
        "node_start": "INET_N_993",
        "node_end": "INET_N_993",
        "tags": {},
        "year_end": null,
        "is_H_gas": 1,
        "max_cap_M_m3_per_d": 37.2,
        "max_power_MW": 38.34752021041664,
        "max_pressure_bar": 94.70588235294117,
        "num_turb": 3,
        "year_start": null,
        "nuts3": "FRI13",
        "turbine_fuel_isGas_1": 1,
        "turbine_fuel_isGas_2": 1,
        "turbine_fuel_isGas_3": 1,
        "turbine_fuel_isGas_4": 1,
        "turbine_fuel_isGas_5": 1,
        "turbine_fuel_isGas_6": 1,
        "turbine_power_1_MW": 11.8,
        "turbine_power_2_MW": 11.8,
        "turbine_power_3_MW": 12.547826086956523,
        "turbine_power_4_MW": 0.0,
        "turbine_power_5_MW": 0.0,
        "turbine_power_6_MW": 0.0,
        "turbine_power_7_MW": null,
        "turbine_power_8_MW": null,
        "turbine_power_9_MW": null
      },
      "geometry": {
        "type": "Point",
        "coordinates": [
          -0.220066,
          43.780448
        ]
      }
    },
    {
      "type": "Feature",
      "properties": {
        "id": "INET_CO_126",
        "name": "Malbroghetto",
        "node_start": "INET_N_1010",
        "node_end": "INET_N_1010",
        "tags": {},
        "year_end": null,
        "is_H_gas": 1,
        "max_cap_M_m3_per_d": 42.62908285335433,
        "max_power_MW": 38.34752021041664,
        "max_pressure_bar": 94.70588235294117,
        "num_turb": 3,
        "year_start": null,
        "nuts3": "ITH42",
        "turbine_fuel_isGas_1": 1,
        "turbine_fuel_isGas_2": 1,
        "turbine_fuel_isGas_3": 1,
        "turbine_fuel_isGas_4": 1,
        "turbine_fuel_isGas_5": 1,
        "turbine_fuel_isGas_6": 1,
        "turbine_power_1_MW": 11.8,
        "turbine_power_2_MW": 11.8,
        "turbine_power_3_MW": 12.547826086956523,
        "turbine_power_4_MW": 0.0,
        "turbine_power_5_MW": 0.0,
        "turbine_power_6_MW": 0.0,
        "turbine_power_7_MW": null,
        "turbine_power_8_MW": null,
        "turbine_power_9_MW": null
      },
      "geometry": {
        "type": "Point",
        "coordinates": [
          13.416054,
          46.503733
        ]
      }
    },
    {
      "type": "Feature",
      "properties": {
        "id": "INET_CO_127",
        "name": "Malkoclar",
        "node_start": "SEQ_1201_p",
        "node_end": "SEQ_1201_p",
        "tags": {},
        "year_end": null,
        "is_H_gas": 1,
        "max_cap_M_m3_per_d": 22.388672115847182,
        "max_power_MW": 38.34752021041664,
        "max_pressure_bar": 94.70588235294117,
        "num_turb": 3,
        "year_start": null,
        "nuts3": "TR213",
        "turbine_fuel_isGas_1": 1,
        "turbine_fuel_isGas_2": 1,
        "turbine_fuel_isGas_3": 1,
        "turbine_fuel_isGas_4": 1,
        "turbine_fuel_isGas_5": 1,
        "turbine_fuel_isGas_6": 1,
        "turbine_power_1_MW": 11.8,
        "turbine_power_2_MW": 11.8,
        "turbine_power_3_MW": 12.547826086956523,
        "turbine_power_4_MW": 0.0,
        "turbine_power_5_MW": 0.0,
        "turbine_power_6_MW": 0.0,
        "turbine_power_7_MW": null,
        "turbine_power_8_MW": null,
        "turbine_power_9_MW": null
      },
      "geometry": {
        "type": "Point",
        "coordinates": [
          27.02768,
          42.04342
        ]
      }
    },
    {
      "type": "Feature",
      "properties": {
        "id": "INET_CO_128",
        "name": "Mallnow",
        "node_start": "INET_N_933",
        "node_end": "INET_N_933",
        "tags": {},
        "year_end": null,
        "is_H_gas": 1,
        "max_cap_M_m3_per_d": 80.16,
        "max_power_MW": 96.2,
        "max_pressure_bar": 100.0,
        "num_turb": 4,
        "year_start": 1996.0,
        "nuts3": "DE409",
        "turbine_fuel_isGas_1": 1,
        "turbine_fuel_isGas_2": 1,
        "turbine_fuel_isGas_3": 1,
        "turbine_fuel_isGas_4": 1,
        "turbine_fuel_isGas_5": 1,
        "turbine_fuel_isGas_6": 1,
        "turbine_power_1_MW": 25.4,
        "turbine_power_2_MW": 25.4,
        "turbine_power_3_MW": 25.4,
        "turbine_power_4_MW": 20.0,
        "turbine_power_5_MW": 0.0,
        "turbine_power_6_MW": 0.0,
        "turbine_power_7_MW": null,
        "turbine_power_8_MW": null,
        "turbine_power_9_MW": null
      },
      "geometry": {
        "type": "Point",
        "coordinates": [
          14.543,
          52.427
        ]
      }
    },
    {
      "type": "Feature",
      "properties": {
        "id": "INET_CO_129",
        "name": "Mantsala",
        "node_start": "INET_N_1019",
        "node_end": "INET_N_1019",
        "tags": {},
        "year_end": null,
        "is_H_gas": 1,
        "max_cap_M_m3_per_d": 37.2,
        "max_power_MW": 38.34752021041664,
        "max_pressure_bar": 94.70588235294117,
        "num_turb": 3,
        "year_start": null,
        "nuts3": "FI1B1",
        "turbine_fuel_isGas_1": 1,
        "turbine_fuel_isGas_2": 1,
        "turbine_fuel_isGas_3": 1,
        "turbine_fuel_isGas_4": 1,
        "turbine_fuel_isGas_5": 1,
        "turbine_fuel_isGas_6": 1,
        "turbine_power_1_MW": 11.8,
        "turbine_power_2_MW": 11.8,
        "turbine_power_3_MW": 12.547826086956523,
        "turbine_power_4_MW": 0.0,
        "turbine_power_5_MW": 0.0,
        "turbine_power_6_MW": 0.0,
        "turbine_power_7_MW": null,
        "turbine_power_8_MW": null,
        "turbine_power_9_MW": null
      },
      "geometry": {
        "type": "Point",
        "coordinates": [
          25.283605,
          60.663858
        ]
      }
    },
    {
      "type": "Feature",
      "properties": {
        "id": "INET_CO_130",
        "name": "Marais Vernier",
        "node_start": "SEQ_14_p",
        "node_end": "SEQ_14_p",
        "tags": {},
        "year_end": null,
        "is_H_gas": 1,
        "max_cap_M_m3_per_d": 22.388672115847182,
        "max_power_MW": 38.34752021041664,
        "max_pressure_bar": 94.70588235294117,
        "num_turb": 3,
        "year_start": null,
        "nuts3": "FRD21",
        "turbine_fuel_isGas_1": 1,
        "turbine_fuel_isGas_2": 1,
        "turbine_fuel_isGas_3": 1,
        "turbine_fuel_isGas_4": 1,
        "turbine_fuel_isGas_5": 1,
        "turbine_fuel_isGas_6": 1,
        "turbine_power_1_MW": 11.8,
        "turbine_power_2_MW": 11.8,
        "turbine_power_3_MW": 12.547826086956523,
        "turbine_power_4_MW": 0.0,
        "turbine_power_5_MW": 0.0,
        "turbine_power_6_MW": 0.0,
        "turbine_power_7_MW": null,
        "turbine_power_8_MW": null,
        "turbine_power_9_MW": null
      },
      "geometry": {
        "type": "Point",
        "coordinates": [
          0.40896,
          49.42052
        ]
      }
    },
    {
      "type": "Feature",
      "properties": {
        "id": "INET_CO_131",
        "name": "Melizzano",
        "node_start": "N_65_L_LMGN",
        "node_end": "N_65_L_LMGN",
        "tags": {},
        "year_end": null,
        "is_H_gas": 1,
        "max_cap_M_m3_per_d": 42.62908285335433,
        "max_power_MW": 38.34752021041664,
        "max_pressure_bar": 94.70588235294117,
        "num_turb": 3,
        "year_start": null,
        "nuts3": "ITF32",
        "turbine_fuel_isGas_1": 1,
        "turbine_fuel_isGas_2": 1,
        "turbine_fuel_isGas_3": 1,
        "turbine_fuel_isGas_4": 1,
        "turbine_fuel_isGas_5": 1,
        "turbine_fuel_isGas_6": 1,
        "turbine_power_1_MW": 11.8,
        "turbine_power_2_MW": 11.8,
        "turbine_power_3_MW": 12.547826086956523,
        "turbine_power_4_MW": 0.0,
        "turbine_power_5_MW": 0.0,
        "turbine_power_6_MW": 0.0,
        "turbine_power_7_MW": null,
        "turbine_power_8_MW": null,
        "turbine_power_9_MW": null
      },
      "geometry": {
        "type": "Point",
        "coordinates": [
          14.50144,
          41.15062
        ]
      }
    },
    {
      "type": "Feature",
      "properties": {
        "id": "INET_CO_132",
        "name": "Mellitah",
        "node_start": "SEQ_6019_p",
        "node_end": "SEQ_6019_p",
        "tags": {},
        "year_end": null,
        "is_H_gas": 1,
        "max_cap_M_m3_per_d": 37.2,
        "max_power_MW": 38.34752021041664,
        "max_pressure_bar": 94.70588235294117,
        "num_turb": 3,
        "year_start": null,
        "nuts3": null,
        "turbine_fuel_isGas_1": 1,
        "turbine_fuel_isGas_2": 1,
        "turbine_fuel_isGas_3": 1,
        "turbine_fuel_isGas_4": 1,
        "turbine_fuel_isGas_5": 1,
        "turbine_fuel_isGas_6": 1,
        "turbine_power_1_MW": 11.8,
        "turbine_power_2_MW": 11.8,
        "turbine_power_3_MW": 12.547826086956523,
        "turbine_power_4_MW": 0.0,
        "turbine_power_5_MW": 0.0,
        "turbine_power_6_MW": 0.0,
        "turbine_power_7_MW": null,
        "turbine_power_8_MW": null,
        "turbine_power_9_MW": null
      },
      "geometry": {
        "type": "Point",
        "coordinates": [
          12.55633,
          32.32657
        ]
      }
    },
    {
      "type": "Feature",
      "properties": {
        "id": "INET_CO_133",
        "name": "Mery Sur Cher",
        "node_start": "SEQ_2702_p",
        "node_end": "SEQ_2702_p",
        "tags": {},
        "year_end": null,
        "is_H_gas": 1,
        "max_cap_M_m3_per_d": 37.2,
        "max_power_MW": 38.34752021041664,
        "max_pressure_bar": 94.70588235294117,
        "num_turb": 3,
        "year_start": null,
        "nuts3": "FRB05",
        "turbine_fuel_isGas_1": 1,
        "turbine_fuel_isGas_2": 1,
        "turbine_fuel_isGas_3": 1,
        "turbine_fuel_isGas_4": 1,
        "turbine_fuel_isGas_5": 1,
        "turbine_fuel_isGas_6": 1,
        "turbine_power_1_MW": 11.8,
        "turbine_power_2_MW": 11.8,
        "turbine_power_3_MW": 12.547826086956523,
        "turbine_power_4_MW": 0.0,
        "turbine_power_5_MW": 0.0,
        "turbine_power_6_MW": 0.0,
        "turbine_power_7_MW": null,
        "turbine_power_8_MW": null,
        "turbine_power_9_MW": null
      },
      "geometry": {
        "type": "Point",
        "coordinates": [
          1.86094,
          47.22989
        ]
      }
    },
    {
      "type": "Feature",
      "properties": {
        "id": "INET_CO_134",
        "name": "Messina",
        "node_start": "INET_N_1062",
        "node_end": "INET_N_1062",
        "tags": {},
        "year_end": null,
        "is_H_gas": 1,
        "max_cap_M_m3_per_d": 18.998652583456824,
        "max_power_MW": 38.34752021041664,
        "max_pressure_bar": 94.70588235294117,
        "num_turb": 3,
        "year_start": null,
        "nuts3": "ITG13",
        "turbine_fuel_isGas_1": 1,
        "turbine_fuel_isGas_2": 1,
        "turbine_fuel_isGas_3": 1,
        "turbine_fuel_isGas_4": 1,
        "turbine_fuel_isGas_5": 1,
        "turbine_fuel_isGas_6": 1,
        "turbine_power_1_MW": 11.8,
        "turbine_power_2_MW": 11.8,
        "turbine_power_3_MW": 12.547826086956523,
        "turbine_power_4_MW": 0.0,
        "turbine_power_5_MW": 0.0,
        "turbine_power_6_MW": 0.0,
        "turbine_power_7_MW": null,
        "turbine_power_8_MW": null,
        "turbine_power_9_MW": null
      },
      "geometry": {
        "type": "Point",
        "coordinates": [
          15.58877,
          38.272079
        ]
      }
    },
    {
      "type": "Feature",
      "properties": {
        "id": "INET_CO_135",
        "name": "Midleton",
        "node_start": "N_42_S_LMGN",
        "node_end": "N_42_S_LMGN",
        "tags": {},
        "year_end": null,
        "is_H_gas": 1,
        "max_cap_M_m3_per_d": 37.2,
        "max_power_MW": 38.34752021041664,
        "max_pressure_bar": 94.70588235294117,
        "num_turb": 3,
        "year_start": null,
        "nuts3": "IE053",
        "turbine_fuel_isGas_1": 1,
        "turbine_fuel_isGas_2": 1,
        "turbine_fuel_isGas_3": 1,
        "turbine_fuel_isGas_4": 1,
        "turbine_fuel_isGas_5": 1,
        "turbine_fuel_isGas_6": 1,
        "turbine_power_1_MW": 11.8,
        "turbine_power_2_MW": 11.8,
        "turbine_power_3_MW": 12.547826086956523,
        "turbine_power_4_MW": 0.0,
        "turbine_power_5_MW": 0.0,
        "turbine_power_6_MW": 0.0,
        "turbine_power_7_MW": null,
        "turbine_power_8_MW": null,
        "turbine_power_9_MW": null
      },
      "geometry": {
        "type": "Point",
        "coordinates": [
          -8.18137,
          51.91707
        ]
      }
    },
    {
      "type": "Feature",
      "properties": {
        "id": "INET_CO_136",
        "name": "Minskaya",
        "node_start": "N_1604_S_LMGN",
        "node_end": "N_1604_S_LMGN",
        "tags": {},
        "year_end": null,
        "is_H_gas": 1,
        "max_cap_M_m3_per_d": 37.2,
        "max_power_MW": 38.34752021041664,
        "max_pressure_bar": 94.70588235294117,
        "num_turb": 3,
        "year_start": null,
        "nuts3": null,
        "turbine_fuel_isGas_1": 1,
        "turbine_fuel_isGas_2": 1,
        "turbine_fuel_isGas_3": 1,
        "turbine_fuel_isGas_4": 1,
        "turbine_fuel_isGas_5": 1,
        "turbine_fuel_isGas_6": 1,
        "turbine_power_1_MW": 11.8,
        "turbine_power_2_MW": 11.8,
        "turbine_power_3_MW": 12.547826086956523,
        "turbine_power_4_MW": 0.0,
        "turbine_power_5_MW": 0.0,
        "turbine_power_6_MW": 0.0,
        "turbine_power_7_MW": null,
        "turbine_power_8_MW": null,
        "turbine_power_9_MW": null
      },
      "geometry": {
        "type": "Point",
        "coordinates": [
          27.90667,
          54.06826
        ]
      }
    },
    {
      "type": "Feature",
      "properties": {
        "id": "INET_CO_137",
        "name": "Mittelbrunn MEGAL",
        "node_start": "LKD_N_147",
        "node_end": "LKD_N_147",
        "tags": {},
        "year_end": null,
        "is_H_gas": 1,
        "max_cap_M_m3_per_d": 33.802535658354635,
        "max_power_MW": 38.34752021041664,
        "max_pressure_bar": 94.70588235294117,
        "num_turb": 3,
        "year_start": null,
        "nuts3": "DEB3F",
        "turbine_fuel_isGas_1": 1,
        "turbine_fuel_isGas_2": 1,
        "turbine_fuel_isGas_3": 1,
        "turbine_fuel_isGas_4": 1,
        "turbine_fuel_isGas_5": 1,
        "turbine_fuel_isGas_6": 1,
        "turbine_power_1_MW": 11.8,
        "turbine_power_2_MW": 11.8,
        "turbine_power_3_MW": 12.547826086956523,
        "turbine_power_4_MW": 0.0,
        "turbine_power_5_MW": 0.0,
        "turbine_power_6_MW": 0.0,
        "turbine_power_7_MW": null,
        "turbine_power_8_MW": null,
        "turbine_power_9_MW": null
      },
      "geometry": {
        "type": "Point",
        "coordinates": [
          7.643662,
          49.404181
        ]
      }
    },
    {
      "type": "Feature",
      "properties": {
        "id": "INET_CO_138",
        "name": "Mittelbrunn TENP",
        "node_start": "LKD_N_147",
        "node_end": "LKD_N_147",
        "tags": {},
        "year_end": null,
        "is_H_gas": 1,
        "max_cap_M_m3_per_d": 33.802535658354635,
        "max_power_MW": 38.34752021041664,
        "max_pressure_bar": 94.70588235294117,
        "num_turb": 3,
        "year_start": null,
        "nuts3": "DEB3F",
        "turbine_fuel_isGas_1": 1,
        "turbine_fuel_isGas_2": 1,
        "turbine_fuel_isGas_3": 1,
        "turbine_fuel_isGas_4": 1,
        "turbine_fuel_isGas_5": 1,
        "turbine_fuel_isGas_6": 1,
        "turbine_power_1_MW": 11.8,
        "turbine_power_2_MW": 11.8,
        "turbine_power_3_MW": 12.547826086956523,
        "turbine_power_4_MW": 0.0,
        "turbine_power_5_MW": 0.0,
        "turbine_power_6_MW": 0.0,
        "turbine_power_7_MW": null,
        "turbine_power_8_MW": null,
        "turbine_power_9_MW": null
      },
      "geometry": {
        "type": "Point",
        "coordinates": [
          7.643662,
          49.404181
        ]
      }
    },
    {
      "type": "Feature",
      "properties": {
        "id": "INET_CO_139",
        "name": "Moffat",
        "node_start": "SEQ_1750_p",
        "node_end": "SEQ_1750_p",
        "tags": {},
        "year_end": null,
        "is_H_gas": 1,
        "max_cap_M_m3_per_d": 21.752023202462524,
        "max_power_MW": 38.6,
        "max_pressure_bar": 100.59432063185785,
        "num_turb": 2,
        "year_start": 1980.0,
        "nuts3": "UKM92",
        "turbine_fuel_isGas_1": 1,
        "turbine_fuel_isGas_2": 1,
        "turbine_fuel_isGas_3": 1,
        "turbine_fuel_isGas_4": 1,
        "turbine_fuel_isGas_5": 1,
        "turbine_fuel_isGas_6": 1,
        "turbine_power_1_MW": 19.3,
        "turbine_power_2_MW": 19.3,
        "turbine_power_3_MW": 0.0,
        "turbine_power_4_MW": 0.0,
        "turbine_power_5_MW": 0.0,
        "turbine_power_6_MW": 0.0,
        "turbine_power_7_MW": null,
        "turbine_power_8_MW": null,
        "turbine_power_9_MW": null
      },
      "geometry": {
        "type": "Point",
        "coordinates": [
          -3.38516,
          55.22432
        ]
      }
    },
    {
      "type": "Feature",
      "properties": {
        "id": "INET_CO_140",
        "name": "Montauban",
        "node_start": "SEQ_9254_p",
        "node_end": "SEQ_9254_p",
        "tags": {},
        "year_end": null,
        "is_H_gas": 1,
        "max_cap_M_m3_per_d": 37.2,
        "max_power_MW": 38.34752021041664,
        "max_pressure_bar": 94.70588235294117,
        "num_turb": 3,
        "year_start": null,
        "nuts3": "FRJ28",
        "turbine_fuel_isGas_1": 1,
        "turbine_fuel_isGas_2": 1,
        "turbine_fuel_isGas_3": 1,
        "turbine_fuel_isGas_4": 1,
        "turbine_fuel_isGas_5": 1,
        "turbine_fuel_isGas_6": 1,
        "turbine_power_1_MW": 11.8,
        "turbine_power_2_MW": 11.8,
        "turbine_power_3_MW": 12.547826086956523,
        "turbine_power_4_MW": 0.0,
        "turbine_power_5_MW": 0.0,
        "turbine_power_6_MW": 0.0,
        "turbine_power_7_MW": null,
        "turbine_power_8_MW": null,
        "turbine_power_9_MW": null
      },
      "geometry": {
        "type": "Point",
        "coordinates": [
          1.46523,
          44.0891
        ]
      }
    },
    {
      "type": "Feature",
      "properties": {
        "id": "INET_CO_141",
        "name": "Montesa",
        "node_start": "N_537_M_LMGN",
        "node_end": "N_537_M_LMGN",
        "tags": {},
        "year_end": null,
        "is_H_gas": 1,
        "max_cap_M_m3_per_d": 37.2,
        "max_power_MW": 38.34752021041664,
        "max_pressure_bar": 94.70588235294117,
        "num_turb": 3,
        "year_start": null,
        "nuts3": "ES523",
        "turbine_fuel_isGas_1": 1,
        "turbine_fuel_isGas_2": 1,
        "turbine_fuel_isGas_3": 1,
        "turbine_fuel_isGas_4": 1,
        "turbine_fuel_isGas_5": 1,
        "turbine_fuel_isGas_6": 1,
        "turbine_power_1_MW": 11.8,
        "turbine_power_2_MW": 11.8,
        "turbine_power_3_MW": 12.547826086956523,
        "turbine_power_4_MW": 0.0,
        "turbine_power_5_MW": 0.0,
        "turbine_power_6_MW": 0.0,
        "turbine_power_7_MW": null,
        "turbine_power_8_MW": null,
        "turbine_power_9_MW": null
      },
      "geometry": {
        "type": "Point",
        "coordinates": [
          -0.60235,
          38.92858
        ]
      }
    },
    {
      "type": "Feature",
      "properties": {
        "id": "INET_CO_142",
        "name": "Montesano",
        "node_start": "SEQ_1492_p",
        "node_end": "SEQ_1492_p",
        "tags": {},
        "year_end": null,
        "is_H_gas": 1,
        "max_cap_M_m3_per_d": 42.62908285335433,
        "max_power_MW": 38.34752021041664,
        "max_pressure_bar": 94.70588235294117,
        "num_turb": 3,
        "year_start": null,
        "nuts3": "ITF35",
        "turbine_fuel_isGas_1": 1,
        "turbine_fuel_isGas_2": 1,
        "turbine_fuel_isGas_3": 1,
        "turbine_fuel_isGas_4": 1,
        "turbine_fuel_isGas_5": 1,
        "turbine_fuel_isGas_6": 1,
        "turbine_power_1_MW": 11.8,
        "turbine_power_2_MW": 11.8,
        "turbine_power_3_MW": 12.547826086956523,
        "turbine_power_4_MW": 0.0,
        "turbine_power_5_MW": 0.0,
        "turbine_power_6_MW": 0.0,
        "turbine_power_7_MW": null,
        "turbine_power_8_MW": null,
        "turbine_power_9_MW": null
      },
      "geometry": {
        "type": "Point",
        "coordinates": [
          15.66568,
          40.22969
        ]
      }
    },
    {
      "type": "Feature",
      "properties": {
        "id": "INET_CO_143",
        "name": "Morelmaison",
        "node_start": "SEQ_4681_p",
        "node_end": "SEQ_4681_p",
        "tags": {},
        "year_end": null,
        "is_H_gas": 1,
        "max_cap_M_m3_per_d": 37.2,
        "max_power_MW": 38.34752021041664,
        "max_pressure_bar": 94.70588235294117,
        "num_turb": 3,
        "year_start": null,
        "nuts3": "FRF32",
        "turbine_fuel_isGas_1": 1,
        "turbine_fuel_isGas_2": 1,
        "turbine_fuel_isGas_3": 1,
        "turbine_fuel_isGas_4": 1,
        "turbine_fuel_isGas_5": 1,
        "turbine_fuel_isGas_6": 1,
        "turbine_power_1_MW": 11.8,
        "turbine_power_2_MW": 11.8,
        "turbine_power_3_MW": 12.547826086956523,
        "turbine_power_4_MW": 0.0,
        "turbine_power_5_MW": 0.0,
        "turbine_power_6_MW": 0.0,
        "turbine_power_7_MW": null,
        "turbine_power_8_MW": null,
        "turbine_power_9_MW": null
      },
      "geometry": {
        "type": "Point",
        "coordinates": [
          5.74178,
          48.47496
        ]
      }
    },
    {
      "type": "Feature",
      "properties": {
        "id": "INET_CO_144",
        "name": "Mosonmagyarovar",
        "node_start": "SEQ_10412_p",
        "node_end": "SEQ_10412_p",
        "tags": {},
        "year_end": null,
        "is_H_gas": 1,
        "max_cap_M_m3_per_d": 25.3798658208975,
        "max_power_MW": 38.34752021041664,
        "max_pressure_bar": 94.70588235294117,
        "num_turb": 3,
        "year_start": null,
        "nuts3": "HU221",
        "turbine_fuel_isGas_1": 1,
        "turbine_fuel_isGas_2": 1,
        "turbine_fuel_isGas_3": 1,
        "turbine_fuel_isGas_4": 1,
        "turbine_fuel_isGas_5": 1,
        "turbine_fuel_isGas_6": 1,
        "turbine_power_1_MW": 11.8,
        "turbine_power_2_MW": 11.8,
        "turbine_power_3_MW": 12.547826086956523,
        "turbine_power_4_MW": 0.0,
        "turbine_power_5_MW": 0.0,
        "turbine_power_6_MW": 0.0,
        "turbine_power_7_MW": null,
        "turbine_power_8_MW": null,
        "turbine_power_9_MW": null
      },
      "geometry": {
        "type": "Point",
        "coordinates": [
          17.28572,
          47.8357
        ]
      }
    },
    {
      "type": "Feature",
      "properties": {
        "id": "INET_CO_145",
        "name": "Navarra",
        "node_start": "N_2247_S_LMGN",
        "node_end": "N_2247_S_LMGN",
        "tags": {},
        "year_end": null,
        "is_H_gas": 1,
        "max_cap_M_m3_per_d": 37.2,
        "max_power_MW": 38.34752021041664,
        "max_pressure_bar": 94.70588235294117,
        "num_turb": 3,
        "year_start": null,
        "nuts3": "ES220",
        "turbine_fuel_isGas_1": 1,
        "turbine_fuel_isGas_2": 1,
        "turbine_fuel_isGas_3": 1,
        "turbine_fuel_isGas_4": 1,
        "turbine_fuel_isGas_5": 1,
        "turbine_fuel_isGas_6": 1,
        "turbine_power_1_MW": 11.8,
        "turbine_power_2_MW": 11.8,
        "turbine_power_3_MW": 12.547826086956523,
        "turbine_power_4_MW": 0.0,
        "turbine_power_5_MW": 0.0,
        "turbine_power_6_MW": 0.0,
        "turbine_power_7_MW": null,
        "turbine_power_8_MW": null,
        "turbine_power_9_MW": null
      },
      "geometry": {
        "type": "Point",
        "coordinates": [
          -1.5123,
          42.80111
        ]
      }
    },
    {
      "type": "Feature",
      "properties": {
        "id": "INET_CO_146",
        "name": "Nea Messimvria",
        "node_start": "N_19_M_LMGN",
        "node_end": "N_19_M_LMGN",
        "tags": {},
        "year_end": null,
        "is_H_gas": 1,
        "max_cap_M_m3_per_d": 37.2,
        "max_power_MW": 38.34752021041664,
        "max_pressure_bar": 94.70588235294117,
        "num_turb": 3,
        "year_start": null,
        "nuts3": "EL522",
        "turbine_fuel_isGas_1": 1,
        "turbine_fuel_isGas_2": 1,
        "turbine_fuel_isGas_3": 1,
        "turbine_fuel_isGas_4": 1,
        "turbine_fuel_isGas_5": 1,
        "turbine_fuel_isGas_6": 1,
        "turbine_power_1_MW": 11.8,
        "turbine_power_2_MW": 11.8,
        "turbine_power_3_MW": 12.547826086956523,
        "turbine_power_4_MW": 0.0,
        "turbine_power_5_MW": 0.0,
        "turbine_power_6_MW": 0.0,
        "turbine_power_7_MW": null,
        "turbine_power_8_MW": null,
        "turbine_power_9_MW": null
      },
      "geometry": {
        "type": "Point",
        "coordinates": [
          22.81831,
          40.70354
        ]
      }
    },
    {
      "type": "Feature",
      "properties": {
        "id": "INET_CO_147",
        "name": "Negru Voda",
        "node_start": "N_713_S_LMGN",
        "node_end": "N_713_S_LMGN",
        "tags": {},
        "year_end": null,
        "is_H_gas": 1,
        "max_cap_M_m3_per_d": 37.2,
        "max_power_MW": 38.34752021041664,
        "max_pressure_bar": 94.70588235294117,
        "num_turb": 3,
        "year_start": null,
        "nuts3": "BG332",
        "turbine_fuel_isGas_1": 1,
        "turbine_fuel_isGas_2": 1,
        "turbine_fuel_isGas_3": 1,
        "turbine_fuel_isGas_4": 1,
        "turbine_fuel_isGas_5": 1,
        "turbine_fuel_isGas_6": 1,
        "turbine_power_1_MW": 11.8,
        "turbine_power_2_MW": 11.8,
        "turbine_power_3_MW": 12.547826086956523,
        "turbine_power_4_MW": 0.0,
        "turbine_power_5_MW": 0.0,
        "turbine_power_6_MW": 0.0,
        "turbine_power_7_MW": null,
        "turbine_power_8_MW": null,
        "turbine_power_9_MW": null
      },
      "geometry": {
        "type": "Point",
        "coordinates": [
          27.96951,
          43.77018
        ]
      }
    },
    {
      "type": "Feature",
      "properties": {
        "id": "INET_CO_148",
        "name": "Nemesbikk",
        "node_start": "N_617_M_LMGN",
        "node_end": "N_617_M_LMGN",
        "tags": {},
        "year_end": null,
        "is_H_gas": 1,
        "max_cap_M_m3_per_d": 37.2,
        "max_power_MW": 38.34752021041664,
        "max_pressure_bar": 94.70588235294117,
        "num_turb": 3,
        "year_start": null,
        "nuts3": "HU311",
        "turbine_fuel_isGas_1": 1,
        "turbine_fuel_isGas_2": 1,
        "turbine_fuel_isGas_3": 1,
        "turbine_fuel_isGas_4": 1,
        "turbine_fuel_isGas_5": 1,
        "turbine_fuel_isGas_6": 1,
        "turbine_power_1_MW": 11.8,
        "turbine_power_2_MW": 11.8,
        "turbine_power_3_MW": 12.547826086956523,
        "turbine_power_4_MW": 0.0,
        "turbine_power_5_MW": 0.0,
        "turbine_power_6_MW": 0.0,
        "turbine_power_7_MW": null,
        "turbine_power_8_MW": null,
        "turbine_power_9_MW": null
      },
      "geometry": {
        "type": "Point",
        "coordinates": [
          21.00636,
          47.85057
        ]
      }
    },
    {
      "type": "Feature",
      "properties": {
        "id": "INET_CO_149",
        "name": "Nesvizh",
        "node_start": "INET_N_1131",
        "node_end": "INET_N_1131",
        "tags": {},
        "year_end": null,
        "is_H_gas": 1,
        "max_cap_M_m3_per_d": 37.2,
        "max_power_MW": 38.34752021041664,
        "max_pressure_bar": 94.70588235294117,
        "num_turb": 3,
        "year_start": null,
        "nuts3": null,
        "turbine_fuel_isGas_1": 1,
        "turbine_fuel_isGas_2": 1,
        "turbine_fuel_isGas_3": 1,
        "turbine_fuel_isGas_4": 1,
        "turbine_fuel_isGas_5": 1,
        "turbine_fuel_isGas_6": 1,
        "turbine_power_1_MW": 11.8,
        "turbine_power_2_MW": 11.8,
        "turbine_power_3_MW": 12.547826086956523,
        "turbine_power_4_MW": 0.0,
        "turbine_power_5_MW": 0.0,
        "turbine_power_6_MW": 0.0,
        "turbine_power_7_MW": null,
        "turbine_power_8_MW": null,
        "turbine_power_9_MW": null
      },
      "geometry": {
        "type": "Point",
        "coordinates": [
          26.676614,
          53.222604
        ]
      }
    },
    {
      "type": "Feature",
      "properties": {
        "id": "INET_CO_150",
        "name": "Nozay",
        "node_start": "SEQ_9997__M_LMGN",
        "node_end": "SEQ_9997__M_LMGN",
        "tags": {},
        "year_end": null,
        "is_H_gas": 1,
        "max_cap_M_m3_per_d": 37.2,
        "max_power_MW": 38.34752021041664,
        "max_pressure_bar": 94.70588235294117,
        "num_turb": 3,
        "year_start": null,
        "nuts3": "FRG01",
        "turbine_fuel_isGas_1": 1,
        "turbine_fuel_isGas_2": 1,
        "turbine_fuel_isGas_3": 1,
        "turbine_fuel_isGas_4": 1,
        "turbine_fuel_isGas_5": 1,
        "turbine_fuel_isGas_6": 1,
        "turbine_power_1_MW": 11.8,
        "turbine_power_2_MW": 11.8,
        "turbine_power_3_MW": 12.547826086956523,
        "turbine_power_4_MW": 0.0,
        "turbine_power_5_MW": 0.0,
        "turbine_power_6_MW": 0.0,
        "turbine_power_7_MW": null,
        "turbine_power_8_MW": null,
        "turbine_power_9_MW": null
      },
      "geometry": {
        "type": "Point",
        "coordinates": [
          -1.61896,
          47.54763
        ]
      }
    },
    {
      "type": "Feature",
      "properties": {
        "id": "INET_CO_151",
        "name": "Oberkappel",
        "node_start": "INET_N_1183",
        "node_end": "INET_N_1183",
        "tags": {},
        "year_end": null,
        "is_H_gas": 1,
        "max_cap_M_m3_per_d": 41.9976086267326,
        "max_power_MW": 38.34752021041664,
        "max_pressure_bar": 94.70588235294117,
        "num_turb": 3,
        "year_start": null,
        "nuts3": "AT313",
        "turbine_fuel_isGas_1": 1,
        "turbine_fuel_isGas_2": 1,
        "turbine_fuel_isGas_3": 1,
        "turbine_fuel_isGas_4": 1,
        "turbine_fuel_isGas_5": 1,
        "turbine_fuel_isGas_6": 1,
        "turbine_power_1_MW": 11.8,
        "turbine_power_2_MW": 11.8,
        "turbine_power_3_MW": 12.547826086956523,
        "turbine_power_4_MW": 0.0,
        "turbine_power_5_MW": 0.0,
        "turbine_power_6_MW": 0.0,
        "turbine_power_7_MW": null,
        "turbine_power_8_MW": null,
        "turbine_power_9_MW": null
      },
      "geometry": {
        "type": "Point",
        "coordinates": [
          13.751863,
          48.55443
        ]
      }
    },
    {
      "type": "Feature",
      "properties": {
        "id": "INET_CO_152",
        "name": "Odolanow",
        "node_start": "N_688_M_LMGN",
        "node_end": "N_688_M_LMGN",
        "tags": {},
        "year_end": null,
        "is_H_gas": 1,
        "max_cap_M_m3_per_d": 37.2,
        "max_power_MW": 38.34752021041664,
        "max_pressure_bar": 94.70588235294117,
        "num_turb": 3,
        "year_start": null,
        "nuts3": "PL416",
        "turbine_fuel_isGas_1": 1,
        "turbine_fuel_isGas_2": 1,
        "turbine_fuel_isGas_3": 1,
        "turbine_fuel_isGas_4": 1,
        "turbine_fuel_isGas_5": 1,
        "turbine_fuel_isGas_6": 1,
        "turbine_power_1_MW": 11.8,
        "turbine_power_2_MW": 11.8,
        "turbine_power_3_MW": 12.547826086956523,
        "turbine_power_4_MW": 0.0,
        "turbine_power_5_MW": 0.0,
        "turbine_power_6_MW": 0.0,
        "turbine_power_7_MW": null,
        "turbine_power_8_MW": null,
        "turbine_power_9_MW": null
      },
      "geometry": {
        "type": "Point",
        "coordinates": [
          17.58819,
          51.55972
        ]
      }
    },
    {
      "type": "Feature",
      "properties": {
        "id": "INET_CO_153",
        "name": "Olbernhau",
        "node_start": "INET_N_229",
        "node_end": "INET_N_229",
        "tags": {},
        "year_end": null,
        "is_H_gas": 1,
        "max_cap_M_m3_per_d": 19.92,
        "max_power_MW": 31.8,
        "max_pressure_bar": 90.0,
        "num_turb": 3,
        "year_start": 1992.0,
        "nuts3": "CZ042",
        "turbine_fuel_isGas_1": 1,
        "turbine_fuel_isGas_2": 1,
        "turbine_fuel_isGas_3": 1,
        "turbine_fuel_isGas_4": 1,
        "turbine_fuel_isGas_5": 1,
        "turbine_fuel_isGas_6": 1,
        "turbine_power_1_MW": 9.45,
        "turbine_power_2_MW": 9.45,
        "turbine_power_3_MW": 12.9,
        "turbine_power_4_MW": 0.0,
        "turbine_power_5_MW": 0.0,
        "turbine_power_6_MW": 0.0,
        "turbine_power_7_MW": null,
        "turbine_power_8_MW": null,
        "turbine_power_9_MW": null
      },
      "geometry": {
        "type": "Point",
        "coordinates": [
          13.39,
          50.635
        ]
      }
    },
    {
      "type": "Feature",
      "properties": {
        "id": "INET_CO_155",
        "name": "Oldeboorn",
        "node_start": "N_522_M_LMGN",
        "node_end": "N_522_M_LMGN",
        "tags": {},
        "year_end": null,
        "is_H_gas": 1,
        "max_cap_M_m3_per_d": 37.2,
        "max_power_MW": 38.34752021041664,
        "max_pressure_bar": 94.70588235294117,
        "num_turb": 3,
        "year_start": null,
        "nuts3": "NL126",
        "turbine_fuel_isGas_1": 1,
        "turbine_fuel_isGas_2": 1,
        "turbine_fuel_isGas_3": 1,
        "turbine_fuel_isGas_4": 1,
        "turbine_fuel_isGas_5": 1,
        "turbine_fuel_isGas_6": 1,
        "turbine_power_1_MW": 11.8,
        "turbine_power_2_MW": 11.8,
        "turbine_power_3_MW": 12.547826086956523,
        "turbine_power_4_MW": 0.0,
        "turbine_power_5_MW": 0.0,
        "turbine_power_6_MW": 0.0,
        "turbine_power_7_MW": null,
        "turbine_power_8_MW": null,
        "turbine_power_9_MW": null
      },
      "geometry": {
        "type": "Point",
        "coordinates": [
          5.9614,
          53.10485
        ]
      }
    },
    {
      "type": "Feature",
      "properties": {
        "id": "INET_CO_156",
        "name": "Ommen",
        "node_start": "N_1609_S_LMGN",
        "node_end": "N_1609_S_LMGN",
        "tags": {},
        "year_end": null,
        "is_H_gas": 1,
        "max_cap_M_m3_per_d": 37.2,
        "max_power_MW": 38.34752021041664,
        "max_pressure_bar": 94.70588235294117,
        "num_turb": 3,
        "year_start": null,
        "nuts3": "NL211",
        "turbine_fuel_isGas_1": 1,
        "turbine_fuel_isGas_2": 1,
        "turbine_fuel_isGas_3": 1,
        "turbine_fuel_isGas_4": 1,
        "turbine_fuel_isGas_5": 1,
        "turbine_fuel_isGas_6": 1,
        "turbine_power_1_MW": 11.8,
        "turbine_power_2_MW": 11.8,
        "turbine_power_3_MW": 12.547826086956523,
        "turbine_power_4_MW": 0.0,
        "turbine_power_5_MW": 0.0,
        "turbine_power_6_MW": 0.0,
        "turbine_power_7_MW": null,
        "turbine_power_8_MW": null,
        "turbine_power_9_MW": null
      },
      "geometry": {
        "type": "Point",
        "coordinates": [
          6.38615,
          52.47225
        ]
      }
    },
    {
      "type": "Feature",
      "properties": {
        "id": "INET_CO_157",
        "name": "Orlovka",
        "node_start": "SEQ_570_p",
        "node_end": "SEQ_570_p",
        "tags": {},
        "year_end": null,
        "is_H_gas": 0,
        "max_cap_M_m3_per_d": 42.662318338966,
        "max_power_MW": 38.34752021041664,
        "max_pressure_bar": 94.70588235294117,
        "num_turb": 3,
        "year_start": null,
        "nuts3": null,
        "turbine_fuel_isGas_1": 1,
        "turbine_fuel_isGas_2": 1,
        "turbine_fuel_isGas_3": 1,
        "turbine_fuel_isGas_4": 1,
        "turbine_fuel_isGas_5": 1,
        "turbine_fuel_isGas_6": 1,
        "turbine_power_1_MW": 11.8,
        "turbine_power_2_MW": 11.8,
        "turbine_power_3_MW": 12.547826086956523,
        "turbine_power_4_MW": 0.0,
        "turbine_power_5_MW": 0.0,
        "turbine_power_6_MW": 0.0,
        "turbine_power_7_MW": null,
        "turbine_power_8_MW": null,
        "turbine_power_9_MW": null
      },
      "geometry": {
        "type": "Point",
        "coordinates": [
          28.48418,
          45.31576
        ]
      }
    },
    {
      "type": "Feature",
      "properties": {
        "id": "INET_CO_158",
        "name": "Orshan",
        "node_start": "SEQ_8022_p",
        "node_end": "SEQ_8022_p",
        "tags": {},
        "year_end": null,
        "is_H_gas": 1,
        "max_cap_M_m3_per_d": 37.2,
        "max_power_MW": 38.34752021041664,
        "max_pressure_bar": 94.70588235294117,
        "num_turb": 3,
        "year_start": null,
        "nuts3": null,
        "turbine_fuel_isGas_1": 1,
        "turbine_fuel_isGas_2": 1,
        "turbine_fuel_isGas_3": 1,
        "turbine_fuel_isGas_4": 1,
        "turbine_fuel_isGas_5": 1,
        "turbine_fuel_isGas_6": 1,
        "turbine_power_1_MW": 11.8,
        "turbine_power_2_MW": 11.8,
        "turbine_power_3_MW": 12.547826086956523,
        "turbine_power_4_MW": 0.0,
        "turbine_power_5_MW": 0.0,
        "turbine_power_6_MW": 0.0,
        "turbine_power_7_MW": null,
        "turbine_power_8_MW": null,
        "turbine_power_9_MW": null
      },
      "geometry": {
        "type": "Point",
        "coordinates": [
          30.57245,
          54.48977
        ]
      }
    },
    {
      "type": "Feature",
      "properties": {
        "id": "INET_CO_159",
        "name": "Oslavou",
        "node_start": "SEQ_10405__S_LMGN",
        "node_end": "SEQ_10405__S_LMGN",
        "tags": {},
        "year_end": null,
        "is_H_gas": 1,
        "max_cap_M_m3_per_d": 32.02696294323154,
        "max_power_MW": 38.34752021041664,
        "max_pressure_bar": 94.70588235294117,
        "num_turb": 3,
        "year_start": null,
        "nuts3": "CZ063",
        "turbine_fuel_isGas_1": 1,
        "turbine_fuel_isGas_2": 1,
        "turbine_fuel_isGas_3": 1,
        "turbine_fuel_isGas_4": 1,
        "turbine_fuel_isGas_5": 1,
        "turbine_fuel_isGas_6": 1,
        "turbine_power_1_MW": 11.8,
        "turbine_power_2_MW": 11.8,
        "turbine_power_3_MW": 12.547826086956523,
        "turbine_power_4_MW": 0.0,
        "turbine_power_5_MW": 0.0,
        "turbine_power_6_MW": 0.0,
        "turbine_power_7_MW": null,
        "turbine_power_8_MW": null,
        "turbine_power_9_MW": null
      },
      "geometry": {
        "type": "Point",
        "coordinates": [
          16.10671,
          49.19474
        ]
      }
    },
    {
      "type": "Feature",
      "properties": {
        "id": "INET_CO_160",
        "name": "Palleau",
        "node_start": "N_97_L_LMGN",
        "node_end": "N_97_L_LMGN",
        "tags": {},
        "year_end": null,
        "is_H_gas": 1,
        "max_cap_M_m3_per_d": 37.2,
        "max_power_MW": 38.34752021041664,
        "max_pressure_bar": 94.70588235294117,
        "num_turb": 3,
        "year_start": null,
        "nuts3": "FRC13",
        "turbine_fuel_isGas_1": 1,
        "turbine_fuel_isGas_2": 1,
        "turbine_fuel_isGas_3": 1,
        "turbine_fuel_isGas_4": 1,
        "turbine_fuel_isGas_5": 1,
        "turbine_fuel_isGas_6": 1,
        "turbine_power_1_MW": 11.8,
        "turbine_power_2_MW": 11.8,
        "turbine_power_3_MW": 12.547826086956523,
        "turbine_power_4_MW": 0.0,
        "turbine_power_5_MW": 0.0,
        "turbine_power_6_MW": 0.0,
        "turbine_power_7_MW": null,
        "turbine_power_8_MW": null,
        "turbine_power_9_MW": null
      },
      "geometry": {
        "type": "Point",
        "coordinates": [
          4.98148,
          46.92012
        ]
      }
    },
    {
      "type": "Feature",
      "properties": {
        "id": "INET_CO_161",
        "name": "Panevezys",
        "node_start": "N_1268_S_LMGN",
        "node_end": "N_1268_S_LMGN",
        "tags": {},
        "year_end": null,
        "is_H_gas": 1,
        "max_cap_M_m3_per_d": 37.2,
        "max_power_MW": 38.34752021041664,
        "max_pressure_bar": 94.70588235294117,
        "num_turb": 3,
        "year_start": null,
        "nuts3": "LT025",
        "turbine_fuel_isGas_1": 1,
        "turbine_fuel_isGas_2": 1,
        "turbine_fuel_isGas_3": 1,
        "turbine_fuel_isGas_4": 1,
        "turbine_fuel_isGas_5": 1,
        "turbine_fuel_isGas_6": 1,
        "turbine_power_1_MW": 11.8,
        "turbine_power_2_MW": 11.8,
        "turbine_power_3_MW": 12.547826086956523,
        "turbine_power_4_MW": 0.0,
        "turbine_power_5_MW": 0.0,
        "turbine_power_6_MW": 0.0,
        "turbine_power_7_MW": null,
        "turbine_power_8_MW": null,
        "turbine_power_9_MW": null
      },
      "geometry": {
        "type": "Point",
        "coordinates": [
          24.54501,
          55.7508
        ]
      }
    },
    {
      "type": "Feature",
      "properties": {
        "id": "INET_CO_162",
        "name": "Paterna",
        "node_start": "SEQ_673_p",
        "node_end": "SEQ_673_p",
        "tags": {},
        "year_end": null,
        "is_H_gas": 1,
        "max_cap_M_m3_per_d": 37.2,
        "max_power_MW": 38.34752021041664,
        "max_pressure_bar": 94.70588235294117,
        "num_turb": 3,
        "year_start": null,
        "nuts3": "ES523",
        "turbine_fuel_isGas_1": 1,
        "turbine_fuel_isGas_2": 1,
        "turbine_fuel_isGas_3": 1,
        "turbine_fuel_isGas_4": 1,
        "turbine_fuel_isGas_5": 1,
        "turbine_fuel_isGas_6": 1,
        "turbine_power_1_MW": 11.8,
        "turbine_power_2_MW": 11.8,
        "turbine_power_3_MW": 12.547826086956523,
        "turbine_power_4_MW": 0.0,
        "turbine_power_5_MW": 0.0,
        "turbine_power_6_MW": 0.0,
        "turbine_power_7_MW": null,
        "turbine_power_8_MW": null,
        "turbine_power_9_MW": null
      },
      "geometry": {
        "type": "Point",
        "coordinates": [
          -0.41375,
          39.59871
        ]
      }
    },
    {
      "type": "Feature",
      "properties": {
        "id": "INET_CO_163",
        "name": "Peterborough",
        "node_start": "INET_N_1253",
        "node_end": "INET_N_1253",
        "tags": {},
        "year_end": null,
        "is_H_gas": 1,
        "max_cap_M_m3_per_d": 10.568680096071876,
        "max_power_MW": 35.4,
        "max_pressure_bar": 94.70588235294117,
        "num_turb": 3,
        "year_start": 1972.0,
        "nuts3": "UKH11",
        "turbine_fuel_isGas_1": 1,
        "turbine_fuel_isGas_2": 1,
        "turbine_fuel_isGas_3": 1,
        "turbine_fuel_isGas_4": 1,
        "turbine_fuel_isGas_5": 1,
        "turbine_fuel_isGas_6": 1,
        "turbine_power_1_MW": 11.8,
        "turbine_power_2_MW": 11.8,
        "turbine_power_3_MW": 11.8,
        "turbine_power_4_MW": 0.0,
        "turbine_power_5_MW": 0.0,
        "turbine_power_6_MW": 0.0,
        "turbine_power_7_MW": null,
        "turbine_power_8_MW": null,
        "turbine_power_9_MW": null
      },
      "geometry": {
        "type": "Point",
        "coordinates": [
          -0.204,
          52.5769
        ]
      }
    },
    {
      "type": "Feature",
      "properties": {
        "id": "INET_CO_164",
        "name": "Petrich",
        "node_start": "SEQ_4431__M_LMGN",
        "node_end": "SEQ_4431__M_LMGN",
        "tags": {},
        "year_end": null,
        "is_H_gas": 1,
        "max_cap_M_m3_per_d": 37.2,
        "max_power_MW": 38.34752021041664,
        "max_pressure_bar": 94.70588235294117,
        "num_turb": 3,
        "year_start": null,
        "nuts3": "BG413",
        "turbine_fuel_isGas_1": 1,
        "turbine_fuel_isGas_2": 1,
        "turbine_fuel_isGas_3": 1,
        "turbine_fuel_isGas_4": 1,
        "turbine_fuel_isGas_5": 1,
        "turbine_fuel_isGas_6": 1,
        "turbine_power_1_MW": 11.8,
        "turbine_power_2_MW": 11.8,
        "turbine_power_3_MW": 12.547826086956523,
        "turbine_power_4_MW": 0.0,
        "turbine_power_5_MW": 0.0,
        "turbine_power_6_MW": 0.0,
        "turbine_power_7_MW": null,
        "turbine_power_8_MW": null,
        "turbine_power_9_MW": null
      },
      "geometry": {
        "type": "Point",
        "coordinates": [
          23.13124,
          41.59913
        ]
      }
    },
    {
      "type": "Feature",
      "properties": {
        "id": "INET_CO_165",
        "name": "Pitgam",
        "node_start": "SEQ_3980_p",
        "node_end": "SEQ_3980_p",
        "tags": {},
        "year_end": null,
        "is_H_gas": 1,
        "max_cap_M_m3_per_d": 26.314340739761608,
        "max_power_MW": 38.34752021041664,
        "max_pressure_bar": 94.70588235294117,
        "num_turb": 3,
        "year_start": null,
        "nuts3": "FRE11",
        "turbine_fuel_isGas_1": 1,
        "turbine_fuel_isGas_2": 1,
        "turbine_fuel_isGas_3": 1,
        "turbine_fuel_isGas_4": 1,
        "turbine_fuel_isGas_5": 1,
        "turbine_fuel_isGas_6": 1,
        "turbine_power_1_MW": 11.8,
        "turbine_power_2_MW": 11.8,
        "turbine_power_3_MW": 12.547826086956523,
        "turbine_power_4_MW": 0.0,
        "turbine_power_5_MW": 0.0,
        "turbine_power_6_MW": 0.0,
        "turbine_power_7_MW": null,
        "turbine_power_8_MW": null,
        "turbine_power_9_MW": null
      },
      "geometry": {
        "type": "Point",
        "coordinates": [
          2.30956,
          51.00541
        ]
      }
    },
    {
      "type": "Feature",
      "properties": {
        "id": "INET_CO_166",
        "name": "Podisor",
        "node_start": "NutsCons_99",
        "node_end": "NutsCons_99",
        "tags": {},
        "year_end": null,
        "is_H_gas": 1,
        "max_cap_M_m3_per_d": 37.2,
        "max_power_MW": 38.34752021041664,
        "max_pressure_bar": 94.70588235294117,
        "num_turb": 3,
        "year_start": 2019.0,
        "nuts3": "RO314",
        "turbine_fuel_isGas_1": 1,
        "turbine_fuel_isGas_2": 1,
        "turbine_fuel_isGas_3": 1,
        "turbine_fuel_isGas_4": 1,
        "turbine_fuel_isGas_5": 1,
        "turbine_fuel_isGas_6": 1,
        "turbine_power_1_MW": 11.8,
        "turbine_power_2_MW": 11.8,
        "turbine_power_3_MW": 12.547826086956523,
        "turbine_power_4_MW": 0.0,
        "turbine_power_5_MW": 0.0,
        "turbine_power_6_MW": 0.0,
        "turbine_power_7_MW": null,
        "turbine_power_8_MW": null,
        "turbine_power_9_MW": null
      },
      "geometry": {
        "type": "Point",
        "coordinates": [
          25.77588,
          44.46316
        ]
      }
    },
    {
      "type": "Feature",
      "properties": {
        "id": "INET_CO_167",
        "name": "Poggio Renatico",
        "node_start": "SEQ_6470_p",
        "node_end": "SEQ_6470_p",
        "tags": {},
        "year_end": null,
        "is_H_gas": 1,
        "max_cap_M_m3_per_d": 37.2,
        "max_power_MW": 38.34752021041664,
        "max_pressure_bar": 94.70588235294117,
        "num_turb": 3,
        "year_start": null,
        "nuts3": "ITH56",
        "turbine_fuel_isGas_1": 1,
        "turbine_fuel_isGas_2": 1,
        "turbine_fuel_isGas_3": 1,
        "turbine_fuel_isGas_4": 1,
        "turbine_fuel_isGas_5": 1,
        "turbine_fuel_isGas_6": 1,
        "turbine_power_1_MW": 11.8,
        "turbine_power_2_MW": 11.8,
        "turbine_power_3_MW": 12.547826086956523,
        "turbine_power_4_MW": 0.0,
        "turbine_power_5_MW": 0.0,
        "turbine_power_6_MW": 0.0,
        "turbine_power_7_MW": null,
        "turbine_power_8_MW": null,
        "turbine_power_9_MW": null
      },
      "geometry": {
        "type": "Point",
        "coordinates": [
          11.38844,
          44.83296
        ]
      }
    },
    {
      "type": "Feature",
      "properties": {
        "id": "INET_CO_168",
        "name": "Polski Senovets",
        "node_start": "SEQ_5772_p",
        "node_end": "SEQ_5772_p",
        "tags": {},
        "year_end": null,
        "is_H_gas": 1,
        "max_cap_M_m3_per_d": 37.2,
        "max_power_MW": 38.34752021041664,
        "max_pressure_bar": 94.70588235294117,
        "num_turb": 3,
        "year_start": null,
        "nuts3": "BG321",
        "turbine_fuel_isGas_1": 1,
        "turbine_fuel_isGas_2": 1,
        "turbine_fuel_isGas_3": 1,
        "turbine_fuel_isGas_4": 1,
        "turbine_fuel_isGas_5": 1,
        "turbine_fuel_isGas_6": 1,
        "turbine_power_1_MW": 11.8,
        "turbine_power_2_MW": 11.8,
        "turbine_power_3_MW": 12.547826086956523,
        "turbine_power_4_MW": 0.0,
        "turbine_power_5_MW": 0.0,
        "turbine_power_6_MW": 0.0,
        "turbine_power_7_MW": null,
        "turbine_power_8_MW": null,
        "turbine_power_9_MW": null
      },
      "geometry": {
        "type": "Point",
        "coordinates": [
          25.16398,
          43.28291
        ]
      }
    },
    {
      "type": "Feature",
      "properties": {
        "id": "INET_CO_169",
        "name": "Portovaya",
        "node_start": "SEQ_1854_p",
        "node_end": "SEQ_1854_p",
        "tags": {},
        "year_end": null,
        "is_H_gas": 1,
        "max_cap_M_m3_per_d": 37.2,
        "max_power_MW": 38.34752021041664,
        "max_pressure_bar": 94.70588235294117,
        "num_turb": 3,
        "year_start": null,
        "nuts3": "FI1C5",
        "turbine_fuel_isGas_1": 1,
        "turbine_fuel_isGas_2": 1,
        "turbine_fuel_isGas_3": 1,
        "turbine_fuel_isGas_4": 1,
        "turbine_fuel_isGas_5": 1,
        "turbine_fuel_isGas_6": 1,
        "turbine_power_1_MW": 11.8,
        "turbine_power_2_MW": 11.8,
        "turbine_power_3_MW": 12.547826086956523,
        "turbine_power_4_MW": 0.0,
        "turbine_power_5_MW": 0.0,
        "turbine_power_6_MW": 0.0,
        "turbine_power_7_MW": null,
        "turbine_power_8_MW": null,
        "turbine_power_9_MW": null
      },
      "geometry": {
        "type": "Point",
        "coordinates": [
          27.67137,
          60.99013
        ]
      }
    },
    {
      "type": "Feature",
      "properties": {
        "id": "INET_CO_170",
        "name": "Porz",
        "node_start": "SEQ_12142_p",
        "node_end": "SEQ_12142_p",
        "tags": {},
        "year_end": null,
        "is_H_gas": 1,
        "max_cap_M_m3_per_d": 48.0,
        "max_power_MW": 100.0,
        "max_pressure_bar": 94.70588235294117,
        "num_turb": 3,
        "year_start": null,
        "nuts3": "DEA23",
        "turbine_fuel_isGas_1": 1,
        "turbine_fuel_isGas_2": 1,
        "turbine_fuel_isGas_3": 1,
        "turbine_fuel_isGas_4": 1,
        "turbine_fuel_isGas_5": 1,
        "turbine_fuel_isGas_6": 1,
        "turbine_power_1_MW": 11.8,
        "turbine_power_2_MW": 11.8,
        "turbine_power_3_MW": 12.547826086956523,
        "turbine_power_4_MW": 0.0,
        "turbine_power_5_MW": 0.0,
        "turbine_power_6_MW": 0.0,
        "turbine_power_7_MW": null,
        "turbine_power_8_MW": null,
        "turbine_power_9_MW": null
      },
      "geometry": {
        "type": "Point",
        "coordinates": [
          7.098327,
          50.86828
        ]
      }
    },
    {
      "type": "Feature",
      "properties": {
        "id": "INET_CO_171",
        "name": "Provadiya",
        "node_start": "N_1974_S_LMGN",
        "node_end": "N_1974_S_LMGN",
        "tags": {},
        "year_end": null,
        "is_H_gas": 1,
        "max_cap_M_m3_per_d": 37.2,
        "max_power_MW": 38.34752021041664,
        "max_pressure_bar": 94.70588235294117,
        "num_turb": 3,
        "year_start": null,
        "nuts3": "BG331",
        "turbine_fuel_isGas_1": 1,
        "turbine_fuel_isGas_2": 1,
        "turbine_fuel_isGas_3": 1,
        "turbine_fuel_isGas_4": 1,
        "turbine_fuel_isGas_5": 1,
        "turbine_fuel_isGas_6": 1,
        "turbine_power_1_MW": 11.8,
        "turbine_power_2_MW": 11.8,
        "turbine_power_3_MW": 12.547826086956523,
        "turbine_power_4_MW": 0.0,
        "turbine_power_5_MW": 0.0,
        "turbine_power_6_MW": 0.0,
        "turbine_power_7_MW": null,
        "turbine_power_8_MW": null,
        "turbine_power_9_MW": null
      },
      "geometry": {
        "type": "Point",
        "coordinates": [
          27.42852,
          43.12706
        ]
      }
    },
    {
      "type": "Feature",
      "properties": {
        "id": "INET_CO_172",
        "name": "Puertollano",
        "node_start": "N_891_S_LMGN",
        "node_end": "N_891_S_LMGN",
        "tags": {},
        "year_end": null,
        "is_H_gas": 1,
        "max_cap_M_m3_per_d": 37.2,
        "max_power_MW": 38.34752021041664,
        "max_pressure_bar": 94.70588235294117,
        "num_turb": 3,
        "year_start": null,
        "nuts3": "ES422",
        "turbine_fuel_isGas_1": 1,
        "turbine_fuel_isGas_2": 1,
        "turbine_fuel_isGas_3": 1,
        "turbine_fuel_isGas_4": 1,
        "turbine_fuel_isGas_5": 1,
        "turbine_fuel_isGas_6": 1,
        "turbine_power_1_MW": 11.8,
        "turbine_power_2_MW": 11.8,
        "turbine_power_3_MW": 12.547826086956523,
        "turbine_power_4_MW": 0.0,
        "turbine_power_5_MW": 0.0,
        "turbine_power_6_MW": 0.0,
        "turbine_power_7_MW": null,
        "turbine_power_8_MW": null,
        "turbine_power_9_MW": null
      },
      "geometry": {
        "type": "Point",
        "coordinates": [
          -4.06544,
          38.6886
        ]
      }
    },
    {
      "type": "Feature",
      "properties": {
        "id": "INET_CO_173",
        "name": "Puiatu",
        "node_start": "INET_N_1313",
        "node_end": "INET_N_1313",
        "tags": {},
        "year_end": null,
        "is_H_gas": 1,
        "max_cap_M_m3_per_d": 37.2,
        "max_power_MW": 38.34752021041664,
        "max_pressure_bar": 94.70588235294117,
        "num_turb": 3,
        "year_start": null,
        "nuts3": "EE008",
        "turbine_fuel_isGas_1": 1,
        "turbine_fuel_isGas_2": 1,
        "turbine_fuel_isGas_3": 1,
        "turbine_fuel_isGas_4": 1,
        "turbine_fuel_isGas_5": 1,
        "turbine_fuel_isGas_6": 1,
        "turbine_power_1_MW": 11.8,
        "turbine_power_2_MW": 11.8,
        "turbine_power_3_MW": 12.547826086956523,
        "turbine_power_4_MW": 0.0,
        "turbine_power_5_MW": 0.0,
        "turbine_power_6_MW": 0.0,
        "turbine_power_7_MW": null,
        "turbine_power_8_MW": null,
        "turbine_power_9_MW": null
      },
      "geometry": {
        "type": "Point",
        "coordinates": [
          25.422,
          58.354
        ]
      }
    },
    {
      "type": "Feature",
      "properties": {
        "id": "INET_CO_174",
        "name": "Puth Schinnen",
        "node_start": "N_602_M_LMGN",
        "node_end": "N_602_M_LMGN",
        "tags": {},
        "year_end": null,
        "is_H_gas": 1,
        "max_cap_M_m3_per_d": 37.2,
        "max_power_MW": 38.34752021041664,
        "max_pressure_bar": 94.70588235294117,
        "num_turb": 3,
        "year_start": null,
        "nuts3": "NL423",
        "turbine_fuel_isGas_1": 1,
        "turbine_fuel_isGas_2": 1,
        "turbine_fuel_isGas_3": 1,
        "turbine_fuel_isGas_4": 1,
        "turbine_fuel_isGas_5": 1,
        "turbine_fuel_isGas_6": 1,
        "turbine_power_1_MW": 11.8,
        "turbine_power_2_MW": 11.8,
        "turbine_power_3_MW": 12.547826086956523,
        "turbine_power_4_MW": 0.0,
        "turbine_power_5_MW": 0.0,
        "turbine_power_6_MW": 0.0,
        "turbine_power_7_MW": null,
        "turbine_power_8_MW": null,
        "turbine_power_9_MW": null
      },
      "geometry": {
        "type": "Point",
        "coordinates": [
          5.84567,
          50.90342
        ]
      }
    },
    {
      "type": "Feature",
      "properties": {
        "id": "INET_CO_175",
        "name": "Quarnstedt",
        "node_start": "LKD_N_175",
        "node_end": "LKD_N_175",
        "tags": {},
        "year_end": null,
        "is_H_gas": 1,
        "max_cap_M_m3_per_d": 39.487555756811695,
        "max_power_MW": 38.34752021041664,
        "max_pressure_bar": 94.70588235294117,
        "num_turb": 3,
        "year_start": null,
        "nuts3": "DEF0E",
        "turbine_fuel_isGas_1": 1,
        "turbine_fuel_isGas_2": 1,
        "turbine_fuel_isGas_3": 1,
        "turbine_fuel_isGas_4": 1,
        "turbine_fuel_isGas_5": 1,
        "turbine_fuel_isGas_6": 1,
        "turbine_power_1_MW": 11.8,
        "turbine_power_2_MW": 11.8,
        "turbine_power_3_MW": 12.547826086956523,
        "turbine_power_4_MW": 0.0,
        "turbine_power_5_MW": 0.0,
        "turbine_power_6_MW": 0.0,
        "turbine_power_7_MW": null,
        "turbine_power_8_MW": null,
        "turbine_power_9_MW": null
      },
      "geometry": {
        "type": "Point",
        "coordinates": [
          9.712548,
          53.936078
        ]
      }
    },
    {
      "type": "Feature",
      "properties": {
        "id": "INET_CO_176",
        "name": "Radeland",
        "node_start": "SEQ_11603_p",
        "node_end": "SEQ_11603_p",
        "tags": {},
        "year_end": null,
        "is_H_gas": 1,
        "max_cap_M_m3_per_d": 83.67808565399542,
        "max_power_MW": 99.1,
        "max_pressure_bar": 100.0,
        "num_turb": 3,
        "year_start": null,
        "nuts3": "DE406",
        "turbine_fuel_isGas_1": 1,
        "turbine_fuel_isGas_2": 1,
        "turbine_fuel_isGas_3": 1,
        "turbine_fuel_isGas_4": 1,
        "turbine_fuel_isGas_5": 1,
        "turbine_fuel_isGas_6": 1,
        "turbine_power_1_MW": 31.7,
        "turbine_power_2_MW": 33.7,
        "turbine_power_3_MW": 33.7,
        "turbine_power_4_MW": 0.0,
        "turbine_power_5_MW": 0.0,
        "turbine_power_6_MW": 0.0,
        "turbine_power_7_MW": null,
        "turbine_power_8_MW": null,
        "turbine_power_9_MW": null
      },
      "geometry": {
        "type": "Point",
        "coordinates": [
          13.587282,
          52.093499
        ]
      }
    },
    {
      "type": "Feature",
      "properties": {
        "id": "INET_CO_177",
        "name": "Rainbach",
        "node_start": "N_847_M_LMGN",
        "node_end": "N_847_M_LMGN",
        "tags": {},
        "year_end": null,
        "is_H_gas": 1,
        "max_cap_M_m3_per_d": 28.703414382064523,
        "max_power_MW": 38.34752021041664,
        "max_pressure_bar": 94.70588235294117,
        "num_turb": 3,
        "year_start": null,
        "nuts3": "AT313",
        "turbine_fuel_isGas_1": 1,
        "turbine_fuel_isGas_2": 1,
        "turbine_fuel_isGas_3": 1,
        "turbine_fuel_isGas_4": 1,
        "turbine_fuel_isGas_5": 1,
        "turbine_fuel_isGas_6": 1,
        "turbine_power_1_MW": 11.8,
        "turbine_power_2_MW": 11.8,
        "turbine_power_3_MW": 12.547826086956523,
        "turbine_power_4_MW": 0.0,
        "turbine_power_5_MW": 0.0,
        "turbine_power_6_MW": 0.0,
        "turbine_power_7_MW": null,
        "turbine_power_8_MW": null,
        "turbine_power_9_MW": null
      },
      "geometry": {
        "type": "Point",
        "coordinates": [
          14.55229,
          48.5272
        ]
      }
    },
    {
      "type": "Feature",
      "properties": {
        "id": "INET_CO_178",
        "name": "Ravenstein",
        "node_start": "INET_N_481",
        "node_end": "INET_N_481",
        "tags": {},
        "year_end": null,
        "is_H_gas": 1,
        "max_cap_M_m3_per_d": 37.2,
        "max_power_MW": 38.34752021041664,
        "max_pressure_bar": 94.70588235294117,
        "num_turb": 3,
        "year_start": null,
        "nuts3": "NL226",
        "turbine_fuel_isGas_1": 1,
        "turbine_fuel_isGas_2": 1,
        "turbine_fuel_isGas_3": 1,
        "turbine_fuel_isGas_4": 1,
        "turbine_fuel_isGas_5": 1,
        "turbine_fuel_isGas_6": 1,
        "turbine_power_1_MW": 11.8,
        "turbine_power_2_MW": 11.8,
        "turbine_power_3_MW": 12.547826086956523,
        "turbine_power_4_MW": 0.0,
        "turbine_power_5_MW": 0.0,
        "turbine_power_6_MW": 0.0,
        "turbine_power_7_MW": null,
        "turbine_power_8_MW": null,
        "turbine_power_9_MW": null
      },
      "geometry": {
        "type": "Point",
        "coordinates": [
          5.7,
          51.8
        ]
      }
    },
    {
      "type": "Feature",
      "properties": {
        "id": "INET_CO_179",
        "name": "Reckrod",
        "node_start": "SEQ_11975_p",
        "node_end": "SEQ_11975_p",
        "tags": {},
        "year_end": null,
        "is_H_gas": 1,
        "max_cap_M_m3_per_d": 45.6,
        "max_power_MW": 75.8,
        "max_pressure_bar": 90.0,
        "num_turb": 5,
        "year_start": 1994.0,
        "nuts3": "DE733",
        "turbine_fuel_isGas_1": 1,
        "turbine_fuel_isGas_2": 1,
        "turbine_fuel_isGas_3": 1,
        "turbine_fuel_isGas_4": 1,
        "turbine_fuel_isGas_5": 1,
        "turbine_fuel_isGas_6": 1,
        "turbine_power_1_MW": 12.6,
        "turbine_power_2_MW": 12.6,
        "turbine_power_3_MW": 12.6,
        "turbine_power_4_MW": 12.6,
        "turbine_power_5_MW": 25.4,
        "turbine_power_6_MW": 0.0,
        "turbine_power_7_MW": null,
        "turbine_power_8_MW": null,
        "turbine_power_9_MW": null
      },
      "geometry": {
        "type": "Point",
        "coordinates": [
          9.82305,
          50.79345
        ]
      }
    },
    {
      "type": "Feature",
      "properties": {
        "id": "INET_CO_180",
        "name": "Rehden",
        "node_start": "INET_N_1344",
        "node_end": "INET_N_1344",
        "tags": {},
        "year_end": null,
        "is_H_gas": 1,
        "max_cap_M_m3_per_d": 50.4,
        "max_power_MW": 29.0,
        "max_pressure_bar": 100.0,
        "num_turb": 3,
        "year_start": 2012.0,
        "nuts3": "DE922",
        "turbine_fuel_isGas_1": 0,
        "turbine_fuel_isGas_2": 0,
        "turbine_fuel_isGas_3": 1,
        "turbine_fuel_isGas_4": 1,
        "turbine_fuel_isGas_5": 1,
        "turbine_fuel_isGas_6": 1,
        "turbine_power_1_MW": 11.0,
        "turbine_power_2_MW": 11.0,
        "turbine_power_3_MW": 7.0,
        "turbine_power_4_MW": 0.0,
        "turbine_power_5_MW": 0.0,
        "turbine_power_6_MW": 0.0,
        "turbine_power_7_MW": null,
        "turbine_power_8_MW": null,
        "turbine_power_9_MW": null
      },
      "geometry": {
        "type": "Point",
        "coordinates": [
          8.493598,
          52.613673
        ]
      }
    },
    {
      "type": "Feature",
      "properties": {
        "id": "INET_CO_181",
        "name": "Rimpar",
        "node_start": "SEQ_12647_p",
        "node_end": "SEQ_12647_p",
        "tags": {},
        "year_end": null,
        "is_H_gas": 1,
        "max_cap_M_m3_per_d": 34.49683903432889,
        "max_power_MW": 26.0,
        "max_pressure_bar": 88.3062021809718,
        "num_turb": 3,
        "year_start": null,
        "nuts3": "DE26C",
        "turbine_fuel_isGas_1": 1,
        "turbine_fuel_isGas_2": 1,
        "turbine_fuel_isGas_3": 1,
        "turbine_fuel_isGas_4": 1,
        "turbine_fuel_isGas_5": 1,
        "turbine_fuel_isGas_6": 1,
        "turbine_power_1_MW": 13.0,
        "turbine_power_2_MW": 13.0,
        "turbine_power_3_MW": 13.0,
        "turbine_power_4_MW": 0.0,
        "turbine_power_5_MW": 0.0,
        "turbine_power_6_MW": 0.0,
        "turbine_power_7_MW": null,
        "turbine_power_8_MW": null,
        "turbine_power_9_MW": null
      },
      "geometry": {
        "type": "Point",
        "coordinates": [
          9.905808,
          49.839157
        ]
      }
    },
    {
      "type": "Feature",
      "properties": {
        "id": "INET_CO_182",
        "name": "Rixfeld",
        "node_start": "LKD_N_230",
        "node_end": "LKD_N_230",
        "tags": {},
        "year_end": null,
        "is_H_gas": 1,
        "max_cap_M_m3_per_d": 29.61529571580426,
        "max_power_MW": 39.0,
        "max_pressure_bar": 91.75454820840665,
        "num_turb": 3,
        "year_start": null,
        "nuts3": "DE725",
        "turbine_fuel_isGas_1": 1,
        "turbine_fuel_isGas_2": 1,
        "turbine_fuel_isGas_3": 1,
        "turbine_fuel_isGas_4": 1,
        "turbine_fuel_isGas_5": 1,
        "turbine_fuel_isGas_6": 1,
        "turbine_power_1_MW": 13.0,
        "turbine_power_2_MW": 13.0,
        "turbine_power_3_MW": 13.0,
        "turbine_power_4_MW": 0.0,
        "turbine_power_5_MW": 0.0,
        "turbine_power_6_MW": 0.0,
        "turbine_power_7_MW": null,
        "turbine_power_8_MW": null,
        "turbine_power_9_MW": null
      },
      "geometry": {
        "type": "Point",
        "coordinates": [
          9.311253,
          50.551258
        ]
      }
    },
    {
      "type": "Feature",
      "properties": {
        "id": "INET_CO_183",
        "name": "Rohatyn",
        "node_start": "SEQ_10114_p",
        "node_end": "SEQ_10114_p",
        "tags": {},
        "year_end": null,
        "is_H_gas": 1,
        "max_cap_M_m3_per_d": 37.2,
        "max_power_MW": 38.34752021041664,
        "max_pressure_bar": 94.70588235294117,
        "num_turb": 3,
        "year_start": null,
        "nuts3": null,
        "turbine_fuel_isGas_1": 1,
        "turbine_fuel_isGas_2": 1,
        "turbine_fuel_isGas_3": 1,
        "turbine_fuel_isGas_4": 1,
        "turbine_fuel_isGas_5": 1,
        "turbine_fuel_isGas_6": 1,
        "turbine_power_1_MW": 11.8,
        "turbine_power_2_MW": 11.8,
        "turbine_power_3_MW": 12.547826086956523,
        "turbine_power_4_MW": 0.0,
        "turbine_power_5_MW": 0.0,
        "turbine_power_6_MW": 0.0,
        "turbine_power_7_MW": null,
        "turbine_power_8_MW": null,
        "turbine_power_9_MW": null
      },
      "geometry": {
        "type": "Point",
        "coordinates": [
          24.63808,
          49.34843
        ]
      }
    },
    {
      "type": "Feature",
      "properties": {
        "id": "INET_CO_184",
        "name": "Rososh",
        "node_start": "SEQ_2253_p",
        "node_end": "SEQ_2253_p",
        "tags": {},
        "year_end": null,
        "is_H_gas": 1,
        "max_cap_M_m3_per_d": 199.992,
        "max_power_MW": 38.34752021041664,
        "max_pressure_bar": 94.70588235294117,
        "num_turb": 3,
        "year_start": null,
        "nuts3": null,
        "turbine_fuel_isGas_1": 1,
        "turbine_fuel_isGas_2": 1,
        "turbine_fuel_isGas_3": 1,
        "turbine_fuel_isGas_4": 1,
        "turbine_fuel_isGas_5": 1,
        "turbine_fuel_isGas_6": 1,
        "turbine_power_1_MW": 11.8,
        "turbine_power_2_MW": 11.8,
        "turbine_power_3_MW": 12.547826086956523,
        "turbine_power_4_MW": 0.0,
        "turbine_power_5_MW": 0.0,
        "turbine_power_6_MW": 0.0,
        "turbine_power_7_MW": null,
        "turbine_power_8_MW": null,
        "turbine_power_9_MW": null
      },
      "geometry": {
        "type": "Point",
        "coordinates": [
          23.15985,
          48.42979
        ]
      }
    },
    {
      "type": "Feature",
      "properties": {
        "id": "INET_CO_185",
        "name": "Rothenstadt",
        "node_start": "SEQ_11717_p",
        "node_end": "SEQ_11717_p",
        "tags": {},
        "year_end": null,
        "is_H_gas": 1,
        "max_cap_M_m3_per_d": 51.99396689025858,
        "max_power_MW": 45.0,
        "max_pressure_bar": 86.73731766556108,
        "num_turb": 3,
        "year_start": null,
        "nuts3": "DE237",
        "turbine_fuel_isGas_1": 1,
        "turbine_fuel_isGas_2": 1,
        "turbine_fuel_isGas_3": 1,
        "turbine_fuel_isGas_4": 1,
        "turbine_fuel_isGas_5": 1,
        "turbine_fuel_isGas_6": 1,
        "turbine_power_1_MW": 15.0,
        "turbine_power_2_MW": 15.0,
        "turbine_power_3_MW": 15.0,
        "turbine_power_4_MW": 0.0,
        "turbine_power_5_MW": 0.0,
        "turbine_power_6_MW": 0.0,
        "turbine_power_7_MW": null,
        "turbine_power_8_MW": null,
        "turbine_power_9_MW": null
      },
      "geometry": {
        "type": "Point",
        "coordinates": [
          12.382241,
          49.684671
        ]
      }
    },
    {
      "type": "Feature",
      "properties": {
        "id": "INET_CO_186",
        "name": "Roussines",
        "node_start": "SEQ_2158_p",
        "node_end": "SEQ_2158_p",
        "tags": {},
        "year_end": null,
        "is_H_gas": 1,
        "max_cap_M_m3_per_d": 37.2,
        "max_power_MW": 38.34752021041664,
        "max_pressure_bar": 94.70588235294117,
        "num_turb": 3,
        "year_start": null,
        "nuts3": "FRB03",
        "turbine_fuel_isGas_1": 1,
        "turbine_fuel_isGas_2": 1,
        "turbine_fuel_isGas_3": 1,
        "turbine_fuel_isGas_4": 1,
        "turbine_fuel_isGas_5": 1,
        "turbine_fuel_isGas_6": 1,
        "turbine_power_1_MW": 11.8,
        "turbine_power_2_MW": 11.8,
        "turbine_power_3_MW": 12.547826086956523,
        "turbine_power_4_MW": 0.0,
        "turbine_power_5_MW": 0.0,
        "turbine_power_6_MW": 0.0,
        "turbine_power_7_MW": null,
        "turbine_power_8_MW": null,
        "turbine_power_9_MW": null
      },
      "geometry": {
        "type": "Point",
        "coordinates": [
          1.25697,
          46.4875
        ]
      }
    },
    {
      "type": "Feature",
      "properties": {
        "id": "INET_CO_187",
        "name": "Ruden",
        "node_start": "INET_N_1393",
        "node_end": "INET_N_1393",
        "tags": {},
        "year_end": null,
        "is_H_gas": 1,
        "max_cap_M_m3_per_d": 31.71037227718207,
        "max_power_MW": 38.34752021041664,
        "max_pressure_bar": 94.70588235294117,
        "num_turb": 3,
        "year_start": null,
        "nuts3": "AT213",
        "turbine_fuel_isGas_1": 1,
        "turbine_fuel_isGas_2": 1,
        "turbine_fuel_isGas_3": 1,
        "turbine_fuel_isGas_4": 1,
        "turbine_fuel_isGas_5": 1,
        "turbine_fuel_isGas_6": 1,
        "turbine_power_1_MW": 11.8,
        "turbine_power_2_MW": 11.8,
        "turbine_power_3_MW": 12.547826086956523,
        "turbine_power_4_MW": 0.0,
        "turbine_power_5_MW": 0.0,
        "turbine_power_6_MW": 0.0,
        "turbine_power_7_MW": null,
        "turbine_power_8_MW": null,
        "turbine_power_9_MW": null
      },
      "geometry": {
        "type": "Point",
        "coordinates": [
          14.756849,
          46.674191
        ]
      }
    },
    {
      "type": "Feature",
      "properties": {
        "id": "INET_CO_188",
        "name": "Rueckersdorf",
        "node_start": "LKD_N_97",
        "node_end": "LKD_N_97",
        "tags": {},
        "year_end": null,
        "is_H_gas": 1,
        "max_cap_M_m3_per_d": 52.8,
        "max_power_MW": 76.2,
        "max_pressure_bar": 100.0,
        "num_turb": 3,
        "year_start": 1999.0,
        "nuts3": "DEG0L",
        "turbine_fuel_isGas_1": 1,
        "turbine_fuel_isGas_2": 1,
        "turbine_fuel_isGas_3": 1,
        "turbine_fuel_isGas_4": 1,
        "turbine_fuel_isGas_5": 1,
        "turbine_fuel_isGas_6": 1,
        "turbine_power_1_MW": 25.4,
        "turbine_power_2_MW": 25.4,
        "turbine_power_3_MW": 25.4,
        "turbine_power_4_MW": 0.0,
        "turbine_power_5_MW": 0.0,
        "turbine_power_6_MW": 0.0,
        "turbine_power_7_MW": null,
        "turbine_power_8_MW": null,
        "turbine_power_9_MW": null
      },
      "geometry": {
        "type": "Point",
        "coordinates": [
          12.214035,
          50.782075
        ]
      }
    },
    {
      "type": "Feature",
      "properties": {
        "id": "INET_CO_189",
        "name": "Russkaya",
        "node_start": "SEQ_4993_p",
        "node_end": "SEQ_4993_p",
        "tags": {},
        "year_end": null,
        "is_H_gas": 1,
        "max_cap_M_m3_per_d": 37.2,
        "max_power_MW": 38.34752021041664,
        "max_pressure_bar": 94.70588235294117,
        "num_turb": 3,
        "year_start": null,
        "nuts3": null,
        "turbine_fuel_isGas_1": 1,
        "turbine_fuel_isGas_2": 1,
        "turbine_fuel_isGas_3": 1,
        "turbine_fuel_isGas_4": 1,
        "turbine_fuel_isGas_5": 1,
        "turbine_fuel_isGas_6": 1,
        "turbine_power_1_MW": 11.8,
        "turbine_power_2_MW": 11.8,
        "turbine_power_3_MW": 12.547826086956523,
        "turbine_power_4_MW": 0.0,
        "turbine_power_5_MW": 0.0,
        "turbine_power_6_MW": 0.0,
        "turbine_power_7_MW": null,
        "turbine_power_8_MW": null,
        "turbine_power_9_MW": null
      },
      "geometry": {
        "type": "Point",
        "coordinates": [
          39.87115,
          45.75394
        ]
      }
    },
    {
      "type": "Feature",
      "properties": {
        "id": "INET_CO_190",
        "name": "Ruswil",
        "node_start": "SEQ_9137_p",
        "node_end": "SEQ_9137_p",
        "tags": {},
        "year_end": null,
        "is_H_gas": 1,
        "max_cap_M_m3_per_d": 37.2,
        "max_power_MW": 38.34752021041664,
        "max_pressure_bar": 94.70588235294117,
        "num_turb": 3,
        "year_start": null,
        "nuts3": "CH061",
        "turbine_fuel_isGas_1": 1,
        "turbine_fuel_isGas_2": 1,
        "turbine_fuel_isGas_3": 1,
        "turbine_fuel_isGas_4": 1,
        "turbine_fuel_isGas_5": 1,
        "turbine_fuel_isGas_6": 1,
        "turbine_power_1_MW": 11.8,
        "turbine_power_2_MW": 11.8,
        "turbine_power_3_MW": 12.547826086956523,
        "turbine_power_4_MW": 0.0,
        "turbine_power_5_MW": 0.0,
        "turbine_power_6_MW": 0.0,
        "turbine_power_7_MW": null,
        "turbine_power_8_MW": null,
        "turbine_power_9_MW": null
      },
      "geometry": {
        "type": "Point",
        "coordinates": [
          8.21797,
          47.05671
        ]
      }
    },
    {
      "type": "Feature",
      "properties": {
        "id": "INET_CO_191",
        "name": "San Salvo Flume Treste",
        "node_start": "INET_N_1433",
        "node_end": "INET_N_1433",
        "tags": {},
        "year_end": null,
        "is_H_gas": 1,
        "max_cap_M_m3_per_d": 37.2,
        "max_power_MW": 38.34752021041664,
        "max_pressure_bar": 94.70588235294117,
        "num_turb": 3,
        "year_start": null,
        "nuts3": "ITF14",
        "turbine_fuel_isGas_1": 1,
        "turbine_fuel_isGas_2": 1,
        "turbine_fuel_isGas_3": 1,
        "turbine_fuel_isGas_4": 1,
        "turbine_fuel_isGas_5": 1,
        "turbine_fuel_isGas_6": 1,
        "turbine_power_1_MW": 11.8,
        "turbine_power_2_MW": 11.8,
        "turbine_power_3_MW": 12.547826086956523,
        "turbine_power_4_MW": 0.0,
        "turbine_power_5_MW": 0.0,
        "turbine_power_6_MW": 0.0,
        "turbine_power_7_MW": null,
        "turbine_power_8_MW": null,
        "turbine_power_9_MW": null
      },
      "geometry": {
        "type": "Point",
        "coordinates": [
          14.701403,
          42.024817
        ]
      }
    },
    {
      "type": "Feature",
      "properties": {
        "id": "INET_CO_192",
        "name": "Sayda",
        "node_start": "LKD_N_373",
        "node_end": "LKD_N_373",
        "tags": {},
        "year_end": null,
        "is_H_gas": 1,
        "max_cap_M_m3_per_d": 34.11007596027062,
        "max_power_MW": 38.34752021041664,
        "max_pressure_bar": 94.70588235294117,
        "num_turb": 3,
        "year_start": null,
        "nuts3": "DED43",
        "turbine_fuel_isGas_1": 1,
        "turbine_fuel_isGas_2": 1,
        "turbine_fuel_isGas_3": 1,
        "turbine_fuel_isGas_4": 1,
        "turbine_fuel_isGas_5": 1,
        "turbine_fuel_isGas_6": 1,
        "turbine_power_1_MW": 11.8,
        "turbine_power_2_MW": 11.8,
        "turbine_power_3_MW": 12.547826086956523,
        "turbine_power_4_MW": 0.0,
        "turbine_power_5_MW": 0.0,
        "turbine_power_6_MW": 0.0,
        "turbine_power_7_MW": null,
        "turbine_power_8_MW": null,
        "turbine_power_9_MW": null
      },
      "geometry": {
        "type": "Point",
        "coordinates": [
          13.439963,
          50.717132
        ]
      }
    },
    {
      "type": "Feature",
      "properties": {
        "id": "INET_CO_193",
        "name": "Scheemda",
        "node_start": "SEQ_697__L_LMGN",
        "node_end": "SEQ_697__L_LMGN",
        "tags": {},
        "year_end": null,
        "is_H_gas": 1,
        "max_cap_M_m3_per_d": 37.2,
        "max_power_MW": 38.34752021041664,
        "max_pressure_bar": 94.70588235294117,
        "num_turb": 3,
        "year_start": null,
        "nuts3": "NL111",
        "turbine_fuel_isGas_1": 1,
        "turbine_fuel_isGas_2": 1,
        "turbine_fuel_isGas_3": 1,
        "turbine_fuel_isGas_4": 1,
        "turbine_fuel_isGas_5": 1,
        "turbine_fuel_isGas_6": 1,
        "turbine_power_1_MW": 11.8,
        "turbine_power_2_MW": 11.8,
        "turbine_power_3_MW": 12.547826086956523,
        "turbine_power_4_MW": 0.0,
        "turbine_power_5_MW": 0.0,
        "turbine_power_6_MW": 0.0,
        "turbine_power_7_MW": null,
        "turbine_power_8_MW": null,
        "turbine_power_9_MW": null
      },
      "geometry": {
        "type": "Point",
        "coordinates": [
          6.93055,
          53.17842
        ]
      }
    },
    {
      "type": "Feature",
      "properties": {
        "id": "INET_CO_194",
        "name": "Schwarzach",
        "node_start": "SEQ_11777_p",
        "node_end": "SEQ_11777_p",
        "tags": {},
        "year_end": null,
        "is_H_gas": 1,
        "max_cap_M_m3_per_d": 39.487555756811695,
        "max_power_MW": 38.34752021041664,
        "max_pressure_bar": 94.70588235294117,
        "num_turb": 3,
        "year_start": null,
        "nuts3": "DE124",
        "turbine_fuel_isGas_1": 1,
        "turbine_fuel_isGas_2": 1,
        "turbine_fuel_isGas_3": 1,
        "turbine_fuel_isGas_4": 1,
        "turbine_fuel_isGas_5": 1,
        "turbine_fuel_isGas_6": 1,
        "turbine_power_1_MW": 11.8,
        "turbine_power_2_MW": 11.8,
        "turbine_power_3_MW": 12.547826086956523,
        "turbine_power_4_MW": 0.0,
        "turbine_power_5_MW": 0.0,
        "turbine_power_6_MW": 0.0,
        "turbine_power_7_MW": null,
        "turbine_power_8_MW": null,
        "turbine_power_9_MW": null
      },
      "geometry": {
        "type": "Point",
        "coordinates": [
          8.078997,
          48.74406
        ]
      }
    },
    {
      "type": "Feature",
      "properties": {
        "id": "INET_CO_195",
        "name": "Scunthorpe",
        "node_start": "SEQ_4159__L_LMGN",
        "node_end": "SEQ_4159__L_LMGN",
        "tags": {},
        "year_end": null,
        "is_H_gas": 1,
        "max_cap_M_m3_per_d": 24.436900478658696,
        "max_power_MW": 23.6,
        "max_pressure_bar": 94.70588235294117,
        "num_turb": 2,
        "year_start": 1973.0,
        "nuts3": "UKE13",
        "turbine_fuel_isGas_1": 1,
        "turbine_fuel_isGas_2": 1,
        "turbine_fuel_isGas_3": 1,
        "turbine_fuel_isGas_4": 1,
        "turbine_fuel_isGas_5": 1,
        "turbine_fuel_isGas_6": 1,
        "turbine_power_1_MW": 11.8,
        "turbine_power_2_MW": 11.8,
        "turbine_power_3_MW": 0.0,
        "turbine_power_4_MW": 0.0,
        "turbine_power_5_MW": 0.0,
        "turbine_power_6_MW": 0.0,
        "turbine_power_7_MW": null,
        "turbine_power_8_MW": null,
        "turbine_power_9_MW": null
      },
      "geometry": {
        "type": "Point",
        "coordinates": [
          -0.77896,
          53.55695
        ]
      }
    },
    {
      "type": "Feature",
      "properties": {
        "id": "INET_CO_196",
        "name": "Sergnano",
        "node_start": "N_736_M_LMGN",
        "node_end": "N_736_M_LMGN",
        "tags": {},
        "year_end": null,
        "is_H_gas": 1,
        "max_cap_M_m3_per_d": 27.440465928821055,
        "max_power_MW": 38.34752021041664,
        "max_pressure_bar": 94.70588235294117,
        "num_turb": 3,
        "year_start": null,
        "nuts3": "ITC4A",
        "turbine_fuel_isGas_1": 1,
        "turbine_fuel_isGas_2": 1,
        "turbine_fuel_isGas_3": 1,
        "turbine_fuel_isGas_4": 1,
        "turbine_fuel_isGas_5": 1,
        "turbine_fuel_isGas_6": 1,
        "turbine_power_1_MW": 11.8,
        "turbine_power_2_MW": 11.8,
        "turbine_power_3_MW": 12.547826086956523,
        "turbine_power_4_MW": 0.0,
        "turbine_power_5_MW": 0.0,
        "turbine_power_6_MW": 0.0,
        "turbine_power_7_MW": null,
        "turbine_power_8_MW": null,
        "turbine_power_9_MW": null
      },
      "geometry": {
        "type": "Point",
        "coordinates": [
          9.66495,
          45.41689
        ]
      }
    },
    {
      "type": "Feature",
      "properties": {
        "id": "INET_CO_197",
        "name": "Settala",
        "node_start": "INET_N_1481",
        "node_end": "INET_N_1481",
        "tags": {},
        "year_end": null,
        "is_H_gas": 1,
        "max_cap_M_m3_per_d": 30.817191266966745,
        "max_power_MW": 38.34752021041664,
        "max_pressure_bar": 94.70588235294117,
        "num_turb": 3,
        "year_start": null,
        "nuts3": "ITC4C",
        "turbine_fuel_isGas_1": 1,
        "turbine_fuel_isGas_2": 1,
        "turbine_fuel_isGas_3": 1,
        "turbine_fuel_isGas_4": 1,
        "turbine_fuel_isGas_5": 1,
        "turbine_fuel_isGas_6": 1,
        "turbine_power_1_MW": 11.8,
        "turbine_power_2_MW": 11.8,
        "turbine_power_3_MW": 12.547826086956523,
        "turbine_power_4_MW": 0.0,
        "turbine_power_5_MW": 0.0,
        "turbine_power_6_MW": 0.0,
        "turbine_power_7_MW": null,
        "turbine_power_8_MW": null,
        "turbine_power_9_MW": null
      },
      "geometry": {
        "type": "Point",
        "coordinates": [
          9.403412,
          45.451046
        ]
      }
    },
    {
      "type": "Feature",
      "properties": {
        "id": "INET_CO_198",
        "name": "Sevilla",
        "node_start": "N_647_S_LMGN",
        "node_end": "N_647_S_LMGN",
        "tags": {},
        "year_end": null,
        "is_H_gas": 1,
        "max_cap_M_m3_per_d": 27.440465928821055,
        "max_power_MW": 38.34752021041664,
        "max_pressure_bar": 94.70588235294117,
        "num_turb": 3,
        "year_start": null,
        "nuts3": "ES618",
        "turbine_fuel_isGas_1": 1,
        "turbine_fuel_isGas_2": 1,
        "turbine_fuel_isGas_3": 1,
        "turbine_fuel_isGas_4": 1,
        "turbine_fuel_isGas_5": 1,
        "turbine_fuel_isGas_6": 1,
        "turbine_power_1_MW": 11.8,
        "turbine_power_2_MW": 11.8,
        "turbine_power_3_MW": 12.547826086956523,
        "turbine_power_4_MW": 0.0,
        "turbine_power_5_MW": 0.0,
        "turbine_power_6_MW": 0.0,
        "turbine_power_7_MW": null,
        "turbine_power_8_MW": null,
        "turbine_power_9_MW": null
      },
      "geometry": {
        "type": "Point",
        "coordinates": [
          -6.01402,
          37.27381
        ]
      }
    },
    {
      "type": "Feature",
      "properties": {
        "id": "INET_CO_199",
        "name": "Silistea",
        "node_start": "SEQ_3326_p",
        "node_end": "SEQ_3326_p",
        "tags": {},
        "year_end": null,
        "is_H_gas": 1,
        "max_cap_M_m3_per_d": 37.2,
        "max_power_MW": 38.34752021041664,
        "max_pressure_bar": 94.70588235294117,
        "num_turb": 3,
        "year_start": null,
        "nuts3": "RO223",
        "turbine_fuel_isGas_1": 1,
        "turbine_fuel_isGas_2": 1,
        "turbine_fuel_isGas_3": 1,
        "turbine_fuel_isGas_4": 1,
        "turbine_fuel_isGas_5": 1,
        "turbine_fuel_isGas_6": 1,
        "turbine_power_1_MW": 11.8,
        "turbine_power_2_MW": 11.8,
        "turbine_power_3_MW": 12.547826086956523,
        "turbine_power_4_MW": 0.0,
        "turbine_power_5_MW": 0.0,
        "turbine_power_6_MW": 0.0,
        "turbine_power_7_MW": null,
        "turbine_power_8_MW": null,
        "turbine_power_9_MW": null
      },
      "geometry": {
        "type": "Point",
        "coordinates": [
          28.14808,
          44.35541
        ]
      }
    },
    {
      "type": "Feature",
      "properties": {
        "id": "INET_CO_200",
        "name": "Slavyanskaya",
        "node_start": "SEQ_11156_p",
        "node_end": "SEQ_11156_p",
        "tags": {},
        "year_end": null,
        "is_H_gas": 1,
        "max_cap_M_m3_per_d": 37.2,
        "max_power_MW": 38.34752021041664,
        "max_pressure_bar": 94.70588235294117,
        "num_turb": 3,
        "year_start": null,
        "nuts3": null,
        "turbine_fuel_isGas_1": 1,
        "turbine_fuel_isGas_2": 1,
        "turbine_fuel_isGas_3": 1,
        "turbine_fuel_isGas_4": 1,
        "turbine_fuel_isGas_5": 1,
        "turbine_fuel_isGas_6": 1,
        "turbine_power_1_MW": 11.8,
        "turbine_power_2_MW": 11.8,
        "turbine_power_3_MW": 12.547826086956523,
        "turbine_power_4_MW": 0.0,
        "turbine_power_5_MW": 0.0,
        "turbine_power_6_MW": 0.0,
        "turbine_power_7_MW": null,
        "turbine_power_8_MW": null,
        "turbine_power_9_MW": null
      },
      "geometry": {
        "type": "Point",
        "coordinates": [
          28.57415,
          59.54355
        ]
      }
    },
    {
      "type": "Feature",
      "properties": {
        "id": "INET_CO_201",
        "name": "Slonim",
        "node_start": "N_998_S_LMGN",
        "node_end": "N_998_S_LMGN",
        "tags": {},
        "year_end": null,
        "is_H_gas": 1,
        "max_cap_M_m3_per_d": 37.2,
        "max_power_MW": 38.34752021041664,
        "max_pressure_bar": 94.70588235294117,
        "num_turb": 3,
        "year_start": null,
        "nuts3": null,
        "turbine_fuel_isGas_1": 1,
        "turbine_fuel_isGas_2": 1,
        "turbine_fuel_isGas_3": 1,
        "turbine_fuel_isGas_4": 1,
        "turbine_fuel_isGas_5": 1,
        "turbine_fuel_isGas_6": 1,
        "turbine_power_1_MW": 11.8,
        "turbine_power_2_MW": 11.8,
        "turbine_power_3_MW": 12.547826086956523,
        "turbine_power_4_MW": 0.0,
        "turbine_power_5_MW": 0.0,
        "turbine_power_6_MW": 0.0,
        "turbine_power_7_MW": null,
        "turbine_power_8_MW": null,
        "turbine_power_9_MW": null
      },
      "geometry": {
        "type": "Point",
        "coordinates": [
          25.38102,
          53.07477
        ]
      }
    },
    {
      "type": "Feature",
      "properties": {
        "id": "INET_CO_202",
        "name": "Smolensk",
        "node_start": "SEQ_6445_p",
        "node_end": "SEQ_6445_p",
        "tags": {},
        "year_end": null,
        "is_H_gas": 1,
        "max_cap_M_m3_per_d": 37.2,
        "max_power_MW": 38.34752021041664,
        "max_pressure_bar": 94.70588235294117,
        "num_turb": 3,
        "year_start": null,
        "nuts3": null,
        "turbine_fuel_isGas_1": 1,
        "turbine_fuel_isGas_2": 1,
        "turbine_fuel_isGas_3": 1,
        "turbine_fuel_isGas_4": 1,
        "turbine_fuel_isGas_5": 1,
        "turbine_fuel_isGas_6": 1,
        "turbine_power_1_MW": 11.8,
        "turbine_power_2_MW": 11.8,
        "turbine_power_3_MW": 12.547826086956523,
        "turbine_power_4_MW": 0.0,
        "turbine_power_5_MW": 0.0,
        "turbine_power_6_MW": 0.0,
        "turbine_power_7_MW": null,
        "turbine_power_8_MW": null,
        "turbine_power_9_MW": null
      },
      "geometry": {
        "type": "Point",
        "coordinates": [
          32.14219,
          54.70993
        ]
      }
    },
    {
      "type": "Feature",
      "properties": {
        "id": "INET_CO_203",
        "name": "Spijk",
        "node_start": "SEQ_689__L_LMGN",
        "node_end": "SEQ_689__L_LMGN",
        "tags": {},
        "year_end": null,
        "is_H_gas": 1,
        "max_cap_M_m3_per_d": 37.2,
        "max_power_MW": 38.34752021041664,
        "max_pressure_bar": 94.70588235294117,
        "num_turb": 3,
        "year_start": null,
        "nuts3": "NL112",
        "turbine_fuel_isGas_1": 1,
        "turbine_fuel_isGas_2": 1,
        "turbine_fuel_isGas_3": 1,
        "turbine_fuel_isGas_4": 1,
        "turbine_fuel_isGas_5": 1,
        "turbine_fuel_isGas_6": 1,
        "turbine_power_1_MW": 11.8,
        "turbine_power_2_MW": 11.8,
        "turbine_power_3_MW": 12.547826086956523,
        "turbine_power_4_MW": 0.0,
        "turbine_power_5_MW": 0.0,
        "turbine_power_6_MW": 0.0,
        "turbine_power_7_MW": null,
        "turbine_power_8_MW": null,
        "turbine_power_9_MW": null
      },
      "geometry": {
        "type": "Point",
        "coordinates": [
          6.83902,
          53.4103
        ]
      }
    },
    {
      "type": "Feature",
      "properties": {
        "id": "INET_CO_204",
        "name": "St Arnoult Des Bois",
        "node_start": "N_1615_S_LMGN",
        "node_end": "N_1615_S_LMGN",
        "tags": {},
        "year_end": null,
        "is_H_gas": 1,
        "max_cap_M_m3_per_d": 37.2,
        "max_power_MW": 38.34752021041664,
        "max_pressure_bar": 94.70588235294117,
        "num_turb": 3,
        "year_start": null,
        "nuts3": "FRB02",
        "turbine_fuel_isGas_1": 1,
        "turbine_fuel_isGas_2": 1,
        "turbine_fuel_isGas_3": 1,
        "turbine_fuel_isGas_4": 1,
        "turbine_fuel_isGas_5": 1,
        "turbine_fuel_isGas_6": 1,
        "turbine_power_1_MW": 11.8,
        "turbine_power_2_MW": 11.8,
        "turbine_power_3_MW": 12.547826086956523,
        "turbine_power_4_MW": 0.0,
        "turbine_power_5_MW": 0.0,
        "turbine_power_6_MW": 0.0,
        "turbine_power_7_MW": null,
        "turbine_power_8_MW": null,
        "turbine_power_9_MW": null
      },
      "geometry": {
        "type": "Point",
        "coordinates": [
          1.16564,
          48.49947
        ]
      }
    },
    {
      "type": "Feature",
      "properties": {
        "id": "INET_CO_205",
        "name": "Stavischenskaya",
        "node_start": "SEQ_4764_p",
        "node_end": "SEQ_4764_p",
        "tags": {},
        "year_end": null,
        "is_H_gas": 1,
        "max_cap_M_m3_per_d": 37.2,
        "max_power_MW": 38.34752021041664,
        "max_pressure_bar": 94.70588235294117,
        "num_turb": 3,
        "year_start": null,
        "nuts3": null,
        "turbine_fuel_isGas_1": 1,
        "turbine_fuel_isGas_2": 1,
        "turbine_fuel_isGas_3": 1,
        "turbine_fuel_isGas_4": 1,
        "turbine_fuel_isGas_5": 1,
        "turbine_fuel_isGas_6": 1,
        "turbine_power_1_MW": 11.8,
        "turbine_power_2_MW": 11.8,
        "turbine_power_3_MW": 12.547826086956523,
        "turbine_power_4_MW": 0.0,
        "turbine_power_5_MW": 0.0,
        "turbine_power_6_MW": 0.0,
        "turbine_power_7_MW": null,
        "turbine_power_8_MW": null,
        "turbine_power_9_MW": null
      },
      "geometry": {
        "type": "Point",
        "coordinates": [
          30.80682,
          49.44766
        ]
      }
    },
    {
      "type": "Feature",
      "properties": {
        "id": "INET_CO_206",
        "name": "St Fergus C1",
        "node_start": "N_113_NS_LMGN",
        "node_end": "N_113_NS_LMGN",
        "tags": {},
        "year_end": null,
        "is_H_gas": 1,
        "max_cap_M_m3_per_d": 75.17612251655505,
        "max_power_MW": 112.5,
        "max_pressure_bar": 94.70588235294117,
        "num_turb": 9,
        "year_start": null,
        "nuts3": "UKM50",
        "turbine_fuel_isGas_1": 1,
        "turbine_fuel_isGas_2": 1,
        "turbine_fuel_isGas_3": 1,
        "turbine_fuel_isGas_4": 1,
        "turbine_fuel_isGas_5": 1,
        "turbine_fuel_isGas_6": 1,
        "turbine_power_1_MW": 12.5,
        "turbine_power_2_MW": 12.5,
        "turbine_power_3_MW": 12.5,
        "turbine_power_4_MW": 12.5,
        "turbine_power_5_MW": 12.5,
        "turbine_power_6_MW": 12.5,
        "turbine_power_7_MW": 12.5,
        "turbine_power_8_MW": 12.5,
        "turbine_power_9_MW": 12.5
      },
      "geometry": {
        "type": "Point",
        "coordinates": [
          -1.89108,
          57.58608
        ]
      }
    },
    {
      "type": "Feature",
      "properties": {
        "id": "INET_CO_207",
        "name": "St Martin De Crau",
        "node_start": "SEQ_2575__L_LMGN",
        "node_end": "SEQ_2575__L_LMGN",
        "tags": {},
        "year_end": null,
        "is_H_gas": 1,
        "max_cap_M_m3_per_d": 22.388672115847182,
        "max_power_MW": 38.34752021041664,
        "max_pressure_bar": 94.70588235294117,
        "num_turb": 3,
        "year_start": null,
        "nuts3": "FRL04",
        "turbine_fuel_isGas_1": 1,
        "turbine_fuel_isGas_2": 1,
        "turbine_fuel_isGas_3": 1,
        "turbine_fuel_isGas_4": 1,
        "turbine_fuel_isGas_5": 1,
        "turbine_fuel_isGas_6": 1,
        "turbine_power_1_MW": 11.8,
        "turbine_power_2_MW": 11.8,
        "turbine_power_3_MW": 12.547826086956523,
        "turbine_power_4_MW": 0.0,
        "turbine_power_5_MW": 0.0,
        "turbine_power_6_MW": 0.0,
        "turbine_power_7_MW": null,
        "turbine_power_8_MW": null,
        "turbine_power_9_MW": null
      },
      "geometry": {
        "type": "Point",
        "coordinates": [
          4.86999,
          43.60342
        ]
      }
    },
    {
      "type": "Feature",
      "properties": {
        "id": "INET_CO_208",
        "name": "Stolberg",
        "node_start": "LKD_N_136",
        "node_end": "LKD_N_136",
        "tags": {},
        "year_end": null,
        "is_H_gas": 1,
        "max_cap_M_m3_per_d": 20.28358364180831,
        "max_power_MW": 38.34752021041664,
        "max_pressure_bar": 94.70588235294117,
        "num_turb": 3,
        "year_start": null,
        "nuts3": "DEA2D",
        "turbine_fuel_isGas_1": 1,
        "turbine_fuel_isGas_2": 1,
        "turbine_fuel_isGas_3": 1,
        "turbine_fuel_isGas_4": 1,
        "turbine_fuel_isGas_5": 1,
        "turbine_fuel_isGas_6": 1,
        "turbine_power_1_MW": 11.8,
        "turbine_power_2_MW": 11.8,
        "turbine_power_3_MW": 12.547826086956523,
        "turbine_power_4_MW": 0.0,
        "turbine_power_5_MW": 0.0,
        "turbine_power_6_MW": 0.0,
        "turbine_power_7_MW": null,
        "turbine_power_8_MW": null,
        "turbine_power_9_MW": null
      },
      "geometry": {
        "type": "Point",
        "coordinates": [
          6.207367,
          50.760751
        ]
      }
    },
    {
      "type": "Feature",
      "properties": {
        "id": "INET_CO_209",
        "name": "Strandja",
        "node_start": "INET_N_1569",
        "node_end": "INET_N_1569",
        "tags": {},
        "year_end": null,
        "is_H_gas": 1,
        "max_cap_M_m3_per_d": 22.388672115847182,
        "max_power_MW": 38.34752021041664,
        "max_pressure_bar": 94.70588235294117,
        "num_turb": 3,
        "year_start": null,
        "nuts3": "BG341",
        "turbine_fuel_isGas_1": 1,
        "turbine_fuel_isGas_2": 1,
        "turbine_fuel_isGas_3": 1,
        "turbine_fuel_isGas_4": 1,
        "turbine_fuel_isGas_5": 1,
        "turbine_fuel_isGas_6": 1,
        "turbine_power_1_MW": 11.8,
        "turbine_power_2_MW": 11.8,
        "turbine_power_3_MW": 12.547826086956523,
        "turbine_power_4_MW": 0.0,
        "turbine_power_5_MW": 0.0,
        "turbine_power_6_MW": 0.0,
        "turbine_power_7_MW": null,
        "turbine_power_8_MW": null,
        "turbine_power_9_MW": null
      },
      "geometry": {
        "type": "Point",
        "coordinates": [
          27.008611,
          42.1825
        ]
      }
    },
    {
      "type": "Feature",
      "properties": {
        "id": "INET_CO_210",
        "name": "Stutensee Blankenloch",
        "node_start": "LKD_N_630",
        "node_end": "LKD_N_630",
        "tags": {},
        "year_end": null,
        "is_H_gas": 1,
        "max_cap_M_m3_per_d": 25.320198557071407,
        "max_power_MW": 38.34752021041664,
        "max_pressure_bar": 94.70588235294117,
        "num_turb": 3,
        "year_start": null,
        "nuts3": "DE122",
        "turbine_fuel_isGas_1": 1,
        "turbine_fuel_isGas_2": 1,
        "turbine_fuel_isGas_3": 1,
        "turbine_fuel_isGas_4": 1,
        "turbine_fuel_isGas_5": 1,
        "turbine_fuel_isGas_6": 1,
        "turbine_power_1_MW": 11.8,
        "turbine_power_2_MW": 11.8,
        "turbine_power_3_MW": 12.547826086956523,
        "turbine_power_4_MW": 0.0,
        "turbine_power_5_MW": 0.0,
        "turbine_power_6_MW": 0.0,
        "turbine_power_7_MW": null,
        "turbine_power_8_MW": null,
        "turbine_power_9_MW": null
      },
      "geometry": {
        "type": "Point",
        "coordinates": [
          8.452136,
          49.03634
        ]
      }
    },
    {
      "type": "Feature",
      "properties": {
        "id": "INET_CO_211",
        "name": "St Victor",
        "node_start": "SEQ_2830_p",
        "node_end": "SEQ_2830_p",
        "tags": {},
        "year_end": null,
        "is_H_gas": 1,
        "max_cap_M_m3_per_d": 37.2,
        "max_power_MW": 38.34752021041664,
        "max_pressure_bar": 94.70588235294117,
        "num_turb": 3,
        "year_start": null,
        "nuts3": "FRK11",
        "turbine_fuel_isGas_1": 1,
        "turbine_fuel_isGas_2": 1,
        "turbine_fuel_isGas_3": 1,
        "turbine_fuel_isGas_4": 1,
        "turbine_fuel_isGas_5": 1,
        "turbine_fuel_isGas_6": 1,
        "turbine_power_1_MW": 11.8,
        "turbine_power_2_MW": 11.8,
        "turbine_power_3_MW": 12.547826086956523,
        "turbine_power_4_MW": 0.0,
        "turbine_power_5_MW": 0.0,
        "turbine_power_6_MW": 0.0,
        "turbine_power_7_MW": null,
        "turbine_power_8_MW": null,
        "turbine_power_9_MW": null
      },
      "geometry": {
        "type": "Point",
        "coordinates": [
          2.65472,
          46.45526
        ]
      }
    },
    {
      "type": "Feature",
      "properties": {
        "id": "INET_CO_212",
        "name": "Szamotuly",
        "node_start": "SEQ_1783_p",
        "node_end": "SEQ_1783_p",
        "tags": {},
        "year_end": null,
        "is_H_gas": 1,
        "max_cap_M_m3_per_d": 49.17888343330218,
        "max_power_MW": 38.34752021041664,
        "max_pressure_bar": 94.70588235294117,
        "num_turb": 3,
        "year_start": null,
        "nuts3": "PL418",
        "turbine_fuel_isGas_1": 1,
        "turbine_fuel_isGas_2": 1,
        "turbine_fuel_isGas_3": 1,
        "turbine_fuel_isGas_4": 1,
        "turbine_fuel_isGas_5": 1,
        "turbine_fuel_isGas_6": 1,
        "turbine_power_1_MW": 11.8,
        "turbine_power_2_MW": 11.8,
        "turbine_power_3_MW": 12.547826086956523,
        "turbine_power_4_MW": 0.0,
        "turbine_power_5_MW": 0.0,
        "turbine_power_6_MW": 0.0,
        "turbine_power_7_MW": null,
        "turbine_power_8_MW": null,
        "turbine_power_9_MW": null
      },
      "geometry": {
        "type": "Point",
        "coordinates": [
          16.58351,
          52.51197
        ]
      }
    },
    {
      "type": "Feature",
      "properties": {
        "id": "INET_CO_213",
        "name": "Taisnieres sur Hon",
        "node_start": "N_2373_S_LMGN",
        "node_end": "N_2373_S_LMGN",
        "tags": {},
        "year_end": null,
        "is_H_gas": 1,
        "max_cap_M_m3_per_d": 37.2,
        "max_power_MW": 38.34752021041664,
        "max_pressure_bar": 94.70588235294117,
        "num_turb": 3,
        "year_start": null,
        "nuts3": "FRE11",
        "turbine_fuel_isGas_1": 1,
        "turbine_fuel_isGas_2": 1,
        "turbine_fuel_isGas_3": 1,
        "turbine_fuel_isGas_4": 1,
        "turbine_fuel_isGas_5": 1,
        "turbine_fuel_isGas_6": 1,
        "turbine_power_1_MW": 11.8,
        "turbine_power_2_MW": 11.8,
        "turbine_power_3_MW": 12.547826086956523,
        "turbine_power_4_MW": 0.0,
        "turbine_power_5_MW": 0.0,
        "turbine_power_6_MW": 0.0,
        "turbine_power_7_MW": null,
        "turbine_power_8_MW": null,
        "turbine_power_9_MW": null
      },
      "geometry": {
        "type": "Point",
        "coordinates": [
          3.84137,
          50.28714
        ]
      }
    },
    {
      "type": "Feature",
      "properties": {
        "id": "INET_CO_214",
        "name": "Talnoe",
        "node_start": "SEQ_2090_p",
        "node_end": "SEQ_2090_p",
        "tags": {},
        "year_end": null,
        "is_H_gas": 1,
        "max_cap_M_m3_per_d": 49.30941546130005,
        "max_power_MW": 38.34752021041664,
        "max_pressure_bar": 94.70588235294117,
        "num_turb": 3,
        "year_start": null,
        "nuts3": null,
        "turbine_fuel_isGas_1": 1,
        "turbine_fuel_isGas_2": 1,
        "turbine_fuel_isGas_3": 1,
        "turbine_fuel_isGas_4": 1,
        "turbine_fuel_isGas_5": 1,
        "turbine_fuel_isGas_6": 1,
        "turbine_power_1_MW": 11.8,
        "turbine_power_2_MW": 11.8,
        "turbine_power_3_MW": 12.547826086956523,
        "turbine_power_4_MW": 0.0,
        "turbine_power_5_MW": 0.0,
        "turbine_power_6_MW": 0.0,
        "turbine_power_7_MW": null,
        "turbine_power_8_MW": null,
        "turbine_power_9_MW": null
      },
      "geometry": {
        "type": "Point",
        "coordinates": [
          30.76496,
          48.80777
        ]
      }
    },
    {
      "type": "Feature",
      "properties": {
        "id": "INET_CO_215",
        "name": "Tarsia",
        "node_start": "N_2138_S_LMGN",
        "node_end": "N_2138_S_LMGN",
        "tags": {},
        "year_end": null,
        "is_H_gas": 1,
        "max_cap_M_m3_per_d": 42.62908285335433,
        "max_power_MW": 38.34752021041664,
        "max_pressure_bar": 94.70588235294117,
        "num_turb": 3,
        "year_start": null,
        "nuts3": "ITF61",
        "turbine_fuel_isGas_1": 1,
        "turbine_fuel_isGas_2": 1,
        "turbine_fuel_isGas_3": 1,
        "turbine_fuel_isGas_4": 1,
        "turbine_fuel_isGas_5": 1,
        "turbine_fuel_isGas_6": 1,
        "turbine_power_1_MW": 11.8,
        "turbine_power_2_MW": 11.8,
        "turbine_power_3_MW": 12.547826086956523,
        "turbine_power_4_MW": 0.0,
        "turbine_power_5_MW": 0.0,
        "turbine_power_6_MW": 0.0,
        "turbine_power_7_MW": null,
        "turbine_power_8_MW": null,
        "turbine_power_9_MW": null
      },
      "geometry": {
        "type": "Point",
        "coordinates": [
          16.3045,
          39.65271
        ]
      }
    },
    {
      "type": "Feature",
      "properties": {
        "id": "INET_CO_216",
        "name": "Terranuova Bracciolini",
        "node_start": "INET_N_1627",
        "node_end": "INET_N_1627",
        "tags": {},
        "year_end": null,
        "is_H_gas": 1,
        "max_cap_M_m3_per_d": 18.998652583456824,
        "max_power_MW": 38.34752021041664,
        "max_pressure_bar": 94.70588235294117,
        "num_turb": 3,
        "year_start": null,
        "nuts3": "ITI18",
        "turbine_fuel_isGas_1": 1,
        "turbine_fuel_isGas_2": 1,
        "turbine_fuel_isGas_3": 1,
        "turbine_fuel_isGas_4": 1,
        "turbine_fuel_isGas_5": 1,
        "turbine_fuel_isGas_6": 1,
        "turbine_power_1_MW": 11.8,
        "turbine_power_2_MW": 11.8,
        "turbine_power_3_MW": 12.547826086956523,
        "turbine_power_4_MW": 0.0,
        "turbine_power_5_MW": 0.0,
        "turbine_power_6_MW": 0.0,
        "turbine_power_7_MW": null,
        "turbine_power_8_MW": null,
        "turbine_power_9_MW": null
      },
      "geometry": {
        "type": "Point",
        "coordinates": [
          11.640662,
          43.557809
        ]
      }
    },
    {
      "type": "Feature",
      "properties": {
        "id": "INET_CO_217",
        "name": "Tersanne",
        "node_start": "INET_N_1628",
        "node_end": "INET_N_1628",
        "tags": {},
        "year_end": null,
        "is_H_gas": 1,
        "max_cap_M_m3_per_d": 37.2,
        "max_power_MW": 38.34752021041664,
        "max_pressure_bar": 94.70588235294117,
        "num_turb": 3,
        "year_start": null,
        "nuts3": "FRK23",
        "turbine_fuel_isGas_1": 1,
        "turbine_fuel_isGas_2": 1,
        "turbine_fuel_isGas_3": 1,
        "turbine_fuel_isGas_4": 1,
        "turbine_fuel_isGas_5": 1,
        "turbine_fuel_isGas_6": 1,
        "turbine_power_1_MW": 11.8,
        "turbine_power_2_MW": 11.8,
        "turbine_power_3_MW": 12.547826086956523,
        "turbine_power_4_MW": 0.0,
        "turbine_power_5_MW": 0.0,
        "turbine_power_6_MW": 0.0,
        "turbine_power_7_MW": null,
        "turbine_power_8_MW": null,
        "turbine_power_9_MW": null
      },
      "geometry": {
        "type": "Point",
        "coordinates": [
          5.01536,
          45.2149
        ]
      }
    },
    {
      "type": "Feature",
      "properties": {
        "id": "INET_CO_218",
        "name": "Tivisa",
        "node_start": "N_772_M_LMGN",
        "node_end": "N_772_M_LMGN",
        "tags": {},
        "year_end": null,
        "is_H_gas": 1,
        "max_cap_M_m3_per_d": 37.2,
        "max_power_MW": 38.34752021041664,
        "max_pressure_bar": 94.70588235294117,
        "num_turb": 3,
        "year_start": null,
        "nuts3": "ES514",
        "turbine_fuel_isGas_1": 1,
        "turbine_fuel_isGas_2": 1,
        "turbine_fuel_isGas_3": 1,
        "turbine_fuel_isGas_4": 1,
        "turbine_fuel_isGas_5": 1,
        "turbine_fuel_isGas_6": 1,
        "turbine_power_1_MW": 11.8,
        "turbine_power_2_MW": 11.8,
        "turbine_power_3_MW": 12.547826086956523,
        "turbine_power_4_MW": 0.0,
        "turbine_power_5_MW": 0.0,
        "turbine_power_6_MW": 0.0,
        "turbine_power_7_MW": null,
        "turbine_power_8_MW": null,
        "turbine_power_9_MW": null
      },
      "geometry": {
        "type": "Point",
        "coordinates": [
          0.70725,
          41.00578
        ]
      }
    },
    {
      "type": "Feature",
      "properties": {
        "id": "INET_CO_219",
        "name": "Toulouse",
        "node_start": "N_2553_S_LMGN",
        "node_end": "N_2553_S_LMGN",
        "tags": {},
        "year_end": null,
        "is_H_gas": 1,
        "max_cap_M_m3_per_d": 37.2,
        "max_power_MW": 38.34752021041664,
        "max_pressure_bar": 94.70588235294117,
        "num_turb": 3,
        "year_start": null,
        "nuts3": "FRJ23",
        "turbine_fuel_isGas_1": 1,
        "turbine_fuel_isGas_2": 1,
        "turbine_fuel_isGas_3": 1,
        "turbine_fuel_isGas_4": 1,
        "turbine_fuel_isGas_5": 1,
        "turbine_fuel_isGas_6": 1,
        "turbine_power_1_MW": 11.8,
        "turbine_power_2_MW": 11.8,
        "turbine_power_3_MW": 12.547826086956523,
        "turbine_power_4_MW": 0.0,
        "turbine_power_5_MW": 0.0,
        "turbine_power_6_MW": 0.0,
        "turbine_power_7_MW": null,
        "turbine_power_8_MW": null,
        "turbine_power_9_MW": null
      },
      "geometry": {
        "type": "Point",
        "coordinates": [
          1.38853,
          43.56996
        ]
      }
    },
    {
      "type": "Feature",
      "properties": {
        "id": "INET_CO_220",
        "name": "Valchi Dol",
        "node_start": "SEQ_2540_p",
        "node_end": "SEQ_2540_p",
        "tags": {},
        "year_end": null,
        "is_H_gas": 1,
        "max_cap_M_m3_per_d": 37.2,
        "max_power_MW": 38.34752021041664,
        "max_pressure_bar": 94.70588235294117,
        "num_turb": 3,
        "year_start": null,
        "nuts3": "BG332",
        "turbine_fuel_isGas_1": 1,
        "turbine_fuel_isGas_2": 1,
        "turbine_fuel_isGas_3": 1,
        "turbine_fuel_isGas_4": 1,
        "turbine_fuel_isGas_5": 1,
        "turbine_fuel_isGas_6": 1,
        "turbine_power_1_MW": 11.8,
        "turbine_power_2_MW": 11.8,
        "turbine_power_3_MW": 12.547826086956523,
        "turbine_power_4_MW": 0.0,
        "turbine_power_5_MW": 0.0,
        "turbine_power_6_MW": 0.0,
        "turbine_power_7_MW": null,
        "turbine_power_8_MW": null,
        "turbine_power_9_MW": null
      },
      "geometry": {
        "type": "Point",
        "coordinates": [
          27.52752,
          43.50532
        ]
      }
    },
    {
      "type": "Feature",
      "properties": {
        "id": "INET_CO_221",
        "name": "Varosfoeld",
        "node_start": "SEQ_6700_p",
        "node_end": "SEQ_6700_p",
        "tags": {},
        "year_end": null,
        "is_H_gas": 1,
        "max_cap_M_m3_per_d": 37.2,
        "max_power_MW": 3.0,
        "max_pressure_bar": 94.70588235294117,
        "num_turb": 1,
        "year_start": null,
        "nuts3": "HU331",
        "turbine_fuel_isGas_1": 1,
        "turbine_fuel_isGas_2": 1,
        "turbine_fuel_isGas_3": 1,
        "turbine_fuel_isGas_4": 1,
        "turbine_fuel_isGas_5": 1,
        "turbine_fuel_isGas_6": 1,
        "turbine_power_1_MW": 3.0,
        "turbine_power_2_MW": 0.0,
        "turbine_power_3_MW": 0.0,
        "turbine_power_4_MW": 0.0,
        "turbine_power_5_MW": 0.0,
        "turbine_power_6_MW": 0.0,
        "turbine_power_7_MW": null,
        "turbine_power_8_MW": null,
        "turbine_power_9_MW": null
      },
      "geometry": {
        "type": "Point",
        "coordinates": [
          19.88632,
          46.84182
        ]
      }
    },
    {
      "type": "Feature",
      "properties": {
        "id": "INET_CO_222",
        "name": "Velika Ludina",
        "node_start": "N_908_S_LMGN",
        "node_end": "N_908_S_LMGN",
        "tags": {},
        "year_end": null,
        "is_H_gas": 1,
        "max_cap_M_m3_per_d": 37.2,
        "max_power_MW": 38.34752021041664,
        "max_pressure_bar": 94.70588235294117,
        "num_turb": 3,
        "year_start": 2019.0,
        "nuts3": "HR028",
        "turbine_fuel_isGas_1": 1,
        "turbine_fuel_isGas_2": 1,
        "turbine_fuel_isGas_3": 1,
        "turbine_fuel_isGas_4": 1,
        "turbine_fuel_isGas_5": 1,
        "turbine_fuel_isGas_6": 1,
        "turbine_power_1_MW": 11.8,
        "turbine_power_2_MW": 11.8,
        "turbine_power_3_MW": 12.547826086956523,
        "turbine_power_4_MW": 0.0,
        "turbine_power_5_MW": 0.0,
        "turbine_power_6_MW": 0.0,
        "turbine_power_7_MW": null,
        "turbine_power_8_MW": null,
        "turbine_power_9_MW": null
      },
      "geometry": {
        "type": "Point",
        "coordinates": [
          16.55299,
          45.60219
        ]
      }
    },
    {
      "type": "Feature",
      "properties": {
        "id": "INET_CO_223",
        "name": "Velke Kapusany",
        "node_start": "INET_N_1731",
        "node_end": "INET_N_1731",
        "tags": {},
        "year_end": null,
        "is_H_gas": 1,
        "max_cap_M_m3_per_d": 195.0,
        "max_power_MW": 300.0,
        "max_pressure_bar": 94.70588235294117,
        "num_turb": 3,
        "year_start": null,
        "nuts3": "SK042",
        "turbine_fuel_isGas_1": 1,
        "turbine_fuel_isGas_2": 1,
        "turbine_fuel_isGas_3": 1,
        "turbine_fuel_isGas_4": 1,
        "turbine_fuel_isGas_5": 1,
        "turbine_fuel_isGas_6": 1,
        "turbine_power_1_MW": 11.8,
        "turbine_power_2_MW": 11.8,
        "turbine_power_3_MW": 12.547826086956523,
        "turbine_power_4_MW": 0.0,
        "turbine_power_5_MW": 0.0,
        "turbine_power_6_MW": 0.0,
        "turbine_power_7_MW": null,
        "turbine_power_8_MW": null,
        "turbine_power_9_MW": null
      },
      "geometry": {
        "type": "Point",
        "coordinates": [
          22.121625,
          48.552002
        ]
      }
    },
    {
      "type": "Feature",
      "properties": {
        "id": "INET_CO_224",
        "name": "Veseli Nad Luznici",
        "node_start": "N_1556_S_LMGN",
        "node_end": "N_1556_S_LMGN",
        "tags": {},
        "year_end": null,
        "is_H_gas": 1,
        "max_cap_M_m3_per_d": 32.02696294323154,
        "max_power_MW": 38.34752021041664,
        "max_pressure_bar": 94.70588235294117,
        "num_turb": 3,
        "year_start": null,
        "nuts3": "CZ031",
        "turbine_fuel_isGas_1": 1,
        "turbine_fuel_isGas_2": 1,
        "turbine_fuel_isGas_3": 1,
        "turbine_fuel_isGas_4": 1,
        "turbine_fuel_isGas_5": 1,
        "turbine_fuel_isGas_6": 1,
        "turbine_power_1_MW": 11.8,
        "turbine_power_2_MW": 11.8,
        "turbine_power_3_MW": 12.547826086956523,
        "turbine_power_4_MW": 0.0,
        "turbine_power_5_MW": 0.0,
        "turbine_power_6_MW": 0.0,
        "turbine_power_7_MW": null,
        "turbine_power_8_MW": null,
        "turbine_power_9_MW": null
      },
      "geometry": {
        "type": "Point",
        "coordinates": [
          14.6309,
          49.15411
        ]
      }
    },
    {
      "type": "Feature",
      "properties": {
        "id": "INET_CO_225",
        "name": "Villar De Arnedo",
        "node_start": "N_868_M_LMGN",
        "node_end": "N_868_M_LMGN",
        "tags": {},
        "year_end": null,
        "is_H_gas": 1,
        "max_cap_M_m3_per_d": 37.2,
        "max_power_MW": 38.34752021041664,
        "max_pressure_bar": 94.70588235294117,
        "num_turb": 3,
        "year_start": null,
        "nuts3": "ES230",
        "turbine_fuel_isGas_1": 1,
        "turbine_fuel_isGas_2": 1,
        "turbine_fuel_isGas_3": 1,
        "turbine_fuel_isGas_4": 1,
        "turbine_fuel_isGas_5": 1,
        "turbine_fuel_isGas_6": 1,
        "turbine_power_1_MW": 11.8,
        "turbine_power_2_MW": 11.8,
        "turbine_power_3_MW": 12.547826086956523,
        "turbine_power_4_MW": 0.0,
        "turbine_power_5_MW": 0.0,
        "turbine_power_6_MW": 0.0,
        "turbine_power_7_MW": null,
        "turbine_power_8_MW": null,
        "turbine_power_9_MW": null
      },
      "geometry": {
        "type": "Point",
        "coordinates": [
          -1.98374,
          42.27718
        ]
      }
    },
    {
      "type": "Feature",
      "properties": {
        "id": "INET_CO_226",
        "name": "Vindecy",
        "node_start": "N_61_L_LMGN",
        "node_end": "N_61_L_LMGN",
        "tags": {},
        "year_end": null,
        "is_H_gas": 1,
        "max_cap_M_m3_per_d": 37.2,
        "max_power_MW": 38.34752021041664,
        "max_pressure_bar": 94.70588235294117,
        "num_turb": 3,
        "year_start": null,
        "nuts3": "FRC13",
        "turbine_fuel_isGas_1": 1,
        "turbine_fuel_isGas_2": 1,
        "turbine_fuel_isGas_3": 1,
        "turbine_fuel_isGas_4": 1,
        "turbine_fuel_isGas_5": 1,
        "turbine_fuel_isGas_6": 1,
        "turbine_power_1_MW": 11.8,
        "turbine_power_2_MW": 11.8,
        "turbine_power_3_MW": 12.547826086956523,
        "turbine_power_4_MW": 0.0,
        "turbine_power_5_MW": 0.0,
        "turbine_power_6_MW": 0.0,
        "turbine_power_7_MW": null,
        "turbine_power_8_MW": null,
        "turbine_power_9_MW": null
      },
      "geometry": {
        "type": "Point",
        "coordinates": [
          4.04303,
          46.34023
        ]
      }
    },
    {
      "type": "Feature",
      "properties": {
        "id": "INET_CO_227",
        "name": "Voisines",
        "node_start": "N_151_L_LMGN",
        "node_end": "N_151_L_LMGN",
        "tags": {},
        "year_end": null,
        "is_H_gas": 1,
        "max_cap_M_m3_per_d": 22.05631725973048,
        "max_power_MW": 38.34752021041664,
        "max_pressure_bar": 94.70588235294117,
        "num_turb": 3,
        "year_start": null,
        "nuts3": "FRF24",
        "turbine_fuel_isGas_1": 1,
        "turbine_fuel_isGas_2": 1,
        "turbine_fuel_isGas_3": 1,
        "turbine_fuel_isGas_4": 1,
        "turbine_fuel_isGas_5": 1,
        "turbine_fuel_isGas_6": 1,
        "turbine_power_1_MW": 11.8,
        "turbine_power_2_MW": 11.8,
        "turbine_power_3_MW": 12.547826086956523,
        "turbine_power_4_MW": 0.0,
        "turbine_power_5_MW": 0.0,
        "turbine_power_6_MW": 0.0,
        "turbine_power_7_MW": null,
        "turbine_power_8_MW": null,
        "turbine_power_9_MW": null
      },
      "geometry": {
        "type": "Point",
        "coordinates": [
          5.17495,
          47.84579
        ]
      }
    },
    {
      "type": "Feature",
      "properties": {
        "id": "INET_CO_228",
        "name": "Volovets",
        "node_start": "INET_N_1760",
        "node_end": "INET_N_1760",
        "tags": {},
        "year_end": null,
        "is_H_gas": 1,
        "max_cap_M_m3_per_d": 36.015221216631964,
        "max_power_MW": 38.34752021041664,
        "max_pressure_bar": 94.70588235294117,
        "num_turb": 3,
        "year_start": null,
        "nuts3": null,
        "turbine_fuel_isGas_1": 1,
        "turbine_fuel_isGas_2": 1,
        "turbine_fuel_isGas_3": 1,
        "turbine_fuel_isGas_4": 1,
        "turbine_fuel_isGas_5": 1,
        "turbine_fuel_isGas_6": 1,
        "turbine_power_1_MW": 11.8,
        "turbine_power_2_MW": 11.8,
        "turbine_power_3_MW": 12.547826086956523,
        "turbine_power_4_MW": 0.0,
        "turbine_power_5_MW": 0.0,
        "turbine_power_6_MW": 0.0,
        "turbine_power_7_MW": null,
        "turbine_power_8_MW": null,
        "turbine_power_9_MW": null
      },
      "geometry": {
        "type": "Point",
        "coordinates": [
          23.185005,
          48.711491
        ]
      }
    },
    {
      "type": "Feature",
      "properties": {
        "id": "INET_CO_229",
        "name": "Vulkaneshty",
        "node_start": "SEQ_10502_p",
        "node_end": "SEQ_10502_p",
        "tags": {},
        "year_end": null,
        "is_H_gas": 1,
        "max_cap_M_m3_per_d": 42.662318338966,
        "max_power_MW": 38.34752021041664,
        "max_pressure_bar": 94.70588235294117,
        "num_turb": 3,
        "year_start": null,
        "nuts3": null,
        "turbine_fuel_isGas_1": 1,
        "turbine_fuel_isGas_2": 1,
        "turbine_fuel_isGas_3": 1,
        "turbine_fuel_isGas_4": 1,
        "turbine_fuel_isGas_5": 1,
        "turbine_fuel_isGas_6": 1,
        "turbine_power_1_MW": 11.8,
        "turbine_power_2_MW": 11.8,
        "turbine_power_3_MW": 12.547826086956523,
        "turbine_power_4_MW": 0.0,
        "turbine_power_5_MW": 0.0,
        "turbine_power_6_MW": 0.0,
        "turbine_power_7_MW": null,
        "turbine_power_8_MW": null,
        "turbine_power_9_MW": null
      },
      "geometry": {
        "type": "Point",
        "coordinates": [
          28.43399,
          45.69054
        ]
      }
    },
    {
      "type": "Feature",
      "properties": {
        "id": "INET_CO_230",
        "name": "Waidhaus",
        "node_start": "INET_N_1391",
        "node_end": "INET_N_1391",
        "tags": {},
        "year_end": null,
        "is_H_gas": 1,
        "max_cap_M_m3_per_d": 49.30511588486855,
        "max_power_MW": 38.34752021041664,
        "max_pressure_bar": 94.70588235294117,
        "num_turb": 3,
        "year_start": null,
        "nuts3": "CZ032",
        "turbine_fuel_isGas_1": 1,
        "turbine_fuel_isGas_2": 1,
        "turbine_fuel_isGas_3": 1,
        "turbine_fuel_isGas_4": 1,
        "turbine_fuel_isGas_5": 1,
        "turbine_fuel_isGas_6": 1,
        "turbine_power_1_MW": 11.8,
        "turbine_power_2_MW": 11.8,
        "turbine_power_3_MW": 12.547826086956523,
        "turbine_power_4_MW": 0.0,
        "turbine_power_5_MW": 0.0,
        "turbine_power_6_MW": 0.0,
        "turbine_power_7_MW": null,
        "turbine_power_8_MW": null,
        "turbine_power_9_MW": null
      },
      "geometry": {
        "type": "Point",
        "coordinates": [
          12.549857,
          49.663384
        ]
      }
    },
    {
      "type": "Feature",
      "properties": {
        "id": "INET_CO_231",
        "name": "Wardenburg",
        "node_start": "LKD_N_165",
        "node_end": "LKD_N_165",
        "tags": {},
        "year_end": null,
        "is_H_gas": 1,
        "max_cap_M_m3_per_d": 39.487555756811695,
        "max_power_MW": 38.34752021041664,
        "max_pressure_bar": 90.0,
        "num_turb": 3,
        "year_start": null,
        "nuts3": "DE94D",
        "turbine_fuel_isGas_1": 1,
        "turbine_fuel_isGas_2": 1,
        "turbine_fuel_isGas_3": 1,
        "turbine_fuel_isGas_4": 1,
        "turbine_fuel_isGas_5": 1,
        "turbine_fuel_isGas_6": 1,
        "turbine_power_1_MW": 11.8,
        "turbine_power_2_MW": 11.8,
        "turbine_power_3_MW": 12.547826086956523,
        "turbine_power_4_MW": 0.0,
        "turbine_power_5_MW": 0.0,
        "turbine_power_6_MW": 0.0,
        "turbine_power_7_MW": null,
        "turbine_power_8_MW": null,
        "turbine_power_9_MW": null
      },
      "geometry": {
        "type": "Point",
        "coordinates": [
          8.200765,
          53.074696
        ]
      }
    },
    {
      "type": "Feature",
      "properties": {
        "id": "INET_CO_232",
        "name": "Warrington",
        "node_start": "SEQ_1236_p",
        "node_end": "SEQ_1236_p",
        "tags": {},
        "year_end": null,
        "is_H_gas": 1,
        "max_cap_M_m3_per_d": 37.01228578498207,
        "max_power_MW": 38.34752021041664,
        "max_pressure_bar": 94.70588235294117,
        "num_turb": 3,
        "year_start": null,
        "nuts3": "UKD36",
        "turbine_fuel_isGas_1": 1,
        "turbine_fuel_isGas_2": 1,
        "turbine_fuel_isGas_3": 1,
        "turbine_fuel_isGas_4": 1,
        "turbine_fuel_isGas_5": 1,
        "turbine_fuel_isGas_6": 1,
        "turbine_power_1_MW": 11.8,
        "turbine_power_2_MW": 11.8,
        "turbine_power_3_MW": 12.547826086956523,
        "turbine_power_4_MW": 0.0,
        "turbine_power_5_MW": 0.0,
        "turbine_power_6_MW": 0.0,
        "turbine_power_7_MW": null,
        "turbine_power_8_MW": null,
        "turbine_power_9_MW": null
      },
      "geometry": {
        "type": "Point",
        "coordinates": [
          -2.53523,
          53.49469
        ]
      }
    },
    {
      "type": "Feature",
      "properties": {
        "id": "INET_CO_233",
        "name": "Weeide",
        "node_start": "N_794_S_LMGN",
        "node_end": "N_794_S_LMGN",
        "tags": {},
        "year_end": null,
        "is_H_gas": 0,
        "max_cap_M_m3_per_d": 37.2,
        "max_power_MW": 38.34752021041664,
        "max_pressure_bar": 94.70588235294117,
        "num_turb": 3,
        "year_start": null,
        "nuts3": "BE236",
        "turbine_fuel_isGas_1": 1,
        "turbine_fuel_isGas_2": 1,
        "turbine_fuel_isGas_3": 1,
        "turbine_fuel_isGas_4": 1,
        "turbine_fuel_isGas_5": 1,
        "turbine_fuel_isGas_6": 1,
        "turbine_power_1_MW": 11.8,
        "turbine_power_2_MW": 11.8,
        "turbine_power_3_MW": 12.547826086956523,
        "turbine_power_4_MW": 0.0,
        "turbine_power_5_MW": 0.0,
        "turbine_power_6_MW": 0.0,
        "turbine_power_7_MW": null,
        "turbine_power_8_MW": null,
        "turbine_power_9_MW": null
      },
      "geometry": {
        "type": "Point",
        "coordinates": [
          4.279,
          51.25917
        ]
      }
    },
    {
      "type": "Feature",
      "properties": {
        "id": "INET_CO_234",
        "name": "Weisweiler",
        "node_start": "LKD_N_273",
        "node_end": "LKD_N_273",
        "tags": {},
        "year_end": null,
        "is_H_gas": 1,
        "max_cap_M_m3_per_d": 20.4,
        "max_power_MW": 37.5,
        "max_pressure_bar": 100.0,
        "num_turb": 3,
        "year_start": 1999.0,
        "nuts3": "DEA26",
        "turbine_fuel_isGas_1": 0,
        "turbine_fuel_isGas_2": 0,
        "turbine_fuel_isGas_3": 0,
        "turbine_fuel_isGas_4": 1,
        "turbine_fuel_isGas_5": 1,
        "turbine_fuel_isGas_6": 1,
        "turbine_power_1_MW": 12.5,
        "turbine_power_2_MW": 12.5,
        "turbine_power_3_MW": 12.5,
        "turbine_power_4_MW": 0.0,
        "turbine_power_5_MW": 0.0,
        "turbine_power_6_MW": 0.0,
        "turbine_power_7_MW": null,
        "turbine_power_8_MW": null,
        "turbine_power_9_MW": null
      },
      "geometry": {
        "type": "Point",
        "coordinates": [
          6.332856,
          50.853764
        ]
      }
    },
    {
      "type": "Feature",
      "properties": {
        "id": "INET_CO_235",
        "name": "Weitendorf",
        "node_start": "N_48_L_LMGN",
        "node_end": "N_48_L_LMGN",
        "tags": {},
        "year_end": null,
        "is_H_gas": 1,
        "max_cap_M_m3_per_d": 31.71037227718207,
        "max_power_MW": 38.34752021041664,
        "max_pressure_bar": 94.70588235294117,
        "num_turb": 3,
        "year_start": null,
        "nuts3": "AT225",
        "turbine_fuel_isGas_1": 1,
        "turbine_fuel_isGas_2": 1,
        "turbine_fuel_isGas_3": 1,
        "turbine_fuel_isGas_4": 1,
        "turbine_fuel_isGas_5": 1,
        "turbine_fuel_isGas_6": 1,
        "turbine_power_1_MW": 11.8,
        "turbine_power_2_MW": 11.8,
        "turbine_power_3_MW": 12.547826086956523,
        "turbine_power_4_MW": 0.0,
        "turbine_power_5_MW": 0.0,
        "turbine_power_6_MW": 0.0,
        "turbine_power_7_MW": null,
        "turbine_power_8_MW": null,
        "turbine_power_9_MW": null
      },
      "geometry": {
        "type": "Point",
        "coordinates": [
          15.44747,
          46.8862
        ]
      }
    },
    {
      "type": "Feature",
      "properties": {
        "id": "INET_CO_236",
        "name": "Wieringermeer",
        "node_start": "SEQ_6259_p",
        "node_end": "SEQ_6259_p",
        "tags": {},
        "year_end": null,
        "is_H_gas": 1,
        "max_cap_M_m3_per_d": 28.8,
        "max_power_MW": 38.34752021041664,
        "max_pressure_bar": 90.0,
        "num_turb": 3,
        "year_start": null,
        "nuts3": "NL321",
        "turbine_fuel_isGas_1": 0,
        "turbine_fuel_isGas_2": 1,
        "turbine_fuel_isGas_3": 1,
        "turbine_fuel_isGas_4": 1,
        "turbine_fuel_isGas_5": 1,
        "turbine_fuel_isGas_6": 1,
        "turbine_power_1_MW": 11.8,
        "turbine_power_2_MW": 11.8,
        "turbine_power_3_MW": 12.547826086956523,
        "turbine_power_4_MW": 0.0,
        "turbine_power_5_MW": 0.0,
        "turbine_power_6_MW": 0.0,
        "turbine_power_7_MW": null,
        "turbine_power_8_MW": null,
        "turbine_power_9_MW": null
      },
      "geometry": {
        "type": "Point",
        "coordinates": [
          5.06728,
          52.78373
        ]
      }
    },
    {
      "type": "Feature",
      "properties": {
        "id": "INET_CO_237",
        "name": "Wildenranna",
        "node_start": "INET_N_1183",
        "node_end": "INET_N_1183",
        "tags": {},
        "year_end": null,
        "is_H_gas": 1,
        "max_cap_M_m3_per_d": 41.9976086267326,
        "max_power_MW": 38.34752021041664,
        "max_pressure_bar": 94.70588235294117,
        "num_turb": 3,
        "year_start": null,
        "nuts3": "AT313",
        "turbine_fuel_isGas_1": 1,
        "turbine_fuel_isGas_2": 1,
        "turbine_fuel_isGas_3": 1,
        "turbine_fuel_isGas_4": 1,
        "turbine_fuel_isGas_5": 1,
        "turbine_fuel_isGas_6": 1,
        "turbine_power_1_MW": 11.8,
        "turbine_power_2_MW": 11.8,
        "turbine_power_3_MW": 12.547826086956523,
        "turbine_power_4_MW": 0.0,
        "turbine_power_5_MW": 0.0,
        "turbine_power_6_MW": 0.0,
        "turbine_power_7_MW": null,
        "turbine_power_8_MW": null,
        "turbine_power_9_MW": null
      },
      "geometry": {
        "type": "Point",
        "coordinates": [
          13.751863,
          48.55443
        ]
      }
    },
    {
      "type": "Feature",
      "properties": {
        "id": "INET_CO_238",
        "name": "Winksele",
        "node_start": "N_1287_S_LMGN",
        "node_end": "N_1287_S_LMGN",
        "tags": {},
        "year_end": null,
        "is_H_gas": 0,
        "max_cap_M_m3_per_d": 37.2,
        "max_power_MW": 38.34752021041664,
        "max_pressure_bar": 94.70588235294117,
        "num_turb": 3,
        "year_start": null,
        "nuts3": "BE242",
        "turbine_fuel_isGas_1": 1,
        "turbine_fuel_isGas_2": 1,
        "turbine_fuel_isGas_3": 1,
        "turbine_fuel_isGas_4": 1,
        "turbine_fuel_isGas_5": 1,
        "turbine_fuel_isGas_6": 1,
        "turbine_power_1_MW": 11.8,
        "turbine_power_2_MW": 11.8,
        "turbine_power_3_MW": 12.547826086956523,
        "turbine_power_4_MW": 0.0,
        "turbine_power_5_MW": 0.0,
        "turbine_power_6_MW": 0.0,
        "turbine_power_7_MW": null,
        "turbine_power_8_MW": null,
        "turbine_power_9_MW": null
      },
      "geometry": {
        "type": "Point",
        "coordinates": [
          4.68147,
          50.91334
        ]
      }
    },
    {
      "type": "Feature",
      "properties": {
        "id": "INET_CO_239",
        "name": "Wisbech",
        "node_start": "N_190_L_LMGN",
        "node_end": "N_190_L_LMGN",
        "tags": {},
        "year_end": null,
        "is_H_gas": 1,
        "max_cap_M_m3_per_d": 29.068903771856814,
        "max_power_MW": 32.6,
        "max_pressure_bar": 94.70588235294117,
        "num_turb": 2,
        "year_start": 1980.0,
        "nuts3": "UKF30",
        "turbine_fuel_isGas_1": 1,
        "turbine_fuel_isGas_2": 1,
        "turbine_fuel_isGas_3": 1,
        "turbine_fuel_isGas_4": 1,
        "turbine_fuel_isGas_5": 1,
        "turbine_fuel_isGas_6": 1,
        "turbine_power_1_MW": 16.3,
        "turbine_power_2_MW": 16.3,
        "turbine_power_3_MW": 0.0,
        "turbine_power_4_MW": 0.0,
        "turbine_power_5_MW": 0.0,
        "turbine_power_6_MW": 0.0,
        "turbine_power_7_MW": null,
        "turbine_power_8_MW": null,
        "turbine_power_9_MW": null
      },
      "geometry": {
        "type": "Point",
        "coordinates": [
          0.13441,
          52.73934
        ]
      }
    },
    {
      "type": "Feature",
      "properties": {
        "id": "INET_CO_240",
        "name": "Wloclawek",
        "node_start": "INET_N_1805",
        "node_end": "INET_N_1805",
        "tags": {},
        "year_end": null,
        "is_H_gas": 1,
        "max_cap_M_m3_per_d": 49.17888343330218,
        "max_power_MW": 38.34752021041664,
        "max_pressure_bar": 94.70588235294117,
        "num_turb": 3,
        "year_start": null,
        "nuts3": "PL619",
        "turbine_fuel_isGas_1": 1,
        "turbine_fuel_isGas_2": 1,
        "turbine_fuel_isGas_3": 1,
        "turbine_fuel_isGas_4": 1,
        "turbine_fuel_isGas_5": 1,
        "turbine_fuel_isGas_6": 1,
        "turbine_power_1_MW": 11.8,
        "turbine_power_2_MW": 11.8,
        "turbine_power_3_MW": 12.547826086956523,
        "turbine_power_4_MW": 0.0,
        "turbine_power_5_MW": 0.0,
        "turbine_power_6_MW": 0.0,
        "turbine_power_7_MW": null,
        "turbine_power_8_MW": null,
        "turbine_power_9_MW": null
      },
      "geometry": {
        "type": "Point",
        "coordinates": [
          18.9589,
          52.7074
        ]
      }
    },
    {
      "type": "Feature",
      "properties": {
        "id": "INET_CO_241",
        "name": "Wooler",
        "node_start": "SEQ_6025_p",
        "node_end": "SEQ_6025_p",
        "tags": {},
        "year_end": null,
        "is_H_gas": 1,
        "max_cap_M_m3_per_d": 22.05631725973048,
        "max_power_MW": 38.34752021041664,
        "max_pressure_bar": 94.70588235294117,
        "num_turb": 3,
        "year_start": null,
        "nuts3": "UKC21",
        "turbine_fuel_isGas_1": 1,
        "turbine_fuel_isGas_2": 1,
        "turbine_fuel_isGas_3": 1,
        "turbine_fuel_isGas_4": 1,
        "turbine_fuel_isGas_5": 1,
        "turbine_fuel_isGas_6": 1,
        "turbine_power_1_MW": 11.8,
        "turbine_power_2_MW": 11.8,
        "turbine_power_3_MW": 12.547826086956523,
        "turbine_power_4_MW": 0.0,
        "turbine_power_5_MW": 0.0,
        "turbine_power_6_MW": 0.0,
        "turbine_power_7_MW": null,
        "turbine_power_8_MW": null,
        "turbine_power_9_MW": null
      },
      "geometry": {
        "type": "Point",
        "coordinates": [
          -2.07751,
          55.52316
        ]
      }
    },
    {
      "type": "Feature",
      "properties": {
        "id": "INET_CO_242",
        "name": "Wormington",
        "node_start": "N_515_M_LMGN",
        "node_end": "N_515_M_LMGN",
        "tags": {},
        "year_end": null,
        "is_H_gas": 1,
        "max_cap_M_m3_per_d": 22.05631725973048,
        "max_power_MW": 38.34752021041664,
        "max_pressure_bar": 94.70588235294117,
        "num_turb": 3,
        "year_start": null,
        "nuts3": "UKK13",
        "turbine_fuel_isGas_1": 1,
        "turbine_fuel_isGas_2": 1,
        "turbine_fuel_isGas_3": 1,
        "turbine_fuel_isGas_4": 1,
        "turbine_fuel_isGas_5": 1,
        "turbine_fuel_isGas_6": 1,
        "turbine_power_1_MW": 11.8,
        "turbine_power_2_MW": 11.8,
        "turbine_power_3_MW": 12.547826086956523,
        "turbine_power_4_MW": 0.0,
        "turbine_power_5_MW": 0.0,
        "turbine_power_6_MW": 0.0,
        "turbine_power_7_MW": null,
        "turbine_power_8_MW": null,
        "turbine_power_9_MW": null
      },
      "geometry": {
        "type": "Point",
        "coordinates": [
          -1.92836,
          51.9501
        ]
      }
    },
    {
      "type": "Feature",
      "properties": {
        "id": "INET_CO_243",
        "name": "Zambrow",
        "node_start": "INET_N_1829",
        "node_end": "INET_N_1829",
        "tags": {},
        "year_end": null,
        "is_H_gas": 1,
        "max_cap_M_m3_per_d": 49.17888343330218,
        "max_power_MW": 38.34752021041664,
        "max_pressure_bar": 94.70588235294117,
        "num_turb": 3,
        "year_start": null,
        "nuts3": "PL842",
        "turbine_fuel_isGas_1": 1,
        "turbine_fuel_isGas_2": 1,
        "turbine_fuel_isGas_3": 1,
        "turbine_fuel_isGas_4": 1,
        "turbine_fuel_isGas_5": 1,
        "turbine_fuel_isGas_6": 1,
        "turbine_power_1_MW": 11.8,
        "turbine_power_2_MW": 11.8,
        "turbine_power_3_MW": 12.547826086956523,
        "turbine_power_4_MW": 0.0,
        "turbine_power_5_MW": 0.0,
        "turbine_power_6_MW": 0.0,
        "turbine_power_7_MW": null,
        "turbine_power_8_MW": null,
        "turbine_power_9_MW": null
      },
      "geometry": {
        "type": "Point",
        "coordinates": [
          22.241386,
          52.984994
        ]
      }
    },
    {
      "type": "Feature",
      "properties": {
        "id": "INET_CO_244",
        "name": "Zamora",
        "node_start": "N_153_M_LMGN",
        "node_end": "N_153_M_LMGN",
        "tags": {},
        "year_end": null,
        "is_H_gas": 1,
        "max_cap_M_m3_per_d": 37.2,
        "max_power_MW": 38.34752021041664,
        "max_pressure_bar": 94.70588235294117,
        "num_turb": 3,
        "year_start": null,
        "nuts3": "ES419",
        "turbine_fuel_isGas_1": 1,
        "turbine_fuel_isGas_2": 1,
        "turbine_fuel_isGas_3": 1,
        "turbine_fuel_isGas_4": 1,
        "turbine_fuel_isGas_5": 1,
        "turbine_fuel_isGas_6": 1,
        "turbine_power_1_MW": 11.8,
        "turbine_power_2_MW": 11.8,
        "turbine_power_3_MW": 12.547826086956523,
        "turbine_power_4_MW": 0.0,
        "turbine_power_5_MW": 0.0,
        "turbine_power_6_MW": 0.0,
        "turbine_power_7_MW": null,
        "turbine_power_8_MW": null,
        "turbine_power_9_MW": null
      },
      "geometry": {
        "type": "Point",
        "coordinates": [
          -5.61925,
          41.57389
        ]
      }
    },
    {
      "type": "Feature",
      "properties": {
        "id": "INET_CO_245",
        "name": "Zaragoza",
        "node_start": "SEQ_9201__M_LMGN",
        "node_end": "SEQ_9201__M_LMGN",
        "tags": {},
        "year_end": null,
        "is_H_gas": 1,
        "max_cap_M_m3_per_d": 37.2,
        "max_power_MW": 38.34752021041664,
        "max_pressure_bar": 94.70588235294117,
        "num_turb": 3,
        "year_start": null,
        "nuts3": "ES243",
        "turbine_fuel_isGas_1": 1,
        "turbine_fuel_isGas_2": 1,
        "turbine_fuel_isGas_3": 1,
        "turbine_fuel_isGas_4": 1,
        "turbine_fuel_isGas_5": 1,
        "turbine_fuel_isGas_6": 1,
        "turbine_power_1_MW": 11.8,
        "turbine_power_2_MW": 11.8,
        "turbine_power_3_MW": 12.547826086956523,
        "turbine_power_4_MW": 0.0,
        "turbine_power_5_MW": 0.0,
        "turbine_power_6_MW": 0.0,
        "turbine_power_7_MW": null,
        "turbine_power_8_MW": null,
        "turbine_power_9_MW": null
      },
      "geometry": {
        "type": "Point",
        "coordinates": [
          -0.875,
          41.55381
        ]
      }
    },
    {
      "type": "Feature",
      "properties": {
        "id": "INET_CO_246",
        "name": "Zelzate",
        "node_start": "SEQ_15843__S_LMGN",
        "node_end": "SEQ_15843__S_LMGN",
        "tags": {},
        "year_end": null,
        "is_H_gas": 1,
        "max_cap_M_m3_per_d": 37.2,
        "max_power_MW": 38.34752021041664,
        "max_pressure_bar": 94.70588235294117,
        "num_turb": 3,
        "year_start": null,
        "nuts3": "BE233",
        "turbine_fuel_isGas_1": 1,
        "turbine_fuel_isGas_2": 1,
        "turbine_fuel_isGas_3": 1,
        "turbine_fuel_isGas_4": 1,
        "turbine_fuel_isGas_5": 1,
        "turbine_fuel_isGas_6": 1,
        "turbine_power_1_MW": 11.8,
        "turbine_power_2_MW": 11.8,
        "turbine_power_3_MW": 12.547826086956523,
        "turbine_power_4_MW": 0.0,
        "turbine_power_5_MW": 0.0,
        "turbine_power_6_MW": 0.0,
        "turbine_power_7_MW": null,
        "turbine_power_8_MW": null,
        "turbine_power_9_MW": null
      },
      "geometry": {
        "type": "Point",
        "coordinates": [
          3.81321,
          51.19842
        ]
      }
    },
    {
      "type": "Feature",
      "properties": {
        "id": "INET_CO_247",
        "name": "Zweekhorst",
        "node_start": "SEQ_719__L_LMGN",
        "node_end": "SEQ_719__L_LMGN",
        "tags": {},
        "year_end": null,
        "is_H_gas": 1,
        "max_cap_M_m3_per_d": 37.2,
        "max_power_MW": 38.34752021041664,
        "max_pressure_bar": 94.70588235294117,
        "num_turb": 3,
        "year_start": null,
        "nuts3": "NL225",
        "turbine_fuel_isGas_1": 1,
        "turbine_fuel_isGas_2": 1,
        "turbine_fuel_isGas_3": 1,
        "turbine_fuel_isGas_4": 1,
        "turbine_fuel_isGas_5": 1,
        "turbine_fuel_isGas_6": 1,
        "turbine_power_1_MW": 11.8,
        "turbine_power_2_MW": 11.8,
        "turbine_power_3_MW": 12.547826086956523,
        "turbine_power_4_MW": 0.0,
        "turbine_power_5_MW": 0.0,
        "turbine_power_6_MW": 0.0,
        "turbine_power_7_MW": null,
        "turbine_power_8_MW": null,
        "turbine_power_9_MW": null
      },
      "geometry": {
        "type": "Point",
        "coordinates": [
          6.10757,
          51.96397
        ]
      }
    },
    {
      "type": "Feature",
      "properties": {
        "id": "LKD_CO_11",
        "name": "Ort_LKD_N_814126",
        "node_start": "LKD_N_373",
        "node_end": "LKD_N_373",
        "tags": {},
        "year_end": null,
        "is_H_gas": 1,
        "max_cap_M_m3_per_d": 34.11007596027062,
        "max_power_MW": 38.34752021041664,
        "max_pressure_bar": 94.70588235294117,
        "num_turb": 3,
        "year_start": null,
        "nuts3": "DED43",
        "turbine_fuel_isGas_1": 1,
        "turbine_fuel_isGas_2": 1,
        "turbine_fuel_isGas_3": 1,
        "turbine_fuel_isGas_4": 1,
        "turbine_fuel_isGas_5": 1,
        "turbine_fuel_isGas_6": 1,
        "turbine_power_1_MW": 11.8,
        "turbine_power_2_MW": 11.8,
        "turbine_power_3_MW": 12.547826086956523,
        "turbine_power_4_MW": 0.0,
        "turbine_power_5_MW": 0.0,
        "turbine_power_6_MW": 0.0,
        "turbine_power_7_MW": null,
        "turbine_power_8_MW": null,
        "turbine_power_9_MW": null
      },
      "geometry": {
        "type": "Point",
        "coordinates": [
          13.439963,
          50.717132
        ]
      }
    }
  ]
}
