{
  "type": "FeatureCollection",
  "name": "N_Nodes",
  "crs": {
    "type": "name",
    "properties": {
      "name": "urn:ogc:def:crs:OGC:1.3:CRS84"
    }
  },
  "features": [
    {
      "type": "Feature",
      "properties": {
        "id": "INET_N_1234",
        "name": null,
        "nuts3": "FR101"
      },
      "geometry": {
        "type": "Point",
        "coordinates": [
          2.371,
          48.852
        ]
      }
    },
    {
      "type": "Feature",
      "properties": {
        "id": "INET_N_1613",
        "name": null,
        "nuts3": "ITH42"
      },
      "geometry": {
        "type": "Point",
        "coordinates": [
          13.592806,
          46.505528
        ]
      }
    },
    {
      "type": "Feature",
      "properties": {
        "id": "INET_N_1094",
        "name": null,
        "nuts3": "ITG13"
      },
      "geometry": {
        "type": "Point",
        "coordinates": [
          15.013029,
          38.022844
        ]
      }
    },
    {
      "type": "Feature",
      "properties": {
        "id": "INET_N_1087",
        "name": null,
        "nuts3": "ITH42"
      },
      "geometry": {
        "type": "Point",
        "coordinates": [
          13.186671,
          46.398538
        ]
      }
    },
    {
      "type": "Feature",
      "properties": {
        "id": "INET_N_1373",
        "name": null,
        "nuts3": "ITI45"
      },
      "geometry": {
        "type": "Point",
        "coordinates": [
          13.66,
          41.55
        ]
      }
    },
    {
      "type": "Feature",
      "properties": {
        "id": "SEQ_35_p",
        "name": null,
        "nuts3": "ITF13"
      },
      "geometry": {
        "type": "Point",
        "coordinates": [
          13.913,
          42.21039
        ]
      }
    },
    {
      "type": "Feature",
      "properties": {
        "id": "INET_N_1264",
        "name": null,
        "nuts3": "ITF12"
      },
      "geometry": {
        "type": "Point",
        "coordinates": [
          14.067353,
          42.60635
        ]
      }
    },
    {
      "type": "Feature",
      "properties": {
        "id": "INET_N_85",
        "name": null,
        "nuts3": "AT211"
      },
      "geometry": {
        "type": "Point",
        "coordinates": [
          13.705762,
          46.54999
        ]
      }
    },
    {
      "type": "Feature",
      "properties": {
        "id": "INET_N_31",
        "name": null,
        "nuts3": "EL511"
      },
      "geometry": {
        "type": "Point",
        "coordinates": [
          25.994099,
          40.939928
        ]
      }
    },
    {
      "type": "Feature",
      "properties": {
        "id": "INET_N_191",
        "name": null,
        "nuts3": "AL034"
      },
      "geometry": {
        "type": "Point",
        "coordinates": [
          21.000003,
          40.581944
        ]
      }
    },
    {
      "type": "Feature",
      "properties": {
        "id": "SEQ_74_p",
        "name": null,
        "nuts3": "AL031"
      },
      "geometry": {
        "type": "Point",
        "coordinates": [
          19.83951,
          40.74254
        ]
      }
    },
    {
      "type": "Feature",
      "properties": {
        "id": "INET_N_753",
        "name": null,
        "nuts3": "SK042"
      },
      "geometry": {
        "type": "Point",
        "coordinates": [
          20.72,
          48.6
        ]
      }
    },
    {
      "type": "Feature",
      "properties": {
        "id": "SEQ_92_p",
        "name": null,
        "nuts3": "UKF22"
      },
      "geometry": {
        "type": "Point",
        "coordinates": [
          -1.38163,
          52.70019
        ]
      }
    },
    {
      "type": "Feature",
      "properties": {
        "id": "INET_N_716",
        "name": null,
        "nuts3": "UKK23"
      },
      "geometry": {
        "type": "Point",
        "coordinates": [
          -2.6827,
          51.002
        ]
      }
    },
    {
      "type": "Feature",
      "properties": {
        "id": "SEQ_4411__S_LMGN",
        "name": null,
        "nuts3": "IE062"
      },
      "geometry": {
        "type": "Point",
        "coordinates": [
          -6.27612,
          53.6666
        ]
      }
    },
    {
      "type": "Feature",
      "properties": {
        "id": "INET_N_1302",
        "name": null,
        "nuts3": null
      },
      "geometry": {
        "type": "Point",
        "coordinates": [
          23.848,
          52.144
        ]
      }
    },
    {
      "type": "Feature",
      "properties": {
        "id": "INET_N_1819",
        "name": null,
        "nuts3": null
      },
      "geometry": {
        "type": "Point",
        "coordinates": [
          23.371,
          52.3696
        ]
      }
    },
    {
      "type": "Feature",
      "properties": {
        "id": "INET_N_855",
        "name": null,
        "nuts3": "EL513"
      },
      "geometry": {
        "type": "Point",
        "coordinates": [
          25.406558,
          41.122439
        ]
      }
    },
    {
      "type": "Feature",
      "properties": {
        "id": "INET_N_1530",
        "name": null,
        "nuts3": "EL515"
      },
      "geometry": {
        "type": "Point",
        "coordinates": [
          24.409,
          40.946
        ]
      }
    },
    {
      "type": "Feature",
      "properties": {
        "id": "INET_N_1328",
        "name": null,
        "nuts3": "EE009"
      },
      "geometry": {
        "type": "Point",
        "coordinates": [
          26.36,
          59.407
        ]
      }
    },
    {
      "type": "Feature",
      "properties": {
        "id": "INET_N_1124",
        "name": null,
        "nuts3": "EE00A"
      },
      "geometry": {
        "type": "Point",
        "coordinates": [
          28.179075,
          59.379693
        ]
      }
    },
    {
      "type": "Feature",
      "properties": {
        "id": "N_426_S_LMGN",
        "name": null,
        "nuts3": "EE008"
      },
      "geometry": {
        "type": "Point",
        "coordinates": [
          26.9899,
          58.07735
        ]
      }
    },
    {
      "type": "Feature",
      "properties": {
        "id": "INET_N_1357",
        "name": null,
        "nuts3": "LV006"
      },
      "geometry": {
        "type": "Point",
        "coordinates": [
          24.1788,
          56.9904
        ]
      }
    },
    {
      "type": "Feature",
      "properties": {
        "id": "INET_N_1071",
        "name": null,
        "nuts3": "NL413"
      },
      "geometry": {
        "type": "Point",
        "coordinates": [
          5.78,
          51.69
        ]
      }
    },
    {
      "type": "Feature",
      "properties": {
        "id": "SEQ_9907__M_LMGN",
        "name": null,
        "nuts3": "TR411"
      },
      "geometry": {
        "type": "Point",
        "coordinates": [
          28.29791,
          40.10177
        ]
      }
    },
    {
      "type": "Feature",
      "properties": {
        "id": "INET_N_735",
        "name": null,
        "nuts3": "TR212"
      },
      "geometry": {
        "type": "Point",
        "coordinates": [
          26.381385,
          40.919054
        ]
      }
    },
    {
      "type": "Feature",
      "properties": {
        "id": "SEQ_187_p",
        "name": null,
        "nuts3": null
      },
      "geometry": {
        "type": "Point",
        "coordinates": [
          23.58606,
          48.84467
        ]
      }
    },
    {
      "type": "Feature",
      "properties": {
        "id": "SEQ_196_p",
        "name": null,
        "nuts3": null
      },
      "geometry": {
        "type": "Point",
        "coordinates": [
          24.0357,
          49.4241
        ]
      }
    },
    {
      "type": "Feature",
      "properties": {
        "id": "INET_N_995",
        "name": null,
        "nuts3": null
      },
      "geometry": {
        "type": "Point",
        "coordinates": [
          24.083,
          49.871722
        ]
      }
    },
    {
      "type": "Feature",
      "properties": {
        "id": "INET_N_1761",
        "name": null,
        "nuts3": null
      },
      "geometry": {
        "type": "Point",
        "coordinates": [
          24.36275,
          50.373236
        ]
      }
    },
    {
      "type": "Feature",
      "properties": {
        "id": "SEQ_206_p",
        "name": null,
        "nuts3": null
      },
      "geometry": {
        "type": "Point",
        "coordinates": [
          24.57841,
          50.99281
        ]
      }
    },
    {
      "type": "Feature",
      "properties": {
        "id": "INET_N_874",
        "name": null,
        "nuts3": null
      },
      "geometry": {
        "type": "Point",
        "coordinates": [
          24.651583,
          51.19925
        ]
      }
    },
    {
      "type": "Feature",
      "properties": {
        "id": "SEQ_214_p",
        "name": null,
        "nuts3": null
      },
      "geometry": {
        "type": "Point",
        "coordinates": [
          24.52917,
          51.59773
        ]
      }
    },
    {
      "type": "Feature",
      "properties": {
        "id": "INET_N_679",
        "name": null,
        "nuts3": null
      },
      "geometry": {
        "type": "Point",
        "coordinates": [
          24.487889,
          51.730528
        ]
      }
    },
    {
      "type": "Feature",
      "properties": {
        "id": "INET_N_1626",
        "name": null,
        "nuts3": null
      },
      "geometry": {
        "type": "Point",
        "coordinates": [
          25.594639,
          49.571083
        ]
      }
    },
    {
      "type": "Feature",
      "properties": {
        "id": "INET_N_817",
        "name": null,
        "nuts3": null
      },
      "geometry": {
        "type": "Point",
        "coordinates": [
          30.28775,
          50.353222
        ]
      }
    },
    {
      "type": "Feature",
      "properties": {
        "id": "SEQ_233_p",
        "name": null,
        "nuts3": null
      },
      "geometry": {
        "type": "Point",
        "coordinates": [
          31.0601,
          50.28702
        ]
      }
    },
    {
      "type": "Feature",
      "properties": {
        "id": "SEQ_236_p",
        "name": null,
        "nuts3": null
      },
      "geometry": {
        "type": "Point",
        "coordinates": [
          31.44545,
          50.25201
        ]
      }
    },
    {
      "type": "Feature",
      "properties": {
        "id": "INET_N_755",
        "name": null,
        "nuts3": null
      },
      "geometry": {
        "type": "Point",
        "coordinates": [
          31.830222,
          50.215722
        ]
      }
    },
    {
      "type": "Feature",
      "properties": {
        "id": "INET_N_929",
        "name": null,
        "nuts3": null
      },
      "geometry": {
        "type": "Point",
        "coordinates": [
          32.634442,
          50.099444
        ]
      }
    },
    {
      "type": "Feature",
      "properties": {
        "id": "SEQ_240_p",
        "name": null,
        "nuts3": null
      },
      "geometry": {
        "type": "Point",
        "coordinates": [
          33.12386,
          50.02565
        ]
      }
    },
    {
      "type": "Feature",
      "properties": {
        "id": "SEQ_242_p",
        "name": null,
        "nuts3": null
      },
      "geometry": {
        "type": "Point",
        "coordinates": [
          33.368,
          49.98799
        ]
      }
    },
    {
      "type": "Feature",
      "properties": {
        "id": "SEQ_244_p",
        "name": null,
        "nuts3": null
      },
      "geometry": {
        "type": "Point",
        "coordinates": [
          33.85513,
          49.91112
        ]
      }
    },
    {
      "type": "Feature",
      "properties": {
        "id": "SEQ_245_p",
        "name": null,
        "nuts3": null
      },
      "geometry": {
        "type": "Point",
        "coordinates": [
          34.0981,
          49.87193
        ]
      }
    },
    {
      "type": "Feature",
      "properties": {
        "id": "SEQ_247_p",
        "name": null,
        "nuts3": null
      },
      "geometry": {
        "type": "Point",
        "coordinates": [
          34.58286,
          49.79202
        ]
      }
    },
    {
      "type": "Feature",
      "properties": {
        "id": "SEQ_249_p",
        "name": null,
        "nuts3": null
      },
      "geometry": {
        "type": "Point",
        "coordinates": [
          35.066,
          49.7101
        ]
      }
    },
    {
      "type": "Feature",
      "properties": {
        "id": "SEQ_256_p",
        "name": null,
        "nuts3": null
      },
      "geometry": {
        "type": "Point",
        "coordinates": [
          35.54749,
          49.62617
        ]
      }
    },
    {
      "type": "Feature",
      "properties": {
        "id": "SEQ_252_p",
        "name": null,
        "nuts3": null
      },
      "geometry": {
        "type": "Point",
        "coordinates": [
          35.78761,
          49.58346
        ]
      }
    },
    {
      "type": "Feature",
      "properties": {
        "id": "SEQ_254_p",
        "name": null,
        "nuts3": null
      },
      "geometry": {
        "type": "Point",
        "coordinates": [
          36.26658,
          49.49655
        ]
      }
    },
    {
      "type": "Feature",
      "properties": {
        "id": "INET_N_1490",
        "name": null,
        "nuts3": null
      },
      "geometry": {
        "type": "Point",
        "coordinates": [
          36.505417,
          49.452361
        ]
      }
    },
    {
      "type": "Feature",
      "properties": {
        "id": "INET_N_223",
        "name": null,
        "nuts3": null
      },
      "geometry": {
        "type": "Point",
        "coordinates": [
          24.686481,
          49.186856
        ]
      }
    },
    {
      "type": "Feature",
      "properties": {
        "id": "INET_N_1689",
        "name": null,
        "nuts3": null
      },
      "geometry": {
        "type": "Point",
        "coordinates": [
          31.142459,
          47.444426
        ]
      }
    },
    {
      "type": "Feature",
      "properties": {
        "id": "INET_N_1188",
        "name": null,
        "nuts3": null
      },
      "geometry": {
        "type": "Point",
        "coordinates": [
          30.717722,
          46.519194
        ]
      }
    },
    {
      "type": "Feature",
      "properties": {
        "id": "SEQ_299_p",
        "name": null,
        "nuts3": null
      },
      "geometry": {
        "type": "Point",
        "coordinates": [
          30.84016,
          46.93755
        ]
      }
    },
    {
      "type": "Feature",
      "properties": {
        "id": "INET_N_1690",
        "name": null,
        "nuts3": null
      },
      "geometry": {
        "type": "Point",
        "coordinates": [
          30.964527,
          47.355783
        ]
      }
    },
    {
      "type": "Feature",
      "properties": {
        "id": "SEQ_307_p",
        "name": null,
        "nuts3": null
      },
      "geometry": {
        "type": "Point",
        "coordinates": [
          36.4244,
          49.15811
        ]
      }
    },
    {
      "type": "Feature",
      "properties": {
        "id": "INET_N_979",
        "name": null,
        "nuts3": null
      },
      "geometry": {
        "type": "Point",
        "coordinates": [
          36.344333,
          48.863806
        ]
      }
    },
    {
      "type": "Feature",
      "properties": {
        "id": "SEQ_311_p",
        "name": null,
        "nuts3": null
      },
      "geometry": {
        "type": "Point",
        "coordinates": [
          35.72216,
          48.66982
        ]
      }
    },
    {
      "type": "Feature",
      "properties": {
        "id": "INET_N_402",
        "name": null,
        "nuts3": null
      },
      "geometry": {
        "type": "Point",
        "coordinates": [
          35.104806,
          48.4725
        ]
      }
    },
    {
      "type": "Feature",
      "properties": {
        "id": "SEQ_325_p",
        "name": null,
        "nuts3": null
      },
      "geometry": {
        "type": "Point",
        "coordinates": [
          34.71982,
          48.30271
        ]
      }
    },
    {
      "type": "Feature",
      "properties": {
        "id": "SEQ_317_p",
        "name": null,
        "nuts3": null
      },
      "geometry": {
        "type": "Point",
        "coordinates": [
          34.33739,
          48.13164
        ]
      }
    },
    {
      "type": "Feature",
      "properties": {
        "id": "SEQ_323_p",
        "name": null,
        "nuts3": null
      },
      "geometry": {
        "type": "Point",
        "coordinates": [
          33.76852,
          47.87267
        ]
      }
    },
    {
      "type": "Feature",
      "properties": {
        "id": "INET_N_1691",
        "name": null,
        "nuts3": null
      },
      "geometry": {
        "type": "Point",
        "coordinates": [
          33.58016,
          47.785729
        ]
      }
    },
    {
      "type": "Feature",
      "properties": {
        "id": "INET_N_885",
        "name": null,
        "nuts3": null
      },
      "geometry": {
        "type": "Point",
        "coordinates": [
          33.207833,
          47.612139
        ]
      }
    },
    {
      "type": "Feature",
      "properties": {
        "id": "INET_N_1814",
        "name": null,
        "nuts3": null
      },
      "geometry": {
        "type": "Point",
        "coordinates": [
          31.329194,
          47.536911
        ]
      }
    },
    {
      "type": "Feature",
      "properties": {
        "id": "INET_N_1555",
        "name": null,
        "nuts3": null
      },
      "geometry": {
        "type": "Point",
        "coordinates": [
          30.6382,
          47.191628
        ]
      }
    },
    {
      "type": "Feature",
      "properties": {
        "id": "SEQ_376_p",
        "name": null,
        "nuts3": null
      },
      "geometry": {
        "type": "Point",
        "coordinates": [
          32.73768,
          47.59621
        ]
      }
    },
    {
      "type": "Feature",
      "properties": {
        "id": "SEQ_372_p",
        "name": null,
        "nuts3": null
      },
      "geometry": {
        "type": "Point",
        "coordinates": [
          32.50272,
          47.58752
        ]
      }
    },
    {
      "type": "Feature",
      "properties": {
        "id": "SEQ_374_p",
        "name": null,
        "nuts3": null
      },
      "geometry": {
        "type": "Point",
        "coordinates": [
          32.03304,
          47.56871
        ]
      }
    },
    {
      "type": "Feature",
      "properties": {
        "id": "SEQ_381_p",
        "name": null,
        "nuts3": null
      },
      "geometry": {
        "type": "Point",
        "coordinates": [
          31.56371,
          47.54799
        ]
      }
    },
    {
      "type": "Feature",
      "properties": {
        "id": "INET_N_1280",
        "name": null,
        "nuts3": null
      },
      "geometry": {
        "type": "Point",
        "coordinates": [
          34.298278,
          49.553778
        ]
      }
    },
    {
      "type": "Feature",
      "properties": {
        "id": "INET_N_883",
        "name": null,
        "nuts3": null
      },
      "geometry": {
        "type": "Point",
        "coordinates": [
          33.458222,
          49.1785
        ]
      }
    },
    {
      "type": "Feature",
      "properties": {
        "id": "SEQ_457_p",
        "name": null,
        "nuts3": null
      },
      "geometry": {
        "type": "Point",
        "coordinates": [
          28.47833,
          49.13716
        ]
      }
    },
    {
      "type": "Feature",
      "properties": {
        "id": "SEQ_466_p",
        "name": null,
        "nuts3": null
      },
      "geometry": {
        "type": "Point",
        "coordinates": [
          28.87339,
          49.1633
        ]
      }
    },
    {
      "type": "Feature",
      "properties": {
        "id": "INET_N_717",
        "name": null,
        "nuts3": null
      },
      "geometry": {
        "type": "Point",
        "coordinates": [
          29.268861,
          49.188083
        ]
      }
    },
    {
      "type": "Feature",
      "properties": {
        "id": "SEQ_469_p",
        "name": null,
        "nuts3": null
      },
      "geometry": {
        "type": "Point",
        "coordinates": [
          29.82227,
          49.36086
        ]
      }
    },
    {
      "type": "Feature",
      "properties": {
        "id": "INET_N_1758",
        "name": null,
        "nuts3": null
      },
      "geometry": {
        "type": "Point",
        "coordinates": [
          30.379556,
          49.530972
        ]
      }
    },
    {
      "type": "Feature",
      "properties": {
        "id": "SEQ_473_p",
        "name": null,
        "nuts3": null
      },
      "geometry": {
        "type": "Point",
        "coordinates": [
          30.93331,
          49.65028
        ]
      }
    },
    {
      "type": "Feature",
      "properties": {
        "id": "INET_N_780",
        "name": null,
        "nuts3": null
      },
      "geometry": {
        "type": "Point",
        "coordinates": [
          31.48975,
          49.766944
        ]
      }
    },
    {
      "type": "Feature",
      "properties": {
        "id": "SEQ_480_p",
        "name": null,
        "nuts3": null
      },
      "geometry": {
        "type": "Point",
        "coordinates": [
          31.89394,
          50.02859
        ]
      }
    },
    {
      "type": "Feature",
      "properties": {
        "id": "SEQ_483_p",
        "name": null,
        "nuts3": null
      },
      "geometry": {
        "type": "Point",
        "coordinates": [
          32.30254,
          50.28882
        ]
      }
    },
    {
      "type": "Feature",
      "properties": {
        "id": "SEQ_485_p",
        "name": null,
        "nuts3": null
      },
      "geometry": {
        "type": "Point",
        "coordinates": [
          32.71562,
          50.5476
        ]
      }
    },
    {
      "type": "Feature",
      "properties": {
        "id": "INET_N_1598",
        "name": null,
        "nuts3": null
      },
      "geometry": {
        "type": "Point",
        "coordinates": [
          33.13325,
          50.804894
        ]
      }
    },
    {
      "type": "Feature",
      "properties": {
        "id": "SEQ_489_p",
        "name": null,
        "nuts3": null
      },
      "geometry": {
        "type": "Point",
        "coordinates": [
          33.94878,
          50.94558
        ]
      }
    },
    {
      "type": "Feature",
      "properties": {
        "id": "SEQ_492_p",
        "name": null,
        "nuts3": null
      },
      "geometry": {
        "type": "Point",
        "coordinates": [
          34.35838,
          51.01379
        ]
      }
    },
    {
      "type": "Feature",
      "properties": {
        "id": "INET_N_1579",
        "name": null,
        "nuts3": null
      },
      "geometry": {
        "type": "Point",
        "coordinates": [
          34.769167,
          51.080556
        ]
      }
    },
    {
      "type": "Feature",
      "properties": {
        "id": "INET_N_1187",
        "name": null,
        "nuts3": null
      },
      "geometry": {
        "type": "Point",
        "coordinates": [
          34.947528,
          50.239167
        ]
      }
    },
    {
      "type": "Feature",
      "properties": {
        "id": "INET_N_749",
        "name": null,
        "nuts3": null
      },
      "geometry": {
        "type": "Point",
        "coordinates": [
          24.788361,
          48.829833
        ]
      }
    },
    {
      "type": "Feature",
      "properties": {
        "id": "SEQ_541_p",
        "name": null,
        "nuts3": null
      },
      "geometry": {
        "type": "Point",
        "coordinates": [
          26.91336,
          49.05106
        ]
      }
    },
    {
      "type": "Feature",
      "properties": {
        "id": "SEQ_547_p",
        "name": null,
        "nuts3": null
      },
      "geometry": {
        "type": "Point",
        "coordinates": [
          24.59986,
          48.74885
        ]
      }
    },
    {
      "type": "Feature",
      "properties": {
        "id": "IGU_N_138",
        "name": null,
        "nuts3": null
      },
      "geometry": {
        "type": "Point",
        "coordinates": [
          37.6,
          49.46
        ]
      }
    },
    {
      "type": "Feature",
      "properties": {
        "id": "INET_N_1166",
        "name": null,
        "nuts3": null
      },
      "geometry": {
        "type": "Point",
        "coordinates": [
          39.151194,
          49.527194
        ]
      }
    },
    {
      "type": "Feature",
      "properties": {
        "id": "INET_N_1682",
        "name": null,
        "nuts3": null
      },
      "geometry": {
        "type": "Point",
        "coordinates": [
          38.511308,
          47.802241
        ]
      }
    },
    {
      "type": "Feature",
      "properties": {
        "id": "INET_N_1683",
        "name": null,
        "nuts3": null
      },
      "geometry": {
        "type": "Point",
        "coordinates": [
          38.329414,
          48.058621
        ]
      }
    },
    {
      "type": "Feature",
      "properties": {
        "id": "INET_N_1684",
        "name": null,
        "nuts3": null
      },
      "geometry": {
        "type": "Point",
        "coordinates": [
          37.771998,
          48.31222
        ]
      }
    },
    {
      "type": "Feature",
      "properties": {
        "id": "INET_N_1686",
        "name": null,
        "nuts3": null
      },
      "geometry": {
        "type": "Point",
        "coordinates": [
          37.552131,
          48.912389
        ]
      }
    },
    {
      "type": "Feature",
      "properties": {
        "id": "INET_N_1681",
        "name": null,
        "nuts3": null
      },
      "geometry": {
        "type": "Point",
        "coordinates": [
          38.040231,
          47.756519
        ]
      }
    },
    {
      "type": "Feature",
      "properties": {
        "id": "INET_N_411",
        "name": null,
        "nuts3": null
      },
      "geometry": {
        "type": "Point",
        "coordinates": [
          37.646111,
          47.920861
        ]
      }
    },
    {
      "type": "Feature",
      "properties": {
        "id": "INET_N_964",
        "name": null,
        "nuts3": null
      },
      "geometry": {
        "type": "Point",
        "coordinates": [
          38.299861,
          48.845528
        ]
      }
    },
    {
      "type": "Feature",
      "properties": {
        "id": "SEQ_588_p",
        "name": null,
        "nuts3": null
      },
      "geometry": {
        "type": "Point",
        "coordinates": [
          38.9155,
          48.73757
        ]
      }
    },
    {
      "type": "Feature",
      "properties": {
        "id": "SEQ_606_p",
        "name": null,
        "nuts3": null
      },
      "geometry": {
        "type": "Point",
        "coordinates": [
          39.22232,
          48.68236
        ]
      }
    },
    {
      "type": "Feature",
      "properties": {
        "id": "INET_N_1679",
        "name": null,
        "nuts3": null
      },
      "geometry": {
        "type": "Point",
        "coordinates": [
          39.528463,
          48.626337
        ]
      }
    },
    {
      "type": "Feature",
      "properties": {
        "id": "SEQ_602_p",
        "name": null,
        "nuts3": null
      },
      "geometry": {
        "type": "Point",
        "coordinates": [
          38.97526,
          49.20564
        ]
      }
    },
    {
      "type": "Feature",
      "properties": {
        "id": "INET_N_1678",
        "name": null,
        "nuts3": null
      },
      "geometry": {
        "type": "Point",
        "coordinates": [
          39.202571,
          49.3248
        ]
      }
    },
    {
      "type": "Feature",
      "properties": {
        "id": "INET_N_878",
        "name": null,
        "nuts3": null
      },
      "geometry": {
        "type": "Point",
        "coordinates": [
          39.743028,
          48.299833
        ]
      }
    },
    {
      "type": "Feature",
      "properties": {
        "id": "INET_N_1118",
        "name": null,
        "nuts3": null
      },
      "geometry": {
        "type": "Point",
        "coordinates": [
          39.287556,
          48.988528
        ]
      }
    },
    {
      "type": "Feature",
      "properties": {
        "id": "N_735_M_LMGN",
        "name": null,
        "nuts3": "ITC49"
      },
      "geometry": {
        "type": "Point",
        "coordinates": [
          9.73418,
          45.15507
        ]
      }
    },
    {
      "type": "Feature",
      "properties": {
        "id": "N_1843_S_LMGN",
        "name": null,
        "nuts3": "ITC49"
      },
      "geometry": {
        "type": "Point",
        "coordinates": [
          9.67709,
          45.11131
        ]
      }
    },
    {
      "type": "Feature",
      "properties": {
        "id": "N_1166_S_LMGN",
        "name": null,
        "nuts3": "ITC49"
      },
      "geometry": {
        "type": "Point",
        "coordinates": [
          9.79966,
          45.08415
        ]
      }
    },
    {
      "type": "Feature",
      "properties": {
        "id": "N_1167_S_LMGN",
        "name": null,
        "nuts3": "ITC4B"
      },
      "geometry": {
        "type": "Point",
        "coordinates": [
          10.73044,
          45.23716
        ]
      }
    },
    {
      "type": "Feature",
      "properties": {
        "id": "SEQ_13739__S_LMGN",
        "name": null,
        "nuts3": "ITC4B"
      },
      "geometry": {
        "type": "Point",
        "coordinates": [
          10.77349,
          45.28867
        ]
      }
    },
    {
      "type": "Feature",
      "properties": {
        "id": "SEQ_5193__L_LMGN",
        "name": null,
        "nuts3": "ITH31"
      },
      "geometry": {
        "type": "Point",
        "coordinates": [
          10.85366,
          45.28105
        ]
      }
    },
    {
      "type": "Feature",
      "properties": {
        "id": "N_160_L_LMGN",
        "name": null,
        "nuts3": "ITH31"
      },
      "geometry": {
        "type": "Point",
        "coordinates": [
          11.38435,
          45.30611
        ]
      }
    },
    {
      "type": "Feature",
      "properties": {
        "id": "N_271_NS_LMGN",
        "name": null,
        "nuts3": null
      },
      "geometry": {
        "type": "Point",
        "coordinates": [
          2.55424,
          53.3287
        ]
      }
    },
    {
      "type": "Feature",
      "properties": {
        "id": "N_281_NS_LMGN",
        "name": null,
        "nuts3": null
      },
      "geometry": {
        "type": "Point",
        "coordinates": [
          2.27914,
          53.55458
        ]
      }
    },
    {
      "type": "Feature",
      "properties": {
        "id": "N_53_NS_LMGN",
        "name": null,
        "nuts3": null
      },
      "geometry": {
        "type": "Point",
        "coordinates": [
          3.15343,
          53.27811
        ]
      }
    },
    {
      "type": "Feature",
      "properties": {
        "id": "N_52_NS_LMGN",
        "name": null,
        "nuts3": null
      },
      "geometry": {
        "type": "Point",
        "coordinates": [
          3.2237,
          52.95898
        ]
      }
    },
    {
      "type": "Feature",
      "properties": {
        "id": "N_39_NS_LMGN",
        "name": null,
        "nuts3": null
      },
      "geometry": {
        "type": "Point",
        "coordinates": [
          3.58053,
          53.0176
        ]
      }
    },
    {
      "type": "Feature",
      "properties": {
        "id": "N_152_NS_LMGN",
        "name": null,
        "nuts3": null
      },
      "geometry": {
        "type": "Point",
        "coordinates": [
          3.88785,
          52.91369
        ]
      }
    },
    {
      "type": "Feature",
      "properties": {
        "id": "N_205_NS_LMGN",
        "name": null,
        "nuts3": null
      },
      "geometry": {
        "type": "Point",
        "coordinates": [
          4.09315,
          53.00735
        ]
      }
    },
    {
      "type": "Feature",
      "properties": {
        "id": "N_202_NS_LMGN",
        "name": null,
        "nuts3": null
      },
      "geometry": {
        "type": "Point",
        "coordinates": [
          4.39426,
          52.85864
        ]
      }
    },
    {
      "type": "Feature",
      "properties": {
        "id": "N_299_NS_LMGN",
        "name": null,
        "nuts3": null
      },
      "geometry": {
        "type": "Point",
        "coordinates": [
          4.5155,
          52.91976
        ]
      }
    },
    {
      "type": "Feature",
      "properties": {
        "id": "SEQ_459__S_LMGN",
        "name": null,
        "nuts3": "NL321"
      },
      "geometry": {
        "type": "Point",
        "coordinates": [
          4.79938,
          52.8508
        ]
      }
    },
    {
      "type": "Feature",
      "properties": {
        "id": "N_806_M_LMGN",
        "name": null,
        "nuts3": "ES522"
      },
      "geometry": {
        "type": "Point",
        "coordinates": [
          0.27069,
          40.51386
        ]
      }
    },
    {
      "type": "Feature",
      "properties": {
        "id": "N_645_M_LMGN",
        "name": null,
        "nuts3": "ES522"
      },
      "geometry": {
        "type": "Point",
        "coordinates": [
          0.16642,
          40.3983
        ]
      }
    },
    {
      "type": "Feature",
      "properties": {
        "id": "SEQ_6985__M_LMGN",
        "name": null,
        "nuts3": "ES522"
      },
      "geometry": {
        "type": "Point",
        "coordinates": [
          -0.06028,
          39.95452
        ]
      }
    },
    {
      "type": "Feature",
      "properties": {
        "id": "SEQ_6989__M_LMGN",
        "name": null,
        "nuts3": "ES522"
      },
      "geometry": {
        "type": "Point",
        "coordinates": [
          -0.21312,
          39.77311
        ]
      }
    },
    {
      "type": "Feature",
      "properties": {
        "id": "SEQ_6997__M_LMGN",
        "name": null,
        "nuts3": "ES523"
      },
      "geometry": {
        "type": "Point",
        "coordinates": [
          -0.58006,
          39.47792
        ]
      }
    },
    {
      "type": "Feature",
      "properties": {
        "id": "SEQ_7001__M_LMGN",
        "name": null,
        "nuts3": "ES523"
      },
      "geometry": {
        "type": "Point",
        "coordinates": [
          -0.59122,
          39.26409
        ]
      }
    },
    {
      "type": "Feature",
      "properties": {
        "id": "SEQ_9431__S_LMGN",
        "name": null,
        "nuts3": "BE242"
      },
      "geometry": {
        "type": "Point",
        "coordinates": [
          4.6182,
          50.93524
        ]
      }
    },
    {
      "type": "Feature",
      "properties": {
        "id": "SEQ_7923__L_LMGN",
        "name": null,
        "nuts3": "BE241"
      },
      "geometry": {
        "type": "Point",
        "coordinates": [
          4.36797,
          51.00895
        ]
      }
    },
    {
      "type": "Feature",
      "properties": {
        "id": "SEQ_7927__L_LMGN",
        "name": null,
        "nuts3": "BE236"
      },
      "geometry": {
        "type": "Point",
        "coordinates": [
          3.96889,
          51.09556
        ]
      }
    },
    {
      "type": "Feature",
      "properties": {
        "id": "N_1289_S_LMGN",
        "name": null,
        "nuts3": "BE234"
      },
      "geometry": {
        "type": "Point",
        "coordinates": [
          3.79438,
          51.1136
        ]
      }
    },
    {
      "type": "Feature",
      "properties": {
        "id": "SEQ_7931__L_LMGN",
        "name": null,
        "nuts3": "BE223"
      },
      "geometry": {
        "type": "Point",
        "coordinates": [
          5.84259,
          50.72976
        ]
      }
    },
    {
      "type": "Feature",
      "properties": {
        "id": "SEQ_7933__L_LMGN",
        "name": null,
        "nuts3": "BE332"
      },
      "geometry": {
        "type": "Point",
        "coordinates": [
          5.66976,
          50.74053
        ]
      }
    },
    {
      "type": "Feature",
      "properties": {
        "id": "N_269_L_LMGN",
        "name": null,
        "nuts3": "BE223"
      },
      "geometry": {
        "type": "Point",
        "coordinates": [
          5.26479,
          50.73176
        ]
      }
    },
    {
      "type": "Feature",
      "properties": {
        "id": "SEQ_7397__L_LMGN",
        "name": null,
        "nuts3": "BE331"
      },
      "geometry": {
        "type": "Point",
        "coordinates": [
          5.12648,
          50.58529
        ]
      }
    },
    {
      "type": "Feature",
      "properties": {
        "id": "SEQ_7409__L_LMGN",
        "name": null,
        "nuts3": "BE352"
      },
      "geometry": {
        "type": "Point",
        "coordinates": [
          4.7139,
          50.52014
        ]
      }
    },
    {
      "type": "Feature",
      "properties": {
        "id": "N_255_L_LMGN",
        "name": null,
        "nuts3": "BE310"
      },
      "geometry": {
        "type": "Point",
        "coordinates": [
          4.26702,
          50.60753
        ]
      }
    },
    {
      "type": "Feature",
      "properties": {
        "id": "N_249_L_LMGN",
        "name": null,
        "nuts3": "BE32C"
      },
      "geometry": {
        "type": "Point",
        "coordinates": [
          4.02679,
          50.53629
        ]
      }
    },
    {
      "type": "Feature",
      "properties": {
        "id": "N_239_L_LMGN",
        "name": null,
        "nuts3": "FRE11"
      },
      "geometry": {
        "type": "Point",
        "coordinates": [
          3.81163,
          50.34567
        ]
      }
    },
    {
      "type": "Feature",
      "properties": {
        "id": "SEQ_694_p",
        "name": null,
        "nuts3": "UKF30"
      },
      "geometry": {
        "type": "Point",
        "coordinates": [
          -0.11588,
          52.88807
        ]
      }
    },
    {
      "type": "Feature",
      "properties": {
        "id": "N_267_L_LMGN",
        "name": null,
        "nuts3": "UKF30"
      },
      "geometry": {
        "type": "Point",
        "coordinates": [
          -0.29497,
          53.13061
        ]
      }
    },
    {
      "type": "Feature",
      "properties": {
        "id": "SEQ_1609__M_LMGN",
        "name": null,
        "nuts3": "ES616"
      },
      "geometry": {
        "type": "Point",
        "coordinates": [
          -3.52772,
          38.28363
        ]
      }
    },
    {
      "type": "Feature",
      "properties": {
        "id": "N_155_M_LMGN",
        "name": null,
        "nuts3": "ES613"
      },
      "geometry": {
        "type": "Point",
        "coordinates": [
          -4.57038,
          37.92145
        ]
      }
    },
    {
      "type": "Feature",
      "properties": {
        "id": "N_1631_S_LMGN",
        "name": null,
        "nuts3": "FRE22"
      },
      "geometry": {
        "type": "Point",
        "coordinates": [
          2.71124,
          49.56615
        ]
      }
    },
    {
      "type": "Feature",
      "properties": {
        "id": "N_1632_S_LMGN",
        "name": null,
        "nuts3": "FRE22"
      },
      "geometry": {
        "type": "Point",
        "coordinates": [
          2.88056,
          49.614
        ]
      }
    },
    {
      "type": "Feature",
      "properties": {
        "id": "N_2193_S_LMGN",
        "name": null,
        "nuts3": "FRE21"
      },
      "geometry": {
        "type": "Point",
        "coordinates": [
          3.27448,
          49.77426
        ]
      }
    },
    {
      "type": "Feature",
      "properties": {
        "id": "SEQ_721_p",
        "name": null,
        "nuts3": "FRE22"
      },
      "geometry": {
        "type": "Point",
        "coordinates": [
          2.98909,
          49.68486
        ]
      }
    },
    {
      "type": "Feature",
      "properties": {
        "id": "N_2192_S_LMGN",
        "name": null,
        "nuts3": "FRE11"
      },
      "geometry": {
        "type": "Point",
        "coordinates": [
          3.40071,
          50.14669
        ]
      }
    },
    {
      "type": "Feature",
      "properties": {
        "id": "SEQ_6595__L_LMGN",
        "name": null,
        "nuts3": "FRE11"
      },
      "geometry": {
        "type": "Point",
        "coordinates": [
          3.65062,
          50.32901
        ]
      }
    },
    {
      "type": "Feature",
      "properties": {
        "id": "SEQ_10293__M_LMGN",
        "name": null,
        "nuts3": "NL131"
      },
      "geometry": {
        "type": "Point",
        "coordinates": [
          6.72524,
          53.03943
        ]
      }
    },
    {
      "type": "Feature",
      "properties": {
        "id": "N_1757_S_LMGN",
        "name": null,
        "nuts3": "NL113"
      },
      "geometry": {
        "type": "Point",
        "coordinates": [
          6.77359,
          53.19089
        ]
      }
    },
    {
      "type": "Feature",
      "properties": {
        "id": "SEQ_10865__M_LMGN",
        "name": null,
        "nuts3": "NL113"
      },
      "geometry": {
        "type": "Point",
        "coordinates": [
          6.47664,
          53.29076
        ]
      }
    },
    {
      "type": "Feature",
      "properties": {
        "id": "N_815_M_LMGN",
        "name": null,
        "nuts3": "ITH51"
      },
      "geometry": {
        "type": "Point",
        "coordinates": [
          9.80431,
          44.94628
        ]
      }
    },
    {
      "type": "Feature",
      "properties": {
        "id": "N_816_M_LMGN",
        "name": null,
        "nuts3": "ITH51"
      },
      "geometry": {
        "type": "Point",
        "coordinates": [
          9.86214,
          44.98486
        ]
      }
    },
    {
      "type": "Feature",
      "properties": {
        "id": "N_553_M_LMGN",
        "name": null,
        "nuts3": "ITI11"
      },
      "geometry": {
        "type": "Point",
        "coordinates": [
          9.83602,
          44.36437
        ]
      }
    },
    {
      "type": "Feature",
      "properties": {
        "id": "SEQ_13823__S_LMGN",
        "name": null,
        "nuts3": "ITC11"
      },
      "geometry": {
        "type": "Point",
        "coordinates": [
          7.68151,
          44.92155
        ]
      }
    },
    {
      "type": "Feature",
      "properties": {
        "id": "N_822_M_LMGN",
        "name": null,
        "nuts3": "ITC11"
      },
      "geometry": {
        "type": "Point",
        "coordinates": [
          7.91036,
          45.20146
        ]
      }
    },
    {
      "type": "Feature",
      "properties": {
        "id": "N_1494_S_LMGN",
        "name": null,
        "nuts3": "ITC11"
      },
      "geometry": {
        "type": "Point",
        "coordinates": [
          7.7389,
          44.87709
        ]
      }
    },
    {
      "type": "Feature",
      "properties": {
        "id": "N_1848_S_LMGN",
        "name": null,
        "nuts3": "ITC17"
      },
      "geometry": {
        "type": "Point",
        "coordinates": [
          8.08581,
          44.83023
        ]
      }
    },
    {
      "type": "Feature",
      "properties": {
        "id": "SEQ_13927__S_LMGN",
        "name": null,
        "nuts3": "ITC18"
      },
      "geometry": {
        "type": "Point",
        "coordinates": [
          8.44162,
          44.82428
        ]
      }
    },
    {
      "type": "Feature",
      "properties": {
        "id": "N_555_M_LMGN",
        "name": null,
        "nuts3": "ITC18"
      },
      "geometry": {
        "type": "Point",
        "coordinates": [
          8.63165,
          44.92901
        ]
      }
    },
    {
      "type": "Feature",
      "properties": {
        "id": "SEQ_7667__L_LMGN",
        "name": null,
        "nuts3": "PL823"
      },
      "geometry": {
        "type": "Point",
        "coordinates": [
          22.22211,
          50.02161
        ]
      }
    },
    {
      "type": "Feature",
      "properties": {
        "id": "N_417_S_LMGN",
        "name": null,
        "nuts3": "PL823"
      },
      "geometry": {
        "type": "Point",
        "coordinates": [
          21.96642,
          50.07024
        ]
      }
    },
    {
      "type": "Feature",
      "properties": {
        "id": "N_149_L_LMGN",
        "name": null,
        "nuts3": "FRF31"
      },
      "geometry": {
        "type": "Point",
        "coordinates": [
          6.45232,
          48.73981
        ]
      }
    },
    {
      "type": "Feature",
      "properties": {
        "id": "N_234_L_LMGN",
        "name": null,
        "nuts3": "FRF31"
      },
      "geometry": {
        "type": "Point",
        "coordinates": [
          6.33118,
          48.70381
        ]
      }
    },
    {
      "type": "Feature",
      "properties": {
        "id": "SEQ_3237__L_LMGN",
        "name": null,
        "nuts3": "FRF31"
      },
      "geometry": {
        "type": "Point",
        "coordinates": [
          6.5752,
          48.65422
        ]
      }
    },
    {
      "type": "Feature",
      "properties": {
        "id": "SEQ_3231__L_LMGN",
        "name": null,
        "nuts3": "FRF31"
      },
      "geometry": {
        "type": "Point",
        "coordinates": [
          6.92483,
          48.44777
        ]
      }
    },
    {
      "type": "Feature",
      "properties": {
        "id": "SEQ_3227__L_LMGN",
        "name": null,
        "nuts3": "FRF11"
      },
      "geometry": {
        "type": "Point",
        "coordinates": [
          7.19067,
          48.34696
        ]
      }
    },
    {
      "type": "Feature",
      "properties": {
        "id": "N_2035_S_LMGN",
        "name": null,
        "nuts3": "FRF12"
      },
      "geometry": {
        "type": "Point",
        "coordinates": [
          7.44275,
          48.17185
        ]
      }
    },
    {
      "type": "Feature",
      "properties": {
        "id": "N_1859_S_LMGN",
        "name": null,
        "nuts3": "FRF12"
      },
      "geometry": {
        "type": "Point",
        "coordinates": [
          7.43112,
          48.09092
        ]
      }
    },
    {
      "type": "Feature",
      "properties": {
        "id": "SEQ_19141__S_LMGN",
        "name": null,
        "nuts3": "FRF12"
      },
      "geometry": {
        "type": "Point",
        "coordinates": [
          7.53303,
          47.99838
        ]
      }
    },
    {
      "type": "Feature",
      "properties": {
        "id": "N_45_L_LMGN",
        "name": null,
        "nuts3": "FRF12"
      },
      "geometry": {
        "type": "Point",
        "coordinates": [
          7.46909,
          47.85695
        ]
      }
    },
    {
      "type": "Feature",
      "properties": {
        "id": "SEQ_5097__L_LMGN",
        "name": null,
        "nuts3": "FRF12"
      },
      "geometry": {
        "type": "Point",
        "coordinates": [
          7.43965,
          47.67993
        ]
      }
    },
    {
      "type": "Feature",
      "properties": {
        "id": "SEQ_756_p",
        "name": null,
        "nuts3": "ITC11"
      },
      "geometry": {
        "type": "Point",
        "coordinates": [
          8.12174,
          45.17545
        ]
      }
    },
    {
      "type": "Feature",
      "properties": {
        "id": "N_2106_S_LMGN",
        "name": null,
        "nuts3": "ITC12"
      },
      "geometry": {
        "type": "Point",
        "coordinates": [
          8.28923,
          45.17967
        ]
      }
    },
    {
      "type": "Feature",
      "properties": {
        "id": "N_2107_S_LMGN",
        "name": null,
        "nuts3": "ITC48"
      },
      "geometry": {
        "type": "Point",
        "coordinates": [
          8.60456,
          45.19364
        ]
      }
    },
    {
      "type": "Feature",
      "properties": {
        "id": "SEQ_5149__L_LMGN",
        "name": null,
        "nuts3": "ITC48"
      },
      "geometry": {
        "type": "Point",
        "coordinates": [
          8.85094,
          45.21256
        ]
      }
    },
    {
      "type": "Feature",
      "properties": {
        "id": "SEQ_5153__L_LMGN",
        "name": null,
        "nuts3": "ITC48"
      },
      "geometry": {
        "type": "Point",
        "coordinates": [
          9.16945,
          45.25731
        ]
      }
    },
    {
      "type": "Feature",
      "properties": {
        "id": "SEQ_5165__L_LMGN",
        "name": null,
        "nuts3": "ITC49"
      },
      "geometry": {
        "type": "Point",
        "coordinates": [
          9.41694,
          45.31369
        ]
      }
    },
    {
      "type": "Feature",
      "properties": {
        "id": "N_64_L_LMGN",
        "name": null,
        "nuts3": "ITI43"
      },
      "geometry": {
        "type": "Point",
        "coordinates": [
          12.64517,
          42.12361
        ]
      }
    },
    {
      "type": "Feature",
      "properties": {
        "id": "SEQ_1435__L_LMGN",
        "name": null,
        "nuts3": "ITI43"
      },
      "geometry": {
        "type": "Point",
        "coordinates": [
          12.78433,
          42.13445
        ]
      }
    },
    {
      "type": "Feature",
      "properties": {
        "id": "SEQ_1441__L_LMGN",
        "name": null,
        "nuts3": "ITF11"
      },
      "geometry": {
        "type": "Point",
        "coordinates": [
          13.05553,
          42.02954
        ]
      }
    },
    {
      "type": "Feature",
      "properties": {
        "id": "N_1833_S_LMGN",
        "name": null,
        "nuts3": "HR050"
      },
      "geometry": {
        "type": "Point",
        "coordinates": [
          15.89895,
          45.7365
        ]
      }
    },
    {
      "type": "Feature",
      "properties": {
        "id": "SEQ_5753__L_LMGN",
        "name": null,
        "nuts3": "SK021"
      },
      "geometry": {
        "type": "Point",
        "coordinates": [
          17.30856,
          48.5361
        ]
      }
    },
    {
      "type": "Feature",
      "properties": {
        "id": "N_211_L_LMGN",
        "name": null,
        "nuts3": "SK010"
      },
      "geometry": {
        "type": "Point",
        "coordinates": [
          17.12774,
          48.50354
        ]
      }
    },
    {
      "type": "Feature",
      "properties": {
        "id": "SEQ_5295__L_LMGN",
        "name": null,
        "nuts3": "CZ064"
      },
      "geometry": {
        "type": "Point",
        "coordinates": [
          16.55892,
          48.92407
        ]
      }
    },
    {
      "type": "Feature",
      "properties": {
        "id": "SEQ_10633__M_LMGN",
        "name": null,
        "nuts3": "ITH43"
      },
      "geometry": {
        "type": "Point",
        "coordinates": [
          13.62858,
          45.92898
        ]
      }
    },
    {
      "type": "Feature",
      "properties": {
        "id": "SEQ_10647__M_LMGN",
        "name": null,
        "nuts3": "SI041"
      },
      "geometry": {
        "type": "Point",
        "coordinates": [
          14.54804,
          46.11618
        ]
      }
    },
    {
      "type": "Feature",
      "properties": {
        "id": "N_910_M_LMGN",
        "name": null,
        "nuts3": "SI034"
      },
      "geometry": {
        "type": "Point",
        "coordinates": [
          15.1962,
          46.29256
        ]
      }
    },
    {
      "type": "Feature",
      "properties": {
        "id": "SEQ_929__L_LMGN",
        "name": null,
        "nuts3": "SI034"
      },
      "geometry": {
        "type": "Point",
        "coordinates": [
          15.37773,
          46.27881
        ]
      }
    },
    {
      "type": "Feature",
      "properties": {
        "id": "N_1236_S_LMGN",
        "name": null,
        "nuts3": "SI032"
      },
      "geometry": {
        "type": "Point",
        "coordinates": [
          15.56183,
          46.33196
        ]
      }
    },
    {
      "type": "Feature",
      "properties": {
        "id": "N_958_S_LMGN",
        "name": null,
        "nuts3": "HR064"
      },
      "geometry": {
        "type": "Point",
        "coordinates": [
          15.7395,
          46.10465
        ]
      }
    },
    {
      "type": "Feature",
      "properties": {
        "id": "N_1834_S_LMGN",
        "name": null,
        "nuts3": "HR064"
      },
      "geometry": {
        "type": "Point",
        "coordinates": [
          15.87734,
          45.98714
        ]
      }
    },
    {
      "type": "Feature",
      "properties": {
        "id": "SEQ_6715__M_LMGN",
        "name": null,
        "nuts3": "HU333"
      },
      "geometry": {
        "type": "Point",
        "coordinates": [
          20.10466,
          46.28569
        ]
      }
    },
    {
      "type": "Feature",
      "properties": {
        "id": "SEQ_21469__S_LMGN",
        "name": null,
        "nuts3": "HU333"
      },
      "geometry": {
        "type": "Point",
        "coordinates": [
          20.17308,
          46.28798
        ]
      }
    },
    {
      "type": "Feature",
      "properties": {
        "id": "N_620_M_LMGN",
        "name": null,
        "nuts3": "HU333"
      },
      "geometry": {
        "type": "Point",
        "coordinates": [
          19.89681,
          46.34481
        ]
      }
    },
    {
      "type": "Feature",
      "properties": {
        "id": "SEQ_6673__M_LMGN",
        "name": null,
        "nuts3": "HU321"
      },
      "geometry": {
        "type": "Point",
        "coordinates": [
          21.19477,
          47.53514
        ]
      }
    },
    {
      "type": "Feature",
      "properties": {
        "id": "SEQ_12931__S_LMGN",
        "name": null,
        "nuts3": "NL131"
      },
      "geometry": {
        "type": "Point",
        "coordinates": [
          6.68837,
          52.90838
        ]
      }
    },
    {
      "type": "Feature",
      "properties": {
        "id": "SEQ_707__L_LMGN",
        "name": null,
        "nuts3": "NL133"
      },
      "geometry": {
        "type": "Point",
        "coordinates": [
          6.56263,
          52.67874
        ]
      }
    },
    {
      "type": "Feature",
      "properties": {
        "id": "N_564_M_LMGN",
        "name": null,
        "nuts3": "ES613"
      },
      "geometry": {
        "type": "Point",
        "coordinates": [
          -4.68795,
          37.82964
        ]
      }
    },
    {
      "type": "Feature",
      "properties": {
        "id": "N_74_M_LMGN",
        "name": null,
        "nuts3": "ES618"
      },
      "geometry": {
        "type": "Point",
        "coordinates": [
          -5.90174,
          37.27701
        ]
      }
    },
    {
      "type": "Feature",
      "properties": {
        "id": "SEQ_840_p",
        "name": null,
        "nuts3": "ES618"
      },
      "geometry": {
        "type": "Point",
        "coordinates": [
          -5.09461,
          37.55833
        ]
      }
    },
    {
      "type": "Feature",
      "properties": {
        "id": "SEQ_653__M_LMGN",
        "name": null,
        "nuts3": "ES618"
      },
      "geometry": {
        "type": "Point",
        "coordinates": [
          -6.19441,
          37.27199
        ]
      }
    },
    {
      "type": "Feature",
      "properties": {
        "id": "SEQ_847_p",
        "name": null,
        "nuts3": "SK021"
      },
      "geometry": {
        "type": "Point",
        "coordinates": [
          17.63765,
          48.52263
        ]
      }
    },
    {
      "type": "Feature",
      "properties": {
        "id": "SEQ_851_p",
        "name": null,
        "nuts3": "SK023"
      },
      "geometry": {
        "type": "Point",
        "coordinates": [
          18.78541,
          48.22862
        ]
      }
    },
    {
      "type": "Feature",
      "properties": {
        "id": "SEQ_5789__L_LMGN",
        "name": null,
        "nuts3": "SK032"
      },
      "geometry": {
        "type": "Point",
        "coordinates": [
          19.4092,
          48.21796
        ]
      }
    },
    {
      "type": "Feature",
      "properties": {
        "id": "SEQ_5243__M_LMGN",
        "name": null,
        "nuts3": "HU313"
      },
      "geometry": {
        "type": "Point",
        "coordinates": [
          19.26858,
          47.87985
        ]
      }
    },
    {
      "type": "Feature",
      "properties": {
        "id": "N_489_M_LMGN",
        "name": null,
        "nuts3": "HU110"
      },
      "geometry": {
        "type": "Point",
        "coordinates": [
          19.17002,
          47.46758
        ]
      }
    },
    {
      "type": "Feature",
      "properties": {
        "id": "N_490_M_LMGN",
        "name": null,
        "nuts3": "HU120"
      },
      "geometry": {
        "type": "Point",
        "coordinates": [
          19.25135,
          47.39626
        ]
      }
    },
    {
      "type": "Feature",
      "properties": {
        "id": "SEQ_9721__M_LMGN",
        "name": null,
        "nuts3": "HU120"
      },
      "geometry": {
        "type": "Point",
        "coordinates": [
          19.38891,
          47.42045
        ]
      }
    },
    {
      "type": "Feature",
      "properties": {
        "id": "SEQ_861_p",
        "name": null,
        "nuts3": "HU312"
      },
      "geometry": {
        "type": "Point",
        "coordinates": [
          20.17824,
          47.62311
        ]
      }
    },
    {
      "type": "Feature",
      "properties": {
        "id": "SEQ_9741__M_LMGN",
        "name": null,
        "nuts3": "HU311"
      },
      "geometry": {
        "type": "Point",
        "coordinates": [
          20.89209,
          47.84196
        ]
      }
    },
    {
      "type": "Feature",
      "properties": {
        "id": "N_1146_S_LMGN",
        "name": null,
        "nuts3": "ES511"
      },
      "geometry": {
        "type": "Point",
        "coordinates": [
          2.12463,
          41.4092
        ]
      }
    },
    {
      "type": "Feature",
      "properties": {
        "id": "SEQ_8237__S_LMGN",
        "name": null,
        "nuts3": "ES511"
      },
      "geometry": {
        "type": "Point",
        "coordinates": [
          1.95699,
          41.44445
        ]
      }
    },
    {
      "type": "Feature",
      "properties": {
        "id": "SEQ_868_p",
        "name": null,
        "nuts3": "ES514"
      },
      "geometry": {
        "type": "Point",
        "coordinates": [
          0.95393,
          41.04468
        ]
      }
    },
    {
      "type": "Feature",
      "properties": {
        "id": "SEQ_6717__M_LMGN",
        "name": null,
        "nuts3": "HU333"
      },
      "geometry": {
        "type": "Point",
        "coordinates": [
          20.30182,
          46.25147
        ]
      }
    },
    {
      "type": "Feature",
      "properties": {
        "id": "SEQ_1265__M_LMGN",
        "name": null,
        "nuts3": "PL417"
      },
      "geometry": {
        "type": "Point",
        "coordinates": [
          16.02011,
          52.48643
        ]
      }
    },
    {
      "type": "Feature",
      "properties": {
        "id": "SEQ_1273__M_LMGN",
        "name": null,
        "nuts3": "PL431"
      },
      "geometry": {
        "type": "Point",
        "coordinates": [
          15.37351,
          52.77191
        ]
      }
    },
    {
      "type": "Feature",
      "properties": {
        "id": "SEQ_1277__M_LMGN",
        "name": null,
        "nuts3": "PL427"
      },
      "geometry": {
        "type": "Point",
        "coordinates": [
          15.34635,
          52.99753
        ]
      }
    },
    {
      "type": "Feature",
      "properties": {
        "id": "SEQ_1283__M_LMGN",
        "name": null,
        "nuts3": "PL428"
      },
      "geometry": {
        "type": "Point",
        "coordinates": [
          15.19754,
          53.27431
        ]
      }
    },
    {
      "type": "Feature",
      "properties": {
        "id": "SEQ_1287__M_LMGN",
        "name": null,
        "nuts3": "PL428"
      },
      "geometry": {
        "type": "Point",
        "coordinates": [
          15.05111,
          53.4343
        ]
      }
    },
    {
      "type": "Feature",
      "properties": {
        "id": "SEQ_10731__M_LMGN",
        "name": null,
        "nuts3": "ITC15"
      },
      "geometry": {
        "type": "Point",
        "coordinates": [
          8.65349,
          45.67116
        ]
      }
    },
    {
      "type": "Feature",
      "properties": {
        "id": "SEQ_10735__M_LMGN",
        "name": null,
        "nuts3": "ITC41"
      },
      "geometry": {
        "type": "Point",
        "coordinates": [
          8.92856,
          45.75311
        ]
      }
    },
    {
      "type": "Feature",
      "properties": {
        "id": "SEQ_4815__L_LMGN",
        "name": null,
        "nuts3": "ES613"
      },
      "geometry": {
        "type": "Point",
        "coordinates": [
          -4.84434,
          37.47718
        ]
      }
    },
    {
      "type": "Feature",
      "properties": {
        "id": "SEQ_4791__L_LMGN",
        "name": null,
        "nuts3": "ES612"
      },
      "geometry": {
        "type": "Point",
        "coordinates": [
          -5.84815,
          36.71272
        ]
      }
    },
    {
      "type": "Feature",
      "properties": {
        "id": "SEQ_2175__L_LMGN",
        "name": null,
        "nuts3": "ITF22"
      },
      "geometry": {
        "type": "Point",
        "coordinates": [
          14.45509,
          41.51746
        ]
      }
    },
    {
      "type": "Feature",
      "properties": {
        "id": "N_46_L_LMGN",
        "name": null,
        "nuts3": "ITF21"
      },
      "geometry": {
        "type": "Point",
        "coordinates": [
          14.26061,
          41.79823
        ]
      }
    },
    {
      "type": "Feature",
      "properties": {
        "id": "N_101_L_LMGN",
        "name": null,
        "nuts3": "ITF32"
      },
      "geometry": {
        "type": "Point",
        "coordinates": [
          14.6161,
          41.3134
        ]
      }
    },
    {
      "type": "Feature",
      "properties": {
        "id": "SEQ_3753__L_LMGN",
        "name": null,
        "nuts3": "ITF32"
      },
      "geometry": {
        "type": "Point",
        "coordinates": [
          14.78219,
          41.41778
        ]
      }
    },
    {
      "type": "Feature",
      "properties": {
        "id": "N_164_L_LMGN",
        "name": null,
        "nuts3": "ITF32"
      },
      "geometry": {
        "type": "Point",
        "coordinates": [
          14.85581,
          41.41761
        ]
      }
    },
    {
      "type": "Feature",
      "properties": {
        "id": "SEQ_3747__L_LMGN",
        "name": null,
        "nuts3": "ITF46"
      },
      "geometry": {
        "type": "Point",
        "coordinates": [
          15.12138,
          41.38124
        ]
      }
    },
    {
      "type": "Feature",
      "properties": {
        "id": "N_163_L_LMGN",
        "name": null,
        "nuts3": "FRC13"
      },
      "geometry": {
        "type": "Point",
        "coordinates": [
          4.20694,
          46.59204
        ]
      }
    },
    {
      "type": "Feature",
      "properties": {
        "id": "N_150_L_LMGN",
        "name": null,
        "nuts3": "FRC13"
      },
      "geometry": {
        "type": "Point",
        "coordinates": [
          4.32232,
          46.60272
        ]
      }
    },
    {
      "type": "Feature",
      "properties": {
        "id": "SEQ_3245__L_LMGN",
        "name": null,
        "nuts3": "FRC13"
      },
      "geometry": {
        "type": "Point",
        "coordinates": [
          4.70633,
          46.44561
        ]
      }
    },
    {
      "type": "Feature",
      "properties": {
        "id": "N_98_L_LMGN",
        "name": null,
        "nuts3": "FRK21"
      },
      "geometry": {
        "type": "Point",
        "coordinates": [
          5.10264,
          46.27806
        ]
      }
    },
    {
      "type": "Feature",
      "properties": {
        "id": "SEQ_2157__L_LMGN",
        "name": null,
        "nuts3": "FRK21"
      },
      "geometry": {
        "type": "Point",
        "coordinates": [
          5.17563,
          46.36051
        ]
      }
    },
    {
      "type": "Feature",
      "properties": {
        "id": "SEQ_8233__M_LMGN",
        "name": null,
        "nuts3": "FRK21"
      },
      "geometry": {
        "type": "Point",
        "coordinates": [
          5.19004,
          46.31215
        ]
      }
    },
    {
      "type": "Feature",
      "properties": {
        "id": "N_1302_S_LMGN",
        "name": null,
        "nuts3": "FRK28"
      },
      "geometry": {
        "type": "Point",
        "coordinates": [
          6.26551,
          46.3371
        ]
      }
    },
    {
      "type": "Feature",
      "properties": {
        "id": "SEQ_10433__M_LMGN",
        "name": null,
        "nuts3": "ES412"
      },
      "geometry": {
        "type": "Point",
        "coordinates": [
          -3.66705,
          42.38347
        ]
      }
    },
    {
      "type": "Feature",
      "properties": {
        "id": "SEQ_9209__M_LMGN",
        "name": null,
        "nuts3": "ES243"
      },
      "geometry": {
        "type": "Point",
        "coordinates": [
          -0.22956,
          41.19389
        ]
      }
    },
    {
      "type": "Feature",
      "properties": {
        "id": "SEQ_17649__S_LMGN",
        "name": null,
        "nuts3": "ES243"
      },
      "geometry": {
        "type": "Point",
        "coordinates": [
          -0.2516,
          41.23623
        ]
      }
    },
    {
      "type": "Feature",
      "properties": {
        "id": "N_811_M_LMGN",
        "name": null,
        "nuts3": "FRG01"
      },
      "geometry": {
        "type": "Point",
        "coordinates": [
          -1.62316,
          47.21235
        ]
      }
    },
    {
      "type": "Feature",
      "properties": {
        "id": "SEQ_9973__M_LMGN",
        "name": null,
        "nuts3": "FRG05"
      },
      "geometry": {
        "type": "Point",
        "coordinates": [
          -1.10979,
          46.84672
        ]
      }
    },
    {
      "type": "Feature",
      "properties": {
        "id": "SEQ_9971__M_LMGN",
        "name": null,
        "nuts3": "FRG05"
      },
      "geometry": {
        "type": "Point",
        "coordinates": [
          -0.98767,
          46.7569
        ]
      }
    },
    {
      "type": "Feature",
      "properties": {
        "id": "SEQ_8163__M_LMGN",
        "name": null,
        "nuts3": "ITC14"
      },
      "geometry": {
        "type": "Point",
        "coordinates": [
          8.44095,
          45.92028
        ]
      }
    },
    {
      "type": "Feature",
      "properties": {
        "id": "SEQ_8159__M_LMGN",
        "name": null,
        "nuts3": "ITC15"
      },
      "geometry": {
        "type": "Point",
        "coordinates": [
          8.47926,
          45.74246
        ]
      }
    },
    {
      "type": "Feature",
      "properties": {
        "id": "N_737_M_LMGN",
        "name": null,
        "nuts3": "ITC15"
      },
      "geometry": {
        "type": "Point",
        "coordinates": [
          8.52763,
          45.6531
        ]
      }
    },
    {
      "type": "Feature",
      "properties": {
        "id": "SEQ_7701__L_LMGN",
        "name": null,
        "nuts3": "PL214"
      },
      "geometry": {
        "type": "Point",
        "coordinates": [
          20.10842,
          49.99625
        ]
      }
    },
    {
      "type": "Feature",
      "properties": {
        "id": "SEQ_948_p",
        "name": null,
        "nuts3": "PL214"
      },
      "geometry": {
        "type": "Point",
        "coordinates": [
          19.78998,
          50.18025
        ]
      }
    },
    {
      "type": "Feature",
      "properties": {
        "id": "SEQ_7711__L_LMGN",
        "name": null,
        "nuts3": "PL22B"
      },
      "geometry": {
        "type": "Point",
        "coordinates": [
          19.25254,
          50.33999
        ]
      }
    },
    {
      "type": "Feature",
      "properties": {
        "id": "SEQ_7035__S_LMGN",
        "name": null,
        "nuts3": "PL214"
      },
      "geometry": {
        "type": "Point",
        "coordinates": [
          20.25827,
          49.99253
        ]
      }
    },
    {
      "type": "Feature",
      "properties": {
        "id": "SEQ_7031__S_LMGN",
        "name": null,
        "nuts3": "PL214"
      },
      "geometry": {
        "type": "Point",
        "coordinates": [
          20.45684,
          49.99858
        ]
      }
    },
    {
      "type": "Feature",
      "properties": {
        "id": "SEQ_7687__L_LMGN",
        "name": null,
        "nuts3": "PL217"
      },
      "geometry": {
        "type": "Point",
        "coordinates": [
          20.70669,
          50.00615
        ]
      }
    },
    {
      "type": "Feature",
      "properties": {
        "id": "SEQ_7681__L_LMGN",
        "name": null,
        "nuts3": "PL217"
      },
      "geometry": {
        "type": "Point",
        "coordinates": [
          21.03256,
          50.01667
        ]
      }
    },
    {
      "type": "Feature",
      "properties": {
        "id": "SEQ_7677__L_LMGN",
        "name": null,
        "nuts3": "PL824"
      },
      "geometry": {
        "type": "Point",
        "coordinates": [
          21.41766,
          50.08132
        ]
      }
    },
    {
      "type": "Feature",
      "properties": {
        "id": "SEQ_7675__L_LMGN",
        "name": null,
        "nuts3": "PL823"
      },
      "geometry": {
        "type": "Point",
        "coordinates": [
          21.65753,
          50.07487
        ]
      }
    },
    {
      "type": "Feature",
      "properties": {
        "id": "SEQ_7673__L_LMGN",
        "name": null,
        "nuts3": "PL823"
      },
      "geometry": {
        "type": "Point",
        "coordinates": [
          21.74386,
          50.05397
        ]
      }
    },
    {
      "type": "Feature",
      "properties": {
        "id": "N_541_M_LMGN",
        "name": null,
        "nuts3": "FRE12"
      },
      "geometry": {
        "type": "Point",
        "coordinates": [
          2.18522,
          50.84216
        ]
      }
    },
    {
      "type": "Feature",
      "properties": {
        "id": "SEQ_9815__M_LMGN",
        "name": null,
        "nuts3": "FRE12"
      },
      "geometry": {
        "type": "Point",
        "coordinates": [
          2.3766,
          50.48127
        ]
      }
    },
    {
      "type": "Feature",
      "properties": {
        "id": "N_539_M_LMGN",
        "name": null,
        "nuts3": "FRE12"
      },
      "geometry": {
        "type": "Point",
        "coordinates": [
          2.6666,
          50.27052
        ]
      }
    },
    {
      "type": "Feature",
      "properties": {
        "id": "SEQ_7053__M_LMGN",
        "name": null,
        "nuts3": "FRE23"
      },
      "geometry": {
        "type": "Point",
        "coordinates": [
          2.69448,
          49.72536
        ]
      }
    },
    {
      "type": "Feature",
      "properties": {
        "id": "N_236_L_LMGN",
        "name": null,
        "nuts3": "FRE23"
      },
      "geometry": {
        "type": "Point",
        "coordinates": [
          2.69029,
          49.6735
        ]
      }
    },
    {
      "type": "Feature",
      "properties": {
        "id": "N_240_L_LMGN",
        "name": null,
        "nuts3": "FRE22"
      },
      "geometry": {
        "type": "Point",
        "coordinates": [
          2.71735,
          49.62121
        ]
      }
    },
    {
      "type": "Feature",
      "properties": {
        "id": "SEQ_6575__L_LMGN",
        "name": null,
        "nuts3": "FRE22"
      },
      "geometry": {
        "type": "Point",
        "coordinates": [
          2.68806,
          49.47524
        ]
      }
    },
    {
      "type": "Feature",
      "properties": {
        "id": "INET_N_149",
        "name": null,
        "nuts3": "RS110"
      },
      "geometry": {
        "type": "Point",
        "coordinates": [
          20.27,
          44.9
        ]
      }
    },
    {
      "type": "Feature",
      "properties": {
        "id": "SEQ_4061__M_LMGN",
        "name": null,
        "nuts3": "RS227"
      },
      "geometry": {
        "type": "Point",
        "coordinates": [
          21.00662,
          44.34348
        ]
      }
    },
    {
      "type": "Feature",
      "properties": {
        "id": "SEQ_1447__L_LMGN",
        "name": null,
        "nuts3": "ITF11"
      },
      "geometry": {
        "type": "Point",
        "coordinates": [
          13.67308,
          42.04437
        ]
      }
    },
    {
      "type": "Feature",
      "properties": {
        "id": "SEQ_987_p",
        "name": null,
        "nuts3": "ITF11"
      },
      "geometry": {
        "type": "Point",
        "coordinates": [
          13.4703,
          42.05241
        ]
      }
    },
    {
      "type": "Feature",
      "properties": {
        "id": "N_791_S_LMGN",
        "name": null,
        "nuts3": "NL341"
      },
      "geometry": {
        "type": "Point",
        "coordinates": [
          4.15428,
          51.34212
        ]
      }
    },
    {
      "type": "Feature",
      "properties": {
        "id": "SEQ_989_p",
        "name": null,
        "nuts3": "NL342"
      },
      "geometry": {
        "type": "Point",
        "coordinates": [
          3.91087,
          51.46777
        ]
      }
    },
    {
      "type": "Feature",
      "properties": {
        "id": "SEQ_8377__L_LMGN",
        "name": null,
        "nuts3": "NL341"
      },
      "geometry": {
        "type": "Point",
        "coordinates": [
          3.8093,
          51.29866
        ]
      }
    },
    {
      "type": "Feature",
      "properties": {
        "id": "SEQ_4825__L_LMGN",
        "name": null,
        "nuts3": "ES613"
      },
      "geometry": {
        "type": "Point",
        "coordinates": [
          -4.46145,
          37.84277
        ]
      }
    },
    {
      "type": "Feature",
      "properties": {
        "id": "SEQ_7141__M_LMGN",
        "name": null,
        "nuts3": "ES422"
      },
      "geometry": {
        "type": "Point",
        "coordinates": [
          -4.17099,
          38.74781
        ]
      }
    },
    {
      "type": "Feature",
      "properties": {
        "id": "N_165_L_LMGN",
        "name": null,
        "nuts3": "ITH42"
      },
      "geometry": {
        "type": "Point",
        "coordinates": [
          12.96125,
          46.142
        ]
      }
    },
    {
      "type": "Feature",
      "properties": {
        "id": "SEQ_3773__L_LMGN",
        "name": null,
        "nuts3": "ITH42"
      },
      "geometry": {
        "type": "Point",
        "coordinates": [
          13.21815,
          45.85996
        ]
      }
    },
    {
      "type": "Feature",
      "properties": {
        "id": "SEQ_6881__L_LMGN",
        "name": null,
        "nuts3": "AT313"
      },
      "geometry": {
        "type": "Point",
        "coordinates": [
          14.42764,
          48.52271
        ]
      }
    },
    {
      "type": "Feature",
      "properties": {
        "id": "N_1242_S_LMGN",
        "name": null,
        "nuts3": "AT312"
      },
      "geometry": {
        "type": "Point",
        "coordinates": [
          14.33452,
          48.1384
        ]
      }
    },
    {
      "type": "Feature",
      "properties": {
        "id": "N_1554_S_LMGN",
        "name": null,
        "nuts3": "AT314"
      },
      "geometry": {
        "type": "Point",
        "coordinates": [
          14.02005,
          47.9831
        ]
      }
    },
    {
      "type": "Feature",
      "properties": {
        "id": "SEQ_18109__S_LMGN",
        "name": null,
        "nuts3": "AT315"
      },
      "geometry": {
        "type": "Point",
        "coordinates": [
          13.90492,
          48.00413
        ]
      }
    },
    {
      "type": "Feature",
      "properties": {
        "id": "SEQ_1011_p",
        "name": null,
        "nuts3": "AT315"
      },
      "geometry": {
        "type": "Point",
        "coordinates": [
          13.68451,
          48.0162
        ]
      }
    },
    {
      "type": "Feature",
      "properties": {
        "id": "SEQ_18117__S_LMGN",
        "name": null,
        "nuts3": "AT315"
      },
      "geometry": {
        "type": "Point",
        "coordinates": [
          13.46083,
          47.98876
        ]
      }
    },
    {
      "type": "Feature",
      "properties": {
        "id": "N_2356_S_LMGN",
        "name": null,
        "nuts3": "AT311"
      },
      "geometry": {
        "type": "Point",
        "coordinates": [
          13.15183,
          48.01612
        ]
      }
    },
    {
      "type": "Feature",
      "properties": {
        "id": "SEQ_4119__S_LMGN",
        "name": null,
        "nuts3": "NL332"
      },
      "geometry": {
        "type": "Point",
        "coordinates": [
          4.38888,
          52.15675
        ]
      }
    },
    {
      "type": "Feature",
      "properties": {
        "id": "N_731_M_LMGN",
        "name": null,
        "nuts3": "NL337"
      },
      "geometry": {
        "type": "Point",
        "coordinates": [
          4.54005,
          52.13164
        ]
      }
    },
    {
      "type": "Feature",
      "properties": {
        "id": "SEQ_4131__S_LMGN",
        "name": null,
        "nuts3": "NL323"
      },
      "geometry": {
        "type": "Point",
        "coordinates": [
          4.58043,
          52.44635
        ]
      }
    },
    {
      "type": "Feature",
      "properties": {
        "id": "N_483_M_LMGN",
        "name": null,
        "nuts3": "SE224"
      },
      "geometry": {
        "type": "Point",
        "coordinates": [
          13.0777,
          55.60271
        ]
      }
    },
    {
      "type": "Feature",
      "properties": {
        "id": "SEQ_691__L_LMGN",
        "name": null,
        "nuts3": "NL112"
      },
      "geometry": {
        "type": "Point",
        "coordinates": [
          6.8969,
          53.30282
        ]
      }
    },
    {
      "type": "Feature",
      "properties": {
        "id": "N_1488_S_LMGN",
        "name": null,
        "nuts3": "ITF32"
      },
      "geometry": {
        "type": "Point",
        "coordinates": [
          14.72249,
          41.10527
        ]
      }
    },
    {
      "type": "Feature",
      "properties": {
        "id": "N_1486_S_LMGN",
        "name": null,
        "nuts3": "ITF32"
      },
      "geometry": {
        "type": "Point",
        "coordinates": [
          14.51908,
          41.07635
        ]
      }
    },
    {
      "type": "Feature",
      "properties": {
        "id": "SEQ_11097__S_LMGN",
        "name": null,
        "nuts3": "ITF32"
      },
      "geometry": {
        "type": "Point",
        "coordinates": [
          14.44074,
          41.14076
        ]
      }
    },
    {
      "type": "Feature",
      "properties": {
        "id": "N_757_M_LMGN",
        "name": null,
        "nuts3": "EE001"
      },
      "geometry": {
        "type": "Point",
        "coordinates": [
          25.04241,
          59.40666
        ]
      }
    },
    {
      "type": "Feature",
      "properties": {
        "id": "N_754_M_LMGN",
        "name": null,
        "nuts3": "EE001"
      },
      "geometry": {
        "type": "Point",
        "coordinates": [
          24.9592,
          59.26524
        ]
      }
    },
    {
      "type": "Feature",
      "properties": {
        "id": "N_458_M_LMGN",
        "name": null,
        "nuts3": "EE009"
      },
      "geometry": {
        "type": "Point",
        "coordinates": [
          25.07441,
          58.85251
        ]
      }
    },
    {
      "type": "Feature",
      "properties": {
        "id": "SEQ_1299__S_LMGN",
        "name": null,
        "nuts3": "EE004"
      },
      "geometry": {
        "type": "Point",
        "coordinates": [
          24.71769,
          58.51353
        ]
      }
    },
    {
      "type": "Feature",
      "properties": {
        "id": "N_272_L_LMGN",
        "name": null,
        "nuts3": "UKH11"
      },
      "geometry": {
        "type": "Point",
        "coordinates": [
          -0.25207,
          52.52549
        ]
      }
    },
    {
      "type": "Feature",
      "properties": {
        "id": "N_409_S_LMGN",
        "name": null,
        "nuts3": "PL922"
      },
      "geometry": {
        "type": "Point",
        "coordinates": [
          20.54154,
          52.60282
        ]
      }
    },
    {
      "type": "Feature",
      "properties": {
        "id": "SEQ_9149__S_LMGN",
        "name": null,
        "nuts3": "PL922"
      },
      "geometry": {
        "type": "Point",
        "coordinates": [
          20.18331,
          52.60051
        ]
      }
    },
    {
      "type": "Feature",
      "properties": {
        "id": "SEQ_9139__S_LMGN",
        "name": null,
        "nuts3": "PL923"
      },
      "geometry": {
        "type": "Point",
        "coordinates": [
          19.76765,
          52.59698
        ]
      }
    },
    {
      "type": "Feature",
      "properties": {
        "id": "SEQ_9127__S_LMGN",
        "name": null,
        "nuts3": "PL619"
      },
      "geometry": {
        "type": "Point",
        "coordinates": [
          19.26974,
          52.67613
        ]
      }
    },
    {
      "type": "Feature",
      "properties": {
        "id": "N_563_M_LMGN",
        "name": null,
        "nuts3": "ES412"
      },
      "geometry": {
        "type": "Point",
        "coordinates": [
          -3.73267,
          41.65735
        ]
      }
    },
    {
      "type": "Feature",
      "properties": {
        "id": "SEQ_10425__M_LMGN",
        "name": null,
        "nuts3": "ES412"
      },
      "geometry": {
        "type": "Point",
        "coordinates": [
          -3.77726,
          42.07107
        ]
      }
    },
    {
      "type": "Feature",
      "properties": {
        "id": "N_556_M_LMGN",
        "name": null,
        "nuts3": "ITC48"
      },
      "geometry": {
        "type": "Point",
        "coordinates": [
          8.77851,
          45.1992
        ]
      }
    },
    {
      "type": "Feature",
      "properties": {
        "id": "N_823_M_LMGN",
        "name": null,
        "nuts3": "ITC15"
      },
      "geometry": {
        "type": "Point",
        "coordinates": [
          8.65157,
          45.44362
        ]
      }
    },
    {
      "type": "Feature",
      "properties": {
        "id": "N_897_M_LMGN",
        "name": null,
        "nuts3": "ITC15"
      },
      "geometry": {
        "type": "Point",
        "coordinates": [
          8.57245,
          45.53261
        ]
      }
    },
    {
      "type": "Feature",
      "properties": {
        "id": "N_2305_S_LMGN",
        "name": null,
        "nuts3": "HR065"
      },
      "geometry": {
        "type": "Point",
        "coordinates": [
          16.54141,
          45.64246
        ]
      }
    },
    {
      "type": "Feature",
      "properties": {
        "id": "N_398_M_LMGN",
        "name": null,
        "nuts3": "RO421"
      },
      "geometry": {
        "type": "Point",
        "coordinates": [
          21.3639,
          46.18514
        ]
      }
    },
    {
      "type": "Feature",
      "properties": {
        "id": "SEQ_6613__M_LMGN",
        "name": null,
        "nuts3": "RO424"
      },
      "geometry": {
        "type": "Point",
        "coordinates": [
          21.45407,
          45.84898
        ]
      }
    },
    {
      "type": "Feature",
      "properties": {
        "id": "SEQ_6615__M_LMGN",
        "name": null,
        "nuts3": "RO424"
      },
      "geometry": {
        "type": "Point",
        "coordinates": [
          21.51346,
          45.7603
        ]
      }
    },
    {
      "type": "Feature",
      "properties": {
        "id": "SEQ_10629__M_LMGN",
        "name": null,
        "nuts3": "ITH43"
      },
      "geometry": {
        "type": "Point",
        "coordinates": [
          13.43744,
          45.81163
        ]
      }
    },
    {
      "type": "Feature",
      "properties": {
        "id": "SEQ_10253__M_LMGN",
        "name": null,
        "nuts3": "NL423"
      },
      "geometry": {
        "type": "Point",
        "coordinates": [
          5.83077,
          51.01792
        ]
      }
    },
    {
      "type": "Feature",
      "properties": {
        "id": "N_774_M_LMGN",
        "name": null,
        "nuts3": "NL422"
      },
      "geometry": {
        "type": "Point",
        "coordinates": [
          5.9105,
          51.12631
        ]
      }
    },
    {
      "type": "Feature",
      "properties": {
        "id": "N_2493_S_LMGN",
        "name": null,
        "nuts3": "NL226"
      },
      "geometry": {
        "type": "Point",
        "coordinates": [
          5.74989,
          51.88067
        ]
      }
    },
    {
      "type": "Feature",
      "properties": {
        "id": "N_881_M_LMGN",
        "name": null,
        "nuts3": "NL133"
      },
      "geometry": {
        "type": "Point",
        "coordinates": [
          6.42975,
          52.71829
        ]
      }
    },
    {
      "type": "Feature",
      "properties": {
        "id": "SEQ_7731__M_LMGN",
        "name": null,
        "nuts3": "PL416"
      },
      "geometry": {
        "type": "Point",
        "coordinates": [
          18.22843,
          51.76403
        ]
      }
    },
    {
      "type": "Feature",
      "properties": {
        "id": "SEQ_7723__M_LMGN",
        "name": null,
        "nuts3": "PL414"
      },
      "geometry": {
        "type": "Point",
        "coordinates": [
          18.65317,
          52.00164
        ]
      }
    },
    {
      "type": "Feature",
      "properties": {
        "id": "SEQ_7715__M_LMGN",
        "name": null,
        "nuts3": "PL619"
      },
      "geometry": {
        "type": "Point",
        "coordinates": [
          18.84346,
          52.42491
        ]
      }
    },
    {
      "type": "Feature",
      "properties": {
        "id": "N_486_M_LMGN",
        "name": null,
        "nuts3": "PL619"
      },
      "geometry": {
        "type": "Point",
        "coordinates": [
          18.97856,
          52.64471
        ]
      }
    },
    {
      "type": "Feature",
      "properties": {
        "id": "SEQ_715__L_LMGN",
        "name": null,
        "nuts3": "NL225"
      },
      "geometry": {
        "type": "Point",
        "coordinates": [
          6.29839,
          52.16896
        ]
      }
    },
    {
      "type": "Feature",
      "properties": {
        "id": "SEQ_12551__S_LMGN",
        "name": null,
        "nuts3": "FRK26"
      },
      "geometry": {
        "type": "Point",
        "coordinates": [
          5.01135,
          45.67583
        ]
      }
    },
    {
      "type": "Feature",
      "properties": {
        "id": "SEQ_7747__L_LMGN",
        "name": null,
        "nuts3": "PL417"
      },
      "geometry": {
        "type": "Point",
        "coordinates": [
          16.59286,
          52.05395
        ]
      }
    },
    {
      "type": "Feature",
      "properties": {
        "id": "SEQ_7743__L_LMGN",
        "name": null,
        "nuts3": "PL417"
      },
      "geometry": {
        "type": "Point",
        "coordinates": [
          16.87712,
          51.81458
        ]
      }
    },
    {
      "type": "Feature",
      "properties": {
        "id": "SEQ_7739__L_LMGN",
        "name": null,
        "nuts3": "PL416"
      },
      "geometry": {
        "type": "Point",
        "coordinates": [
          17.23388,
          51.69289
        ]
      }
    },
    {
      "type": "Feature",
      "properties": {
        "id": "SEQ_7733__L_LMGN",
        "name": null,
        "nuts3": "PL416"
      },
      "geometry": {
        "type": "Point",
        "coordinates": [
          17.74856,
          51.50175
        ]
      }
    },
    {
      "type": "Feature",
      "properties": {
        "id": "SEQ_7731__L_LMGN",
        "name": null,
        "nuts3": "PL416"
      },
      "geometry": {
        "type": "Point",
        "coordinates": [
          17.88687,
          51.35914
        ]
      }
    },
    {
      "type": "Feature",
      "properties": {
        "id": "SEQ_7727__L_LMGN",
        "name": null,
        "nuts3": "PL416"
      },
      "geometry": {
        "type": "Point",
        "coordinates": [
          17.98051,
          51.19087
        ]
      }
    },
    {
      "type": "Feature",
      "properties": {
        "id": "SEQ_7725__L_LMGN",
        "name": null,
        "nuts3": "PL524"
      },
      "geometry": {
        "type": "Point",
        "coordinates": [
          18.12155,
          51.05183
        ]
      }
    },
    {
      "type": "Feature",
      "properties": {
        "id": "SEQ_7723__L_LMGN",
        "name": null,
        "nuts3": "PL524"
      },
      "geometry": {
        "type": "Point",
        "coordinates": [
          18.27941,
          50.92375
        ]
      }
    },
    {
      "type": "Feature",
      "properties": {
        "id": "N_1541_S_LMGN",
        "name": null,
        "nuts3": "PL228"
      },
      "geometry": {
        "type": "Point",
        "coordinates": [
          18.71765,
          50.60547
        ]
      }
    },
    {
      "type": "Feature",
      "properties": {
        "id": "N_1585_S_LMGN",
        "name": null,
        "nuts3": "PL22B"
      },
      "geometry": {
        "type": "Point",
        "coordinates": [
          19.28188,
          50.41949
        ]
      }
    },
    {
      "type": "Feature",
      "properties": {
        "id": "N_299_M_LMGN",
        "name": null,
        "nuts3": "IE042"
      },
      "geometry": {
        "type": "Point",
        "coordinates": [
          -8.78743,
          53.26211
        ]
      }
    },
    {
      "type": "Feature",
      "properties": {
        "id": "SEQ_5575__M_LMGN",
        "name": null,
        "nuts3": "IE042"
      },
      "geometry": {
        "type": "Point",
        "coordinates": [
          -8.55531,
          53.30739
        ]
      }
    },
    {
      "type": "Feature",
      "properties": {
        "id": "N_523_M_LMGN",
        "name": null,
        "nuts3": "IE062"
      },
      "geometry": {
        "type": "Point",
        "coordinates": [
          -6.8597,
          53.56198
        ]
      }
    },
    {
      "type": "Feature",
      "properties": {
        "id": "N_632_M_LMGN",
        "name": null,
        "nuts3": "IE062"
      },
      "geometry": {
        "type": "Point",
        "coordinates": [
          -6.36926,
          53.83871
        ]
      }
    },
    {
      "type": "Feature",
      "properties": {
        "id": "SEQ_9075__M_LMGN",
        "name": null,
        "nuts3": "IE062"
      },
      "geometry": {
        "type": "Point",
        "coordinates": [
          -6.30433,
          53.72599
        ]
      }
    },
    {
      "type": "Feature",
      "properties": {
        "id": "N_173_L_LMGN",
        "name": null,
        "nuts3": null
      },
      "geometry": {
        "type": "Point",
        "coordinates": [
          36.16859,
          49.55252
        ]
      }
    },
    {
      "type": "Feature",
      "properties": {
        "id": "SEQ_2829__L_LMGN",
        "name": null,
        "nuts3": null
      },
      "geometry": {
        "type": "Point",
        "coordinates": [
          34.12346,
          49.82603
        ]
      }
    },
    {
      "type": "Feature",
      "properties": {
        "id": "N_126_L_LMGN",
        "name": null,
        "nuts3": null
      },
      "geometry": {
        "type": "Point",
        "coordinates": [
          32.76619,
          50.03218
        ]
      }
    },
    {
      "type": "Feature",
      "properties": {
        "id": "N_921_M_LMGN",
        "name": null,
        "nuts3": "FRF11"
      },
      "geometry": {
        "type": "Point",
        "coordinates": [
          7.80099,
          48.74941
        ]
      }
    },
    {
      "type": "Feature",
      "properties": {
        "id": "SEQ_10787__M_LMGN",
        "name": null,
        "nuts3": "FRF33"
      },
      "geometry": {
        "type": "Point",
        "coordinates": [
          7.14587,
          49.08824
        ]
      }
    },
    {
      "type": "Feature",
      "properties": {
        "id": "SEQ_1150_p",
        "name": null,
        "nuts3": "DK032"
      },
      "geometry": {
        "type": "Point",
        "coordinates": [
          9.28077,
          55.92168
        ]
      }
    },
    {
      "type": "Feature",
      "properties": {
        "id": "SEQ_8387__L_LMGN",
        "name": null,
        "nuts3": "NL411"
      },
      "geometry": {
        "type": "Point",
        "coordinates": [
          4.48556,
          51.51033
        ]
      }
    },
    {
      "type": "Feature",
      "properties": {
        "id": "SEQ_1157_p",
        "name": null,
        "nuts3": "NL411"
      },
      "geometry": {
        "type": "Point",
        "coordinates": [
          4.54621,
          51.6919
        ]
      }
    },
    {
      "type": "Feature",
      "properties": {
        "id": "N_730_M_LMGN",
        "name": null,
        "nuts3": "NL33B"
      },
      "geometry": {
        "type": "Point",
        "coordinates": [
          4.5987,
          51.89888
        ]
      }
    },
    {
      "type": "Feature",
      "properties": {
        "id": "SEQ_8005__L_LMGN",
        "name": null,
        "nuts3": "FRK27"
      },
      "geometry": {
        "type": "Point",
        "coordinates": [
          5.8112,
          45.48875
        ]
      }
    },
    {
      "type": "Feature",
      "properties": {
        "id": "SEQ_7999__L_LMGN",
        "name": null,
        "nuts3": "FRK24"
      },
      "geometry": {
        "type": "Point",
        "coordinates": [
          5.44893,
          45.30725
        ]
      }
    },
    {
      "type": "Feature",
      "properties": {
        "id": "N_117_L_LMGN",
        "name": null,
        "nuts3": "FRK24"
      },
      "geometry": {
        "type": "Point",
        "coordinates": [
          4.94752,
          45.45333
        ]
      }
    },
    {
      "type": "Feature",
      "properties": {
        "id": "SEQ_2599__L_LMGN",
        "name": null,
        "nuts3": "FRK23"
      },
      "geometry": {
        "type": "Point",
        "coordinates": [
          4.95634,
          45.13602
        ]
      }
    },
    {
      "type": "Feature",
      "properties": {
        "id": "SEQ_1167_p",
        "name": null,
        "nuts3": "FRK23"
      },
      "geometry": {
        "type": "Point",
        "coordinates": [
          4.99457,
          45.2796
        ]
      }
    },
    {
      "type": "Feature",
      "properties": {
        "id": "N_30_L_LMGN",
        "name": null,
        "nuts3": "ITI41"
      },
      "geometry": {
        "type": "Point",
        "coordinates": [
          12.08378,
          42.52038
        ]
      }
    },
    {
      "type": "Feature",
      "properties": {
        "id": "SEQ_6203__L_LMGN",
        "name": null,
        "nuts3": "ITI19"
      },
      "geometry": {
        "type": "Point",
        "coordinates": [
          11.91332,
          42.94374
        ]
      }
    },
    {
      "type": "Feature",
      "properties": {
        "id": "N_1825_S_LMGN",
        "name": null,
        "nuts3": "ITI21"
      },
      "geometry": {
        "type": "Point",
        "coordinates": [
          12.41313,
          42.93191
        ]
      }
    },
    {
      "type": "Feature",
      "properties": {
        "id": "SEQ_1175_p",
        "name": null,
        "nuts3": "ITI21"
      },
      "geometry": {
        "type": "Point",
        "coordinates": [
          12.21847,
          42.93445
        ]
      }
    },
    {
      "type": "Feature",
      "properties": {
        "id": "N_551_M_LMGN",
        "name": null,
        "nuts3": "ITH31"
      },
      "geometry": {
        "type": "Point",
        "coordinates": [
          11.21678,
          45.17525
        ]
      }
    },
    {
      "type": "Feature",
      "properties": {
        "id": "SEQ_6581__M_LMGN",
        "name": null,
        "nuts3": "ITH37"
      },
      "geometry": {
        "type": "Point",
        "coordinates": [
          11.3455,
          45.00793
        ]
      }
    },
    {
      "type": "Feature",
      "properties": {
        "id": "N_115_L_LMGN",
        "name": null,
        "nuts3": "ITH55"
      },
      "geometry": {
        "type": "Point",
        "coordinates": [
          11.33704,
          44.70984
        ]
      }
    },
    {
      "type": "Feature",
      "properties": {
        "id": "N_113_L_LMGN",
        "name": null,
        "nuts3": "ITH53"
      },
      "geometry": {
        "type": "Point",
        "coordinates": [
          10.74956,
          44.65435
        ]
      }
    },
    {
      "type": "Feature",
      "properties": {
        "id": "SEQ_16101__S_LMGN",
        "name": null,
        "nuts3": "ITH52"
      },
      "geometry": {
        "type": "Point",
        "coordinates": [
          10.21104,
          44.78421
        ]
      }
    },
    {
      "type": "Feature",
      "properties": {
        "id": "SEQ_9701__M_LMGN",
        "name": null,
        "nuts3": "PL922"
      },
      "geometry": {
        "type": "Point",
        "coordinates": [
          20.59036,
          52.53991
        ]
      }
    },
    {
      "type": "Feature",
      "properties": {
        "id": "SEQ_9695__M_LMGN",
        "name": null,
        "nuts3": "PL911"
      },
      "geometry": {
        "type": "Point",
        "coordinates": [
          21.08303,
          52.34813
        ]
      }
    },
    {
      "type": "Feature",
      "properties": {
        "id": "SEQ_9693__M_LMGN",
        "name": null,
        "nuts3": "PL911"
      },
      "geometry": {
        "type": "Point",
        "coordinates": [
          21.18093,
          52.2671
        ]
      }
    },
    {
      "type": "Feature",
      "properties": {
        "id": "SEQ_9691__M_LMGN",
        "name": null,
        "nuts3": "PL912"
      },
      "geometry": {
        "type": "Point",
        "coordinates": [
          21.2929,
          52.20097
        ]
      }
    },
    {
      "type": "Feature",
      "properties": {
        "id": "SEQ_9671__M_LMGN",
        "name": null,
        "nuts3": "PL815"
      },
      "geometry": {
        "type": "Point",
        "coordinates": [
          22.05265,
          51.40251
        ]
      }
    },
    {
      "type": "Feature",
      "properties": {
        "id": "N_327_S_LMGN",
        "name": null,
        "nuts3": "ES120"
      },
      "geometry": {
        "type": "Point",
        "coordinates": [
          -5.75599,
          43.42198
        ]
      }
    },
    {
      "type": "Feature",
      "properties": {
        "id": "SEQ_5999__L_LMGN",
        "name": null,
        "nuts3": "FRE21"
      },
      "geometry": {
        "type": "Point",
        "coordinates": [
          4.03292,
          49.94373
        ]
      }
    },
    {
      "type": "Feature",
      "properties": {
        "id": "N_198_L_LMGN",
        "name": null,
        "nuts3": "FRE21"
      },
      "geometry": {
        "type": "Point",
        "coordinates": [
          4.17824,
          49.86486
        ]
      }
    },
    {
      "type": "Feature",
      "properties": {
        "id": "SEQ_6033__L_LMGN",
        "name": null,
        "nuts3": "FRF21"
      },
      "geometry": {
        "type": "Point",
        "coordinates": [
          4.07718,
          49.40646
        ]
      }
    },
    {
      "type": "Feature",
      "properties": {
        "id": "N_562_M_LMGN",
        "name": null,
        "nuts3": "FRF23"
      },
      "geometry": {
        "type": "Point",
        "coordinates": [
          3.99461,
          48.84328
        ]
      }
    },
    {
      "type": "Feature",
      "properties": {
        "id": "N_561_M_LMGN",
        "name": null,
        "nuts3": "FRF23"
      },
      "geometry": {
        "type": "Point",
        "coordinates": [
          3.96002,
          48.6434
        ]
      }
    },
    {
      "type": "Feature",
      "properties": {
        "id": "SEQ_5881__M_LMGN",
        "name": null,
        "nuts3": "FRF23"
      },
      "geometry": {
        "type": "Point",
        "coordinates": [
          3.59789,
          48.71704
        ]
      }
    },
    {
      "type": "Feature",
      "properties": {
        "id": "SEQ_5877__M_LMGN",
        "name": null,
        "nuts3": "FR102"
      },
      "geometry": {
        "type": "Point",
        "coordinates": [
          3.27599,
          48.78251
        ]
      }
    },
    {
      "type": "Feature",
      "properties": {
        "id": "N_2195_S_LMGN",
        "name": null,
        "nuts3": "FRE21"
      },
      "geometry": {
        "type": "Point",
        "coordinates": [
          3.26902,
          49.07682
        ]
      }
    },
    {
      "type": "Feature",
      "properties": {
        "id": "SEQ_2135__L_LMGN",
        "name": null,
        "nuts3": "UKG13"
      },
      "geometry": {
        "type": "Point",
        "coordinates": [
          -1.61067,
          52.63659
        ]
      }
    },
    {
      "type": "Feature",
      "properties": {
        "id": "N_92_L_LMGN",
        "name": null,
        "nuts3": "UKF22"
      },
      "geometry": {
        "type": "Point",
        "coordinates": [
          -1.26066,
          52.46208
        ]
      }
    },
    {
      "type": "Feature",
      "properties": {
        "id": "SEQ_2123__L_LMGN",
        "name": null,
        "nuts3": "UKG24"
      },
      "geometry": {
        "type": "Point",
        "coordinates": [
          -2.38096,
          53.04479
        ]
      }
    },
    {
      "type": "Feature",
      "properties": {
        "id": "SEQ_1229_p",
        "name": null,
        "nuts3": "UKG24"
      },
      "geometry": {
        "type": "Point",
        "coordinates": [
          -2.24173,
          52.87187
        ]
      }
    },
    {
      "type": "Feature",
      "properties": {
        "id": "N_41_L_LMGN",
        "name": null,
        "nuts3": "UKD62"
      },
      "geometry": {
        "type": "Point",
        "coordinates": [
          -2.41455,
          53.16865
        ]
      }
    },
    {
      "type": "Feature",
      "properties": {
        "id": "SEQ_4283__L_LMGN",
        "name": null,
        "nuts3": "UKD62"
      },
      "geometry": {
        "type": "Point",
        "coordinates": [
          -2.43001,
          53.30644
        ]
      }
    },
    {
      "type": "Feature",
      "properties": {
        "id": "SEQ_1238_p",
        "name": null,
        "nuts3": "UKD45"
      },
      "geometry": {
        "type": "Point",
        "coordinates": [
          -2.75928,
          53.76864
        ]
      }
    },
    {
      "type": "Feature",
      "properties": {
        "id": "SEQ_4295__L_LMGN",
        "name": null,
        "nuts3": "UKD44"
      },
      "geometry": {
        "type": "Point",
        "coordinates": [
          -2.75124,
          53.93245
        ]
      }
    },
    {
      "type": "Feature",
      "properties": {
        "id": "SEQ_8121__M_LMGN",
        "name": null,
        "nuts3": "ES424"
      },
      "geometry": {
        "type": "Point",
        "coordinates": [
          -2.84569,
          40.88325
        ]
      }
    },
    {
      "type": "Feature",
      "properties": {
        "id": "INET_N_1823",
        "name": null,
        "nuts3": "ES424"
      },
      "geometry": {
        "type": "Point",
        "coordinates": [
          -2.822598,
          40.806749
        ]
      }
    },
    {
      "type": "Feature",
      "properties": {
        "id": "N_154_M_LMGN",
        "name": null,
        "nuts3": "ES423"
      },
      "geometry": {
        "type": "Point",
        "coordinates": [
          -3.14839,
          40.03931
        ]
      }
    },
    {
      "type": "Feature",
      "properties": {
        "id": "N_78_M_LMGN",
        "name": null,
        "nuts3": "ES300"
      },
      "geometry": {
        "type": "Point",
        "coordinates": [
          -3.73822,
          40.20171
        ]
      }
    },
    {
      "type": "Feature",
      "properties": {
        "id": "SEQ_1250_p",
        "name": null,
        "nuts3": "ES300"
      },
      "geometry": {
        "type": "Point",
        "coordinates": [
          -3.86591,
          40.6842
        ]
      }
    },
    {
      "type": "Feature",
      "properties": {
        "id": "N_76_M_LMGN",
        "name": null,
        "nuts3": "ES300"
      },
      "geometry": {
        "type": "Point",
        "coordinates": [
          -3.56301,
          40.64493
        ]
      }
    },
    {
      "type": "Feature",
      "properties": {
        "id": "SEQ_7123__M_LMGN",
        "name": null,
        "nuts3": "ES425"
      },
      "geometry": {
        "type": "Point",
        "coordinates": [
          -3.80135,
          40.04418
        ]
      }
    },
    {
      "type": "Feature",
      "properties": {
        "id": "SEQ_2557__L_LMGN",
        "name": null,
        "nuts3": "ITH52"
      },
      "geometry": {
        "type": "Point",
        "coordinates": [
          10.32927,
          44.68579
        ]
      }
    },
    {
      "type": "Feature",
      "properties": {
        "id": "N_114_L_LMGN",
        "name": null,
        "nuts3": "ITH52"
      },
      "geometry": {
        "type": "Point",
        "coordinates": [
          10.01429,
          44.96483
        ]
      }
    },
    {
      "type": "Feature",
      "properties": {
        "id": "N_183_M_LMGN",
        "name": null,
        "nuts3": null
      },
      "geometry": {
        "type": "Point",
        "coordinates": [
          28.74389,
          47.85666
        ]
      }
    },
    {
      "type": "Feature",
      "properties": {
        "id": "N_67_M_LMGN",
        "name": null,
        "nuts3": "TR411"
      },
      "geometry": {
        "type": "Point",
        "coordinates": [
          29.05949,
          40.31625
        ]
      }
    },
    {
      "type": "Feature",
      "properties": {
        "id": "N_317_M_LMGN",
        "name": null,
        "nuts3": "TR411"
      },
      "geometry": {
        "type": "Point",
        "coordinates": [
          29.20089,
          40.39187
        ]
      }
    },
    {
      "type": "Feature",
      "properties": {
        "id": "N_66_M_LMGN",
        "name": null,
        "nuts3": "TR411"
      },
      "geometry": {
        "type": "Point",
        "coordinates": [
          28.37951,
          40.29397
        ]
      }
    },
    {
      "type": "Feature",
      "properties": {
        "id": "SEQ_17843__S_LMGN",
        "name": null,
        "nuts3": "FRK23"
      },
      "geometry": {
        "type": "Point",
        "coordinates": [
          4.87754,
          44.33726
        ]
      }
    },
    {
      "type": "Feature",
      "properties": {
        "id": "SEQ_2597__L_LMGN",
        "name": null,
        "nuts3": "FRK23"
      },
      "geometry": {
        "type": "Point",
        "coordinates": [
          4.93583,
          45.00158
        ]
      }
    },
    {
      "type": "Feature",
      "properties": {
        "id": "Stor_EU_33",
        "name": null,
        "nuts3": "FRK23"
      },
      "geometry": {
        "type": "Point",
        "coordinates": [
          5.05467,
          45.16355
        ]
      }
    },
    {
      "type": "Feature",
      "properties": {
        "id": "N_446_S_LMGN",
        "name": null,
        "nuts3": "RO412"
      },
      "geometry": {
        "type": "Point",
        "coordinates": [
          23.34511,
          45.16614
        ]
      }
    },
    {
      "type": "Feature",
      "properties": {
        "id": "N_445_S_LMGN",
        "name": null,
        "nuts3": "RO423"
      },
      "geometry": {
        "type": "Point",
        "coordinates": [
          23.00114,
          45.62914
        ]
      }
    },
    {
      "type": "Feature",
      "properties": {
        "id": "SEQ_7445__S_LMGN",
        "name": null,
        "nuts3": "RO422"
      },
      "geometry": {
        "type": "Point",
        "coordinates": [
          22.51642,
          45.5318
        ]
      }
    },
    {
      "type": "Feature",
      "properties": {
        "id": "SEQ_6681__L_LMGN",
        "name": null,
        "nuts3": "ITH55"
      },
      "geometry": {
        "type": "Point",
        "coordinates": [
          11.42848,
          44.59799
        ]
      }
    },
    {
      "type": "Feature",
      "properties": {
        "id": "SEQ_16057__S_LMGN",
        "name": null,
        "nuts3": "ITH55"
      },
      "geometry": {
        "type": "Point",
        "coordinates": [
          11.63294,
          44.47685
        ]
      }
    },
    {
      "type": "Feature",
      "properties": {
        "id": "SEQ_5079__L_LMGN",
        "name": null,
        "nuts3": "ITH56"
      },
      "geometry": {
        "type": "Point",
        "coordinates": [
          11.67054,
          44.75737
        ]
      }
    },
    {
      "type": "Feature",
      "properties": {
        "id": "SEQ_5077__L_LMGN",
        "name": null,
        "nuts3": "ITH56"
      },
      "geometry": {
        "type": "Point",
        "coordinates": [
          11.78126,
          44.8865
        ]
      }
    },
    {
      "type": "Feature",
      "properties": {
        "id": "N_208_L_LMGN",
        "name": null,
        "nuts3": "ITH37"
      },
      "geometry": {
        "type": "Point",
        "coordinates": [
          12.04827,
          45.07344
        ]
      }
    },
    {
      "type": "Feature",
      "properties": {
        "id": "N_1171_S_LMGN",
        "name": null,
        "nuts3": "ITI22"
      },
      "geometry": {
        "type": "Point",
        "coordinates": [
          12.48387,
          42.44309
        ]
      }
    },
    {
      "type": "Feature",
      "properties": {
        "id": "N_1484_S_LMGN",
        "name": null,
        "nuts3": "ITI42"
      },
      "geometry": {
        "type": "Point",
        "coordinates": [
          12.84637,
          42.2873
        ]
      }
    },
    {
      "type": "Feature",
      "properties": {
        "id": "SEQ_6595__M_LMGN",
        "name": null,
        "nuts3": "ITI43"
      },
      "geometry": {
        "type": "Point",
        "coordinates": [
          12.60932,
          41.94079
        ]
      }
    },
    {
      "type": "Feature",
      "properties": {
        "id": "SEQ_6599__M_LMGN",
        "name": null,
        "nuts3": "ITI43"
      },
      "geometry": {
        "type": "Point",
        "coordinates": [
          12.82844,
          41.91153
        ]
      }
    },
    {
      "type": "Feature",
      "properties": {
        "id": "N_1555_S_LMGN",
        "name": null,
        "nuts3": "CZ031"
      },
      "geometry": {
        "type": "Point",
        "coordinates": [
          14.73546,
          49.54825
        ]
      }
    },
    {
      "type": "Feature",
      "properties": {
        "id": "N_1788_S_LMGN",
        "name": null,
        "nuts3": "CZ020"
      },
      "geometry": {
        "type": "Point",
        "coordinates": [
          14.72171,
          50.11028
        ]
      }
    },
    {
      "type": "Feature",
      "properties": {
        "id": "SEQ_10391__S_LMGN",
        "name": null,
        "nuts3": "CZ020"
      },
      "geometry": {
        "type": "Point",
        "coordinates": [
          14.66915,
          50.19823
        ]
      }
    },
    {
      "type": "Feature",
      "properties": {
        "id": "SEQ_3671__L_LMGN",
        "name": null,
        "nuts3": "CZ020"
      },
      "geometry": {
        "type": "Point",
        "coordinates": [
          14.37469,
          50.32082
        ]
      }
    },
    {
      "type": "Feature",
      "properties": {
        "id": "N_696_M_LMGN",
        "name": null,
        "nuts3": "CZ020"
      },
      "geometry": {
        "type": "Point",
        "coordinates": [
          14.30467,
          50.31067
        ]
      }
    },
    {
      "type": "Feature",
      "properties": {
        "id": "SEQ_2091__M_LMGN",
        "name": null,
        "nuts3": "ES413"
      },
      "geometry": {
        "type": "Point",
        "coordinates": [
          -5.62494,
          42.30726
        ]
      }
    },
    {
      "type": "Feature",
      "properties": {
        "id": "SEQ_15887__S_LMGN",
        "name": null,
        "nuts3": "ES413"
      },
      "geometry": {
        "type": "Point",
        "coordinates": [
          -5.69009,
          42.53813
        ]
      }
    },
    {
      "type": "Feature",
      "properties": {
        "id": "SEQ_4101__M_LMGN",
        "name": null,
        "nuts3": "HU221"
      },
      "geometry": {
        "type": "Point",
        "coordinates": [
          17.84848,
          47.64618
        ]
      }
    },
    {
      "type": "Feature",
      "properties": {
        "id": "N_397_M_LMGN",
        "name": null,
        "nuts3": "HU120"
      },
      "geometry": {
        "type": "Point",
        "coordinates": [
          18.86537,
          47.53226
        ]
      }
    },
    {
      "type": "Feature",
      "properties": {
        "id": "SEQ_7759__L_LMGN",
        "name": null,
        "nuts3": "PL417"
      },
      "geometry": {
        "type": "Point",
        "coordinates": [
          16.48861,
          52.19847
        ]
      }
    },
    {
      "type": "Feature",
      "properties": {
        "id": "SEQ_1259__M_LMGN",
        "name": null,
        "nuts3": "PL418"
      },
      "geometry": {
        "type": "Point",
        "coordinates": [
          16.59675,
          52.21406
        ]
      }
    },
    {
      "type": "Feature",
      "properties": {
        "id": "N_804_M_LMGN",
        "name": null,
        "nuts3": "ES211"
      },
      "geometry": {
        "type": "Point",
        "coordinates": [
          -2.65634,
          42.94997
        ]
      }
    },
    {
      "type": "Feature",
      "properties": {
        "id": "N_802_M_LMGN",
        "name": null,
        "nuts3": "ES211"
      },
      "geometry": {
        "type": "Point",
        "coordinates": [
          -2.60987,
          43.08153
        ]
      }
    },
    {
      "type": "Feature",
      "properties": {
        "id": "N_726_M_LMGN",
        "name": null,
        "nuts3": "ES212"
      },
      "geometry": {
        "type": "Point",
        "coordinates": [
          -2.41517,
          43.04596
        ]
      }
    },
    {
      "type": "Feature",
      "properties": {
        "id": "SEQ_8085__M_LMGN",
        "name": null,
        "nuts3": "ES212"
      },
      "geometry": {
        "type": "Point",
        "coordinates": [
          -2.26819,
          43.05789
        ]
      }
    },
    {
      "type": "Feature",
      "properties": {
        "id": "SEQ_8081__M_LMGN",
        "name": null,
        "nuts3": "ES212"
      },
      "geometry": {
        "type": "Point",
        "coordinates": [
          -1.9547,
          43.15918
        ]
      }
    },
    {
      "type": "Feature",
      "properties": {
        "id": "SEQ_8071__M_LMGN",
        "name": null,
        "nuts3": "FRI15"
      },
      "geometry": {
        "type": "Point",
        "coordinates": [
          -1.30967,
          43.41963
        ]
      }
    },
    {
      "type": "Feature",
      "properties": {
        "id": "SEQ_8069__M_LMGN",
        "name": null,
        "nuts3": "FRI15"
      },
      "geometry": {
        "type": "Point",
        "coordinates": [
          -1.18174,
          43.46199
        ]
      }
    },
    {
      "type": "Feature",
      "properties": {
        "id": "SEQ_8065__M_LMGN",
        "name": null,
        "nuts3": "FRI15"
      },
      "geometry": {
        "type": "Point",
        "coordinates": [
          -0.91155,
          43.54414
        ]
      }
    },
    {
      "type": "Feature",
      "properties": {
        "id": "SEQ_8057__M_LMGN",
        "name": null,
        "nuts3": "FRI13"
      },
      "geometry": {
        "type": "Point",
        "coordinates": [
          -0.35108,
          43.65407
        ]
      }
    },
    {
      "type": "Feature",
      "properties": {
        "id": "N_654_M_LMGN",
        "name": null,
        "nuts3": "FRJ24"
      },
      "geometry": {
        "type": "Point",
        "coordinates": [
          -0.18017,
          43.64791
        ]
      }
    },
    {
      "type": "Feature",
      "properties": {
        "id": "N_435_M_LMGN",
        "name": null,
        "nuts3": "FRJ24"
      },
      "geometry": {
        "type": "Point",
        "coordinates": [
          -0.09126,
          43.70608
        ]
      }
    },
    {
      "type": "Feature",
      "properties": {
        "id": "SEQ_4585__M_LMGN",
        "name": null,
        "nuts3": "FRJ24"
      },
      "geometry": {
        "type": "Point",
        "coordinates": [
          0.05132,
          43.68291
        ]
      }
    },
    {
      "type": "Feature",
      "properties": {
        "id": "SEQ_4577__M_LMGN",
        "name": null,
        "nuts3": "FRJ24"
      },
      "geometry": {
        "type": "Point",
        "coordinates": [
          0.57911,
          43.59956
        ]
      }
    },
    {
      "type": "Feature",
      "properties": {
        "id": "SEQ_4573__M_LMGN",
        "name": null,
        "nuts3": "FRJ24"
      },
      "geometry": {
        "type": "Point",
        "coordinates": [
          0.84279,
          43.5786
        ]
      }
    },
    {
      "type": "Feature",
      "properties": {
        "id": "SEQ_19991__S_LMGN",
        "name": null,
        "nuts3": "FRJ23"
      },
      "geometry": {
        "type": "Point",
        "coordinates": [
          1.23893,
          43.56096
        ]
      }
    },
    {
      "type": "Feature",
      "properties": {
        "id": "N_2438_S_LMGN",
        "name": null,
        "nuts3": "FRJ23"
      },
      "geometry": {
        "type": "Point",
        "coordinates": [
          1.41428,
          43.67314
        ]
      }
    },
    {
      "type": "Feature",
      "properties": {
        "id": "SEQ_2153__L_LMGN",
        "name": null,
        "nuts3": "FRC13"
      },
      "geometry": {
        "type": "Point",
        "coordinates": [
          5.11651,
          46.59934
        ]
      }
    },
    {
      "type": "Feature",
      "properties": {
        "id": "N_184_L_LMGN",
        "name": null,
        "nuts3": "UKF30"
      },
      "geometry": {
        "type": "Point",
        "coordinates": [
          -0.26642,
          53.35842
        ]
      }
    },
    {
      "type": "Feature",
      "properties": {
        "id": "N_94_L_LMGN",
        "name": null,
        "nuts3": "UKE42"
      },
      "geometry": {
        "type": "Point",
        "coordinates": [
          -1.32893,
          53.87089
        ]
      }
    },
    {
      "type": "Feature",
      "properties": {
        "id": "SEQ_2109__L_LMGN",
        "name": null,
        "nuts3": "UKE22"
      },
      "geometry": {
        "type": "Point",
        "coordinates": [
          -1.67721,
          53.92625
        ]
      }
    },
    {
      "type": "Feature",
      "properties": {
        "id": "SEQ_4389__L_LMGN",
        "name": null,
        "nuts3": "FRC11"
      },
      "geometry": {
        "type": "Point",
        "coordinates": [
          5.06343,
          47.03009
        ]
      }
    },
    {
      "type": "Feature",
      "properties": {
        "id": "SEQ_4395__L_LMGN",
        "name": null,
        "nuts3": "FRC11"
      },
      "geometry": {
        "type": "Point",
        "coordinates": [
          5.18968,
          47.36793
        ]
      }
    },
    {
      "type": "Feature",
      "properties": {
        "id": "SEQ_5947__L_LMGN",
        "name": null,
        "nuts3": "FRF34"
      },
      "geometry": {
        "type": "Point",
        "coordinates": [
          5.84678,
          48.23574
        ]
      }
    },
    {
      "type": "Feature",
      "properties": {
        "id": "N_238_L_LMGN",
        "name": null,
        "nuts3": "FRF34"
      },
      "geometry": {
        "type": "Point",
        "coordinates": [
          5.96389,
          48.31756
        ]
      }
    },
    {
      "type": "Feature",
      "properties": {
        "id": "SEQ_5963__L_LMGN",
        "name": null,
        "nuts3": "FRF31"
      },
      "geometry": {
        "type": "Point",
        "coordinates": [
          6.09127,
          48.41759
        ]
      }
    },
    {
      "type": "Feature",
      "properties": {
        "id": "N_689_M_LMGN",
        "name": null,
        "nuts3": "PL518"
      },
      "geometry": {
        "type": "Point",
        "coordinates": [
          17.44408,
          51.4882
        ]
      }
    },
    {
      "type": "Feature",
      "properties": {
        "id": "SEQ_7743__M_LMGN",
        "name": null,
        "nuts3": "PL518"
      },
      "geometry": {
        "type": "Point",
        "coordinates": [
          17.32885,
          51.47575
        ]
      }
    },
    {
      "type": "Feature",
      "properties": {
        "id": "N_690_M_LMGN",
        "name": null,
        "nuts3": "PL518"
      },
      "geometry": {
        "type": "Point",
        "coordinates": [
          17.15071,
          51.18112
        ]
      }
    },
    {
      "type": "Feature",
      "properties": {
        "id": "N_840_M_LMGN",
        "name": null,
        "nuts3": "PL518"
      },
      "geometry": {
        "type": "Point",
        "coordinates": [
          16.88418,
          51.25869
        ]
      }
    },
    {
      "type": "Feature",
      "properties": {
        "id": "SEQ_9603__M_LMGN",
        "name": null,
        "nuts3": "PL516"
      },
      "geometry": {
        "type": "Point",
        "coordinates": [
          16.44298,
          51.13731
        ]
      }
    },
    {
      "type": "Feature",
      "properties": {
        "id": "SEQ_9601__M_LMGN",
        "name": null,
        "nuts3": "PL516"
      },
      "geometry": {
        "type": "Point",
        "coordinates": [
          16.27348,
          51.15058
        ]
      }
    },
    {
      "type": "Feature",
      "properties": {
        "id": "N_1785_S_LMGN",
        "name": null,
        "nuts3": "PL516"
      },
      "geometry": {
        "type": "Point",
        "coordinates": [
          16.19933,
          51.11624
        ]
      }
    },
    {
      "type": "Feature",
      "properties": {
        "id": "N_1783_S_LMGN",
        "name": null,
        "nuts3": "PL516"
      },
      "geometry": {
        "type": "Point",
        "coordinates": [
          16.0819,
          51.17895
        ]
      }
    },
    {
      "type": "Feature",
      "properties": {
        "id": "N_1780_S_LMGN",
        "name": null,
        "nuts3": "PL515"
      },
      "geometry": {
        "type": "Point",
        "coordinates": [
          15.43158,
          51.14083
        ]
      }
    },
    {
      "type": "Feature",
      "properties": {
        "id": "SEQ_9593__M_LMGN",
        "name": null,
        "nuts3": "PL515"
      },
      "geometry": {
        "type": "Point",
        "coordinates": [
          15.53527,
          51.00693
        ]
      }
    },
    {
      "type": "Feature",
      "properties": {
        "id": "N_75_L_LMGN",
        "name": null,
        "nuts3": "TR310"
      },
      "geometry": {
        "type": "Point",
        "coordinates": [
          27.2289,
          38.53245
        ]
      }
    },
    {
      "type": "Feature",
      "properties": {
        "id": "SEQ_1435_p",
        "name": null,
        "nuts3": "ES230"
      },
      "geometry": {
        "type": "Point",
        "coordinates": [
          -2.21456,
          42.34757
        ]
      }
    },
    {
      "type": "Feature",
      "properties": {
        "id": "SEQ_9199__M_LMGN",
        "name": null,
        "nuts3": "ES243"
      },
      "geometry": {
        "type": "Point",
        "coordinates": [
          -1.03606,
          41.62629
        ]
      }
    },
    {
      "type": "Feature",
      "properties": {
        "id": "SEQ_18443__S_LMGN",
        "name": null,
        "nuts3": "ES241"
      },
      "geometry": {
        "type": "Point",
        "coordinates": [
          -0.476,
          42.16829
        ]
      }
    },
    {
      "type": "Feature",
      "properties": {
        "id": "SEQ_2097__L_LMGN",
        "name": null,
        "nuts3": "UKL14"
      },
      "geometry": {
        "type": "Point",
        "coordinates": [
          -4.08128,
          51.81008
        ]
      }
    },
    {
      "type": "Feature",
      "properties": {
        "id": "N_93_L_LMGN",
        "name": null,
        "nuts3": "UKL14"
      },
      "geometry": {
        "type": "Point",
        "coordinates": [
          -5.07604,
          51.74845
        ]
      }
    },
    {
      "type": "Feature",
      "properties": {
        "id": "SEQ_1453_p",
        "name": null,
        "nuts3": "UKL17"
      },
      "geometry": {
        "type": "Point",
        "coordinates": [
          -3.76688,
          51.68445
        ]
      }
    },
    {
      "type": "Feature",
      "properties": {
        "id": "SEQ_1454_p",
        "name": null,
        "nuts3": "UKL15"
      },
      "geometry": {
        "type": "Point",
        "coordinates": [
          -3.50901,
          51.72769
        ]
      }
    },
    {
      "type": "Feature",
      "properties": {
        "id": "SEQ_5511__M_LMGN",
        "name": null,
        "nuts3": "UKG12"
      },
      "geometry": {
        "type": "Point",
        "coordinates": [
          -2.08612,
          52.01892
        ]
      }
    },
    {
      "type": "Feature",
      "properties": {
        "id": "SEQ_7635__M_LMGN",
        "name": null,
        "nuts3": "FI1C3"
      },
      "geometry": {
        "type": "Point",
        "coordinates": [
          25.8686,
          60.8617
        ]
      }
    },
    {
      "type": "Feature",
      "properties": {
        "id": "SEQ_7865__M_LMGN",
        "name": null,
        "nuts3": "RS127"
      },
      "geometry": {
        "type": "Point",
        "coordinates": [
          20.11651,
          45.15079
        ]
      }
    },
    {
      "type": "Feature",
      "properties": {
        "id": "SEQ_7869__M_LMGN",
        "name": null,
        "nuts3": "RS123"
      },
      "geometry": {
        "type": "Point",
        "coordinates": [
          19.97862,
          45.3587
        ]
      }
    },
    {
      "type": "Feature",
      "properties": {
        "id": "SEQ_2637__L_LMGN",
        "name": null,
        "nuts3": "ITF51"
      },
      "geometry": {
        "type": "Point",
        "coordinates": [
          15.77199,
          40.17942
        ]
      }
    },
    {
      "type": "Feature",
      "properties": {
        "id": "N_2472_S_LMGN",
        "name": null,
        "nuts3": "ITF52"
      },
      "geometry": {
        "type": "Point",
        "coordinates": [
          16.18997,
          40.4297
        ]
      }
    },
    {
      "type": "Feature",
      "properties": {
        "id": "SEQ_2617__L_LMGN",
        "name": null,
        "nuts3": "ITF34"
      },
      "geometry": {
        "type": "Point",
        "coordinates": [
          14.80209,
          40.89351
        ]
      }
    },
    {
      "type": "Feature",
      "properties": {
        "id": "SEQ_13729__S_LMGN",
        "name": null,
        "nuts3": "ITF33"
      },
      "geometry": {
        "type": "Point",
        "coordinates": [
          14.47869,
          40.87881
        ]
      }
    },
    {
      "type": "Feature",
      "properties": {
        "id": "N_288_M_LMGN",
        "name": null,
        "nuts3": "ITF33"
      },
      "geometry": {
        "type": "Point",
        "coordinates": [
          14.2981,
          40.93626
        ]
      }
    },
    {
      "type": "Feature",
      "properties": {
        "id": "N_1120_S_LMGN",
        "name": null,
        "nuts3": null
      },
      "geometry": {
        "type": "Point",
        "coordinates": [
          12.71047,
          56.56285
        ]
      }
    },
    {
      "type": "Feature",
      "properties": {
        "id": "N_412_S_LMGN",
        "name": null,
        "nuts3": null
      },
      "geometry": {
        "type": "Point",
        "coordinates": [
          12.75086,
          56.62267
        ]
      }
    },
    {
      "type": "Feature",
      "properties": {
        "id": "SEQ_2975__M_LMGN",
        "name": null,
        "nuts3": null
      },
      "geometry": {
        "type": "Point",
        "coordinates": [
          11.85955,
          57.56066
        ]
      }
    },
    {
      "type": "Feature",
      "properties": {
        "id": "N_614_M_LMGN",
        "name": null,
        "nuts3": "PL22B"
      },
      "geometry": {
        "type": "Point",
        "coordinates": [
          19.25923,
          50.17986
        ]
      }
    },
    {
      "type": "Feature",
      "properties": {
        "id": "N_395_M_LMGN",
        "name": null,
        "nuts3": "PL21A"
      },
      "geometry": {
        "type": "Point",
        "coordinates": [
          19.424,
          50.05926
        ]
      }
    },
    {
      "type": "Feature",
      "properties": {
        "id": "SEQ_7905__M_LMGN",
        "name": null,
        "nuts3": "PL21A"
      },
      "geometry": {
        "type": "Point",
        "coordinates": [
          19.34224,
          49.95781
        ]
      }
    },
    {
      "type": "Feature",
      "properties": {
        "id": "SEQ_7897__M_LMGN",
        "name": null,
        "nuts3": "PL225"
      },
      "geometry": {
        "type": "Point",
        "coordinates": [
          18.75854,
          49.80438
        ]
      }
    },
    {
      "type": "Feature",
      "properties": {
        "id": "N_331_S_LMGN",
        "name": null,
        "nuts3": "ES300"
      },
      "geometry": {
        "type": "Point",
        "coordinates": [
          -3.46081,
          40.4666
        ]
      }
    },
    {
      "type": "Feature",
      "properties": {
        "id": "SEQ_3405__S_LMGN",
        "name": null,
        "nuts3": "ES300"
      },
      "geometry": {
        "type": "Point",
        "coordinates": [
          -3.53092,
          40.37871
        ]
      }
    },
    {
      "type": "Feature",
      "properties": {
        "id": "N_252_L_LMGN",
        "name": null,
        "nuts3": "UKH11"
      },
      "geometry": {
        "type": "Point",
        "coordinates": [
          -0.32552,
          52.5582
        ]
      }
    },
    {
      "type": "Feature",
      "properties": {
        "id": "SEQ_1519_p",
        "name": null,
        "nuts3": "UKF25"
      },
      "geometry": {
        "type": "Point",
        "coordinates": [
          -0.77765,
          52.50873
        ]
      }
    },
    {
      "type": "Feature",
      "properties": {
        "id": "SEQ_2067__L_LMGN",
        "name": null,
        "nuts3": "UKG13"
      },
      "geometry": {
        "type": "Point",
        "coordinates": [
          -1.31789,
          52.28732
        ]
      }
    },
    {
      "type": "Feature",
      "properties": {
        "id": "N_513_M_LMGN",
        "name": null,
        "nuts3": "UKG13"
      },
      "geometry": {
        "type": "Point",
        "coordinates": [
          -1.49663,
          52.24749
        ]
      }
    },
    {
      "type": "Feature",
      "properties": {
        "id": "N_739_S_LMGN",
        "name": null,
        "nuts3": "HR028"
      },
      "geometry": {
        "type": "Point",
        "coordinates": [
          17.05186,
          45.36785
        ]
      }
    },
    {
      "type": "Feature",
      "properties": {
        "id": "N_2158_S_LMGN",
        "name": null,
        "nuts3": "HR024"
      },
      "geometry": {
        "type": "Point",
        "coordinates": [
          17.99261,
          45.21092
        ]
      }
    },
    {
      "type": "Feature",
      "properties": {
        "id": "N_738_S_LMGN",
        "name": null,
        "nuts3": "HR028"
      },
      "geometry": {
        "type": "Point",
        "coordinates": [
          16.90486,
          45.46296
        ]
      }
    },
    {
      "type": "Feature",
      "properties": {
        "id": "N_1013_S_LMGN",
        "name": null,
        "nuts3": "BE332"
      },
      "geometry": {
        "type": "Point",
        "coordinates": [
          5.64582,
          50.6764
        ]
      }
    },
    {
      "type": "Feature",
      "properties": {
        "id": "N_1015_S_LMGN",
        "name": null,
        "nuts3": "BE331"
      },
      "geometry": {
        "type": "Point",
        "coordinates": [
          5.22121,
          50.56713
        ]
      }
    },
    {
      "type": "Feature",
      "properties": {
        "id": "N_1281_S_LMGN",
        "name": null,
        "nuts3": "BE242"
      },
      "geometry": {
        "type": "Point",
        "coordinates": [
          5.09865,
          50.71522
        ]
      }
    },
    {
      "type": "Feature",
      "properties": {
        "id": "N_1636_S_LMGN",
        "name": null,
        "nuts3": "BE242"
      },
      "geometry": {
        "type": "Point",
        "coordinates": [
          4.84061,
          50.87069
        ]
      }
    },
    {
      "type": "Feature",
      "properties": {
        "id": "N_285_L_LMGN",
        "name": null,
        "nuts3": "BE242"
      },
      "geometry": {
        "type": "Point",
        "coordinates": [
          4.66892,
          50.9906
        ]
      }
    },
    {
      "type": "Feature",
      "properties": {
        "id": "SEQ_5787__M_LMGN",
        "name": null,
        "nuts3": "ES521"
      },
      "geometry": {
        "type": "Point",
        "coordinates": [
          -0.90571,
          38.16551
        ]
      }
    },
    {
      "type": "Feature",
      "properties": {
        "id": "N_334_M_LMGN",
        "name": null,
        "nuts3": "ES620"
      },
      "geometry": {
        "type": "Point",
        "coordinates": [
          -0.96485,
          37.66934
        ]
      }
    },
    {
      "type": "Feature",
      "properties": {
        "id": "N_1975_S_LMGN",
        "name": null,
        "nuts3": "BG331"
      },
      "geometry": {
        "type": "Point",
        "coordinates": [
          27.46224,
          43.27931
        ]
      }
    },
    {
      "type": "Feature",
      "properties": {
        "id": "N_324_M_LMGN",
        "name": null,
        "nuts3": "BG333"
      },
      "geometry": {
        "type": "Point",
        "coordinates": [
          27.09794,
          43.05337
        ]
      }
    },
    {
      "type": "Feature",
      "properties": {
        "id": "SEQ_6975__L_LMGN",
        "name": null,
        "nuts3": "BG333"
      },
      "geometry": {
        "type": "Point",
        "coordinates": [
          27.11129,
          43.10849
        ]
      }
    },
    {
      "type": "Feature",
      "properties": {
        "id": "N_263_L_LMGN",
        "name": null,
        "nuts3": "BG341"
      },
      "geometry": {
        "type": "Point",
        "coordinates": [
          26.75908,
          42.85096
        ]
      }
    },
    {
      "type": "Feature",
      "properties": {
        "id": "SEQ_2533__L_LMGN",
        "name": null,
        "nuts3": "TRA11"
      },
      "geometry": {
        "type": "Point",
        "coordinates": [
          42.25326,
          40.01619
        ]
      }
    },
    {
      "type": "Feature",
      "properties": {
        "id": "N_110_L_LMGN",
        "name": null,
        "nuts3": "TRA11"
      },
      "geometry": {
        "type": "Point",
        "coordinates": [
          42.19664,
          39.88152
        ]
      }
    },
    {
      "type": "Feature",
      "properties": {
        "id": "SEQ_1563_p",
        "name": null,
        "nuts3": "TRA11"
      },
      "geometry": {
        "type": "Point",
        "coordinates": [
          41.1767,
          39.89709
        ]
      }
    },
    {
      "type": "Feature",
      "properties": {
        "id": "SEQ_8183__L_LMGN",
        "name": null,
        "nuts3": "TRA12"
      },
      "geometry": {
        "type": "Point",
        "coordinates": [
          39.87952,
          39.73401
        ]
      }
    },
    {
      "type": "Feature",
      "properties": {
        "id": "N_4_M_LMGN",
        "name": null,
        "nuts3": "TR901"
      },
      "geometry": {
        "type": "Point",
        "coordinates": [
          39.72784,
          40.95418
        ]
      }
    },
    {
      "type": "Feature",
      "properties": {
        "id": "SEQ_1717__L_LMGN",
        "name": null,
        "nuts3": "PL824"
      },
      "geometry": {
        "type": "Point",
        "coordinates": [
          22.40027,
          50.28535
        ]
      }
    },
    {
      "type": "Feature",
      "properties": {
        "id": "SEQ_1703__L_LMGN",
        "name": null,
        "nuts3": "PL814"
      },
      "geometry": {
        "type": "Point",
        "coordinates": [
          22.16706,
          51.15364
        ]
      }
    },
    {
      "type": "Feature",
      "properties": {
        "id": "SEQ_1699__L_LMGN",
        "name": null,
        "nuts3": "PL815"
      },
      "geometry": {
        "type": "Point",
        "coordinates": [
          22.14531,
          51.45837
        ]
      }
    },
    {
      "type": "Feature",
      "properties": {
        "id": "N_193_L_LMGN",
        "name": null,
        "nuts3": "BE234"
      },
      "geometry": {
        "type": "Point",
        "coordinates": [
          3.58231,
          51.14452
        ]
      }
    },
    {
      "type": "Feature",
      "properties": {
        "id": "SEQ_4351__L_LMGN",
        "name": null,
        "nuts3": "BE251"
      },
      "geometry": {
        "type": "Point",
        "coordinates": [
          3.19653,
          51.1061
        ]
      }
    },
    {
      "type": "Feature",
      "properties": {
        "id": "SEQ_10061__M_LMGN",
        "name": null,
        "nuts3": "FRI31"
      },
      "geometry": {
        "type": "Point",
        "coordinates": [
          0.19112,
          45.66209
        ]
      }
    },
    {
      "type": "Feature",
      "properties": {
        "id": "SEQ_1594_p",
        "name": null,
        "nuts3": "FRI31"
      },
      "geometry": {
        "type": "Point",
        "coordinates": [
          -0.04465,
          45.62719
        ]
      }
    },
    {
      "type": "Feature",
      "properties": {
        "id": "SEQ_7905__S_LMGN",
        "name": null,
        "nuts3": "FRI31"
      },
      "geometry": {
        "type": "Point",
        "coordinates": [
          -0.30045,
          45.74671
        ]
      }
    },
    {
      "type": "Feature",
      "properties": {
        "id": "N_271_L_LMGN",
        "name": null,
        "nuts3": "UKH14"
      },
      "geometry": {
        "type": "Point",
        "coordinates": [
          0.61637,
          52.3372
        ]
      }
    },
    {
      "type": "Feature",
      "properties": {
        "id": "N_189_L_LMGN",
        "name": null,
        "nuts3": "UKH17"
      },
      "geometry": {
        "type": "Point",
        "coordinates": [
          1.07453,
          52.74121
        ]
      }
    },
    {
      "type": "Feature",
      "properties": {
        "id": "SEQ_4269__L_LMGN",
        "name": null,
        "nuts3": "UKH15"
      },
      "geometry": {
        "type": "Point",
        "coordinates": [
          1.37323,
          52.73661
        ]
      }
    },
    {
      "type": "Feature",
      "properties": {
        "id": "N_278_NS_LMGN",
        "name": null,
        "nuts3": null
      },
      "geometry": {
        "type": "Point",
        "coordinates": [
          1.714,
          52.78896
        ]
      }
    },
    {
      "type": "Feature",
      "properties": {
        "id": "N_279_NS_LMGN",
        "name": null,
        "nuts3": null
      },
      "geometry": {
        "type": "Point",
        "coordinates": [
          1.76164,
          52.94801
        ]
      }
    },
    {
      "type": "Feature",
      "properties": {
        "id": "N_238_NS_LMGN",
        "name": null,
        "nuts3": null
      },
      "geometry": {
        "type": "Point",
        "coordinates": [
          1.85893,
          52.95757
        ]
      }
    },
    {
      "type": "Feature",
      "properties": {
        "id": "N_187_NS_LMGN",
        "name": null,
        "nuts3": null
      },
      "geometry": {
        "type": "Point",
        "coordinates": [
          2.20086,
          52.66606
        ]
      }
    },
    {
      "type": "Feature",
      "properties": {
        "id": "N_2_NS_LMGN",
        "name": null,
        "nuts3": null
      },
      "geometry": {
        "type": "Point",
        "coordinates": [
          2.65408,
          51.64435
        ]
      }
    },
    {
      "type": "Feature",
      "properties": {
        "id": "N_10_NS_LMGN",
        "name": null,
        "nuts3": null
      },
      "geometry": {
        "type": "Point",
        "coordinates": [
          2.89984,
          51.67415
        ]
      }
    },
    {
      "type": "Feature",
      "properties": {
        "id": "SEQ_7797__M_LMGN",
        "name": null,
        "nuts3": "BE251"
      },
      "geometry": {
        "type": "Point",
        "coordinates": [
          3.27809,
          51.28939
        ]
      }
    },
    {
      "type": "Feature",
      "properties": {
        "id": "N_1624_S_LMGN",
        "name": null,
        "nuts3": "BE251"
      },
      "geometry": {
        "type": "Point",
        "coordinates": [
          3.21939,
          51.26682
        ]
      }
    },
    {
      "type": "Feature",
      "properties": {
        "id": "SEQ_2703__L_LMGN",
        "name": null,
        "nuts3": "ITG13"
      },
      "geometry": {
        "type": "Point",
        "coordinates": [
          14.97796,
          37.92958
        ]
      }
    },
    {
      "type": "Feature",
      "properties": {
        "id": "SEQ_2677__L_LMGN",
        "name": null,
        "nuts3": "ITF65"
      },
      "geometry": {
        "type": "Point",
        "coordinates": [
          15.8937,
          38.30788
        ]
      }
    },
    {
      "type": "Feature",
      "properties": {
        "id": "SEQ_5129__L_LMGN",
        "name": null,
        "nuts3": "CH012"
      },
      "geometry": {
        "type": "Point",
        "coordinates": [
          8.30971,
          46.48966
        ]
      }
    },
    {
      "type": "Feature",
      "properties": {
        "id": "SEQ_211__L_LMGN",
        "name": null,
        "nuts3": "UKM92"
      },
      "geometry": {
        "type": "Point",
        "coordinates": [
          -3.33035,
          55.22822
        ]
      }
    },
    {
      "type": "Feature",
      "properties": {
        "id": "N_4_L_LMGN",
        "name": null,
        "nuts3": "UKD12"
      },
      "geometry": {
        "type": "Point",
        "coordinates": [
          -2.85887,
          54.97958
        ]
      }
    },
    {
      "type": "Feature",
      "properties": {
        "id": "SEQ_2953__M_LMGN",
        "name": null,
        "nuts3": "IE051"
      },
      "geometry": {
        "type": "Point",
        "coordinates": [
          -9.03645,
          52.56188
        ]
      }
    },
    {
      "type": "Feature",
      "properties": {
        "id": "N_142_M_LMGN",
        "name": null,
        "nuts3": "IE051"
      },
      "geometry": {
        "type": "Point",
        "coordinates": [
          -8.6992,
          52.51793
        ]
      }
    },
    {
      "type": "Feature",
      "properties": {
        "id": "N_300_M_LMGN",
        "name": null,
        "nuts3": "IE053"
      },
      "geometry": {
        "type": "Point",
        "coordinates": [
          -8.28765,
          52.1996
        ]
      }
    },
    {
      "type": "Feature",
      "properties": {
        "id": "SEQ_2963__M_LMGN",
        "name": null,
        "nuts3": "IE053"
      },
      "geometry": {
        "type": "Point",
        "coordinates": [
          -8.14056,
          51.84685
        ]
      }
    },
    {
      "type": "Feature",
      "properties": {
        "id": "SEQ_4931__M_LMGN",
        "name": null,
        "nuts3": "LT025"
      },
      "geometry": {
        "type": "Point",
        "coordinates": [
          24.42295,
          56.22492
        ]
      }
    },
    {
      "type": "Feature",
      "properties": {
        "id": "N_461_M_LMGN",
        "name": null,
        "nuts3": "LT025"
      },
      "geometry": {
        "type": "Point",
        "coordinates": [
          24.42211,
          55.92258
        ]
      }
    },
    {
      "type": "Feature",
      "properties": {
        "id": "SEQ_10135__M_LMGN",
        "name": null,
        "nuts3": "LT025"
      },
      "geometry": {
        "type": "Point",
        "coordinates": [
          24.67054,
          55.76515
        ]
      }
    },
    {
      "type": "Feature",
      "properties": {
        "id": "N_193_M_LMGN",
        "name": null,
        "nuts3": "LT011"
      },
      "geometry": {
        "type": "Point",
        "coordinates": [
          25.0735,
          55.02199
        ]
      }
    },
    {
      "type": "Feature",
      "properties": {
        "id": "SEQ_2661__L_LMGN",
        "name": null,
        "nuts3": "ITF63"
      },
      "geometry": {
        "type": "Point",
        "coordinates": [
          16.32796,
          39.00826
        ]
      }
    },
    {
      "type": "Feature",
      "properties": {
        "id": "SEQ_1662_p",
        "name": null,
        "nuts3": "ITF65"
      },
      "geometry": {
        "type": "Point",
        "coordinates": [
          16.03445,
          38.46762
        ]
      }
    },
    {
      "type": "Feature",
      "properties": {
        "id": "SEQ_2675__L_LMGN",
        "name": null,
        "nuts3": "ITF65"
      },
      "geometry": {
        "type": "Point",
        "coordinates": [
          15.95058,
          38.39388
        ]
      }
    },
    {
      "type": "Feature",
      "properties": {
        "id": "SEQ_865__L_LMGN",
        "name": null,
        "nuts3": "ES620"
      },
      "geometry": {
        "type": "Point",
        "coordinates": [
          -1.94439,
          37.6574
        ]
      }
    },
    {
      "type": "Feature",
      "properties": {
        "id": "SEQ_5911__L_LMGN",
        "name": null,
        "nuts3": null
      },
      "geometry": {
        "type": "Point",
        "coordinates": [
          25.44047,
          53.08497
        ]
      }
    },
    {
      "type": "Feature",
      "properties": {
        "id": "N_76_L_LMGN",
        "name": null,
        "nuts3": null
      },
      "geometry": {
        "type": "Point",
        "coordinates": [
          26.21152,
          53.36623
        ]
      }
    },
    {
      "type": "Feature",
      "properties": {
        "id": "SEQ_1651__L_LMGN",
        "name": null,
        "nuts3": null
      },
      "geometry": {
        "type": "Point",
        "coordinates": [
          26.73574,
          53.47589
        ]
      }
    },
    {
      "type": "Feature",
      "properties": {
        "id": "N_10_L_LMGN",
        "name": null,
        "nuts3": null
      },
      "geometry": {
        "type": "Point",
        "coordinates": [
          27.48551,
          53.81673
        ]
      }
    },
    {
      "type": "Feature",
      "properties": {
        "id": "SEQ_3791__L_LMGN",
        "name": null,
        "nuts3": null
      },
      "geometry": {
        "type": "Point",
        "coordinates": [
          27.73819,
          53.89367
        ]
      }
    },
    {
      "type": "Feature",
      "properties": {
        "id": "SEQ_3793__L_LMGN",
        "name": null,
        "nuts3": null
      },
      "geometry": {
        "type": "Point",
        "coordinates": [
          27.94807,
          53.97941
        ]
      }
    },
    {
      "type": "Feature",
      "properties": {
        "id": "SEQ_21287__S_LMGN",
        "name": null,
        "nuts3": "FRL06"
      },
      "geometry": {
        "type": "Point",
        "coordinates": [
          4.84885,
          43.96496
        ]
      }
    },
    {
      "type": "Feature",
      "properties": {
        "id": "SEQ_2577__L_LMGN",
        "name": null,
        "nuts3": "FRL04"
      },
      "geometry": {
        "type": "Point",
        "coordinates": [
          4.89343,
          43.71702
        ]
      }
    },
    {
      "type": "Feature",
      "properties": {
        "id": "SEQ_7345__L_LMGN",
        "name": null,
        "nuts3": "BG415"
      },
      "geometry": {
        "type": "Point",
        "coordinates": [
          22.89268,
          42.35217
        ]
      }
    },
    {
      "type": "Feature",
      "properties": {
        "id": "SEQ_3223__M_LMGN",
        "name": null,
        "nuts3": "BG412"
      },
      "geometry": {
        "type": "Point",
        "coordinates": [
          23.75201,
          42.49936
        ]
      }
    },
    {
      "type": "Feature",
      "properties": {
        "id": "SEQ_8093__L_LMGN",
        "name": null,
        "nuts3": "NL412"
      },
      "geometry": {
        "type": "Point",
        "coordinates": [
          5.2572,
          51.56386
        ]
      }
    },
    {
      "type": "Feature",
      "properties": {
        "id": "SEQ_1467__L_LMGN",
        "name": null,
        "nuts3": "ITI45"
      },
      "geometry": {
        "type": "Point",
        "coordinates": [
          13.81557,
          41.40205
        ]
      }
    },
    {
      "type": "Feature",
      "properties": {
        "id": "SEQ_1477__L_LMGN",
        "name": null,
        "nuts3": "ITI44"
      },
      "geometry": {
        "type": "Point",
        "coordinates": [
          13.15076,
          41.523
        ]
      }
    },
    {
      "type": "Feature",
      "properties": {
        "id": "SEQ_183__M_LMGN",
        "name": null,
        "nuts3": "EL641"
      },
      "geometry": {
        "type": "Point",
        "coordinates": [
          22.78052,
          38.56573
        ]
      }
    },
    {
      "type": "Feature",
      "properties": {
        "id": "N_543_M_LMGN",
        "name": null,
        "nuts3": "NL33C"
      },
      "geometry": {
        "type": "Point",
        "coordinates": [
          4.44863,
          51.88387
        ]
      }
    },
    {
      "type": "Feature",
      "properties": {
        "id": "N_777_M_LMGN",
        "name": null,
        "nuts3": "ITH57"
      },
      "geometry": {
        "type": "Point",
        "coordinates": [
          12.14993,
          44.3856
        ]
      }
    },
    {
      "type": "Feature",
      "properties": {
        "id": "SEQ_8955__M_LMGN",
        "name": null,
        "nuts3": "ITH57"
      },
      "geometry": {
        "type": "Point",
        "coordinates": [
          11.78133,
          44.49189
        ]
      }
    },
    {
      "type": "Feature",
      "properties": {
        "id": "SEQ_1732_p",
        "name": null,
        "nuts3": "ITH57"
      },
      "geometry": {
        "type": "Point",
        "coordinates": [
          11.96232,
          44.43956
        ]
      }
    },
    {
      "type": "Feature",
      "properties": {
        "id": "N_825_M_LMGN",
        "name": null,
        "nuts3": "ITC48"
      },
      "geometry": {
        "type": "Point",
        "coordinates": [
          8.97635,
          45.22549
        ]
      }
    },
    {
      "type": "Feature",
      "properties": {
        "id": "N_1479_S_LMGN",
        "name": null,
        "nuts3": "ITH35"
      },
      "geometry": {
        "type": "Point",
        "coordinates": [
          12.05549,
          45.19719
        ]
      }
    },
    {
      "type": "Feature",
      "properties": {
        "id": "SEQ_16009__S_LMGN",
        "name": null,
        "nuts3": "ITH35"
      },
      "geometry": {
        "type": "Point",
        "coordinates": [
          12.12548,
          45.42622
        ]
      }
    },
    {
      "type": "Feature",
      "properties": {
        "id": "N_1828_S_LMGN",
        "name": null,
        "nuts3": "ITH34"
      },
      "geometry": {
        "type": "Point",
        "coordinates": [
          12.27179,
          45.68103
        ]
      }
    },
    {
      "type": "Feature",
      "properties": {
        "id": "SEQ_16029__S_LMGN",
        "name": null,
        "nuts3": "ITH34"
      },
      "geometry": {
        "type": "Point",
        "coordinates": [
          12.23391,
          45.75357
        ]
      }
    },
    {
      "type": "Feature",
      "properties": {
        "id": "SEQ_5213__L_LMGN",
        "name": null,
        "nuts3": "ITH34"
      },
      "geometry": {
        "type": "Point",
        "coordinates": [
          12.16605,
          45.75865
        ]
      }
    },
    {
      "type": "Feature",
      "properties": {
        "id": "SEQ_8017__M_LMGN",
        "name": null,
        "nuts3": "UKM92"
      },
      "geometry": {
        "type": "Point",
        "coordinates": [
          -3.80299,
          55.04943
        ]
      }
    },
    {
      "type": "Feature",
      "properties": {
        "id": "N_286_S_LMGN",
        "name": null,
        "nuts3": "LT011"
      },
      "geometry": {
        "type": "Point",
        "coordinates": [
          25.26401,
          54.61934
        ]
      }
    },
    {
      "type": "Feature",
      "properties": {
        "id": "N_70_L_LMGN",
        "name": null,
        "nuts3": "ITF51"
      },
      "geometry": {
        "type": "Point",
        "coordinates": [
          15.83047,
          40.10304
        ]
      }
    },
    {
      "type": "Feature",
      "properties": {
        "id": "N_341_M_LMGN",
        "name": null,
        "nuts3": "FRJ13"
      },
      "geometry": {
        "type": "Point",
        "coordinates": [
          4.00205,
          43.67225
        ]
      }
    },
    {
      "type": "Feature",
      "properties": {
        "id": "SEQ_4533__M_LMGN",
        "name": null,
        "nuts3": "FRJ13"
      },
      "geometry": {
        "type": "Point",
        "coordinates": [
          3.40227,
          43.50248
        ]
      }
    },
    {
      "type": "Feature",
      "properties": {
        "id": "SEQ_4545__M_LMGN",
        "name": null,
        "nuts3": "FRJ11"
      },
      "geometry": {
        "type": "Point",
        "coordinates": [
          2.63693,
          43.11525
        ]
      }
    },
    {
      "type": "Feature",
      "properties": {
        "id": "SEQ_4555__M_LMGN",
        "name": null,
        "nuts3": "FRJ11"
      },
      "geometry": {
        "type": "Point",
        "coordinates": [
          1.98973,
          43.26524
        ]
      }
    },
    {
      "type": "Feature",
      "properties": {
        "id": "SEQ_21015__S_LMGN",
        "name": null,
        "nuts3": "FRJ11"
      },
      "geometry": {
        "type": "Point",
        "coordinates": [
          1.85194,
          43.29713
        ]
      }
    },
    {
      "type": "Feature",
      "properties": {
        "id": "N_2616_S_LMGN",
        "name": null,
        "nuts3": "FRJ23"
      },
      "geometry": {
        "type": "Point",
        "coordinates": [
          1.47839,
          43.34522
        ]
      }
    },
    {
      "type": "Feature",
      "properties": {
        "id": "N_2533_S_LMGN",
        "name": null,
        "nuts3": "NL113"
      },
      "geometry": {
        "type": "Point",
        "coordinates": [
          6.84908,
          53.22616
        ]
      }
    },
    {
      "type": "Feature",
      "properties": {
        "id": "N_77_M_LMGN",
        "name": null,
        "nuts3": "ES300"
      },
      "geometry": {
        "type": "Point",
        "coordinates": [
          -3.62689,
          40.30287
        ]
      }
    },
    {
      "type": "Feature",
      "properties": {
        "id": "N_256_L_LMGN",
        "name": null,
        "nuts3": "PL418"
      },
      "geometry": {
        "type": "Point",
        "coordinates": [
          16.42694,
          52.49342
        ]
      }
    },
    {
      "type": "Feature",
      "properties": {
        "id": "SEQ_6807__L_LMGN",
        "name": null,
        "nuts3": "PL418"
      },
      "geometry": {
        "type": "Point",
        "coordinates": [
          16.99604,
          52.53605
        ]
      }
    },
    {
      "type": "Feature",
      "properties": {
        "id": "SEQ_6791__L_LMGN",
        "name": null,
        "nuts3": "PL617"
      },
      "geometry": {
        "type": "Point",
        "coordinates": [
          18.17626,
          52.692
        ]
      }
    },
    {
      "type": "Feature",
      "properties": {
        "id": "N_1626_S_LMGN",
        "name": null,
        "nuts3": "FRE22"
      },
      "geometry": {
        "type": "Point",
        "coordinates": [
          2.43074,
          49.39006
        ]
      }
    },
    {
      "type": "Feature",
      "properties": {
        "id": "N_1690_S_LMGN",
        "name": null,
        "nuts3": "FRE22"
      },
      "geometry": {
        "type": "Point",
        "coordinates": [
          2.39294,
          49.31695
        ]
      }
    },
    {
      "type": "Feature",
      "properties": {
        "id": "N_1692_S_LMGN",
        "name": null,
        "nuts3": "FR108"
      },
      "geometry": {
        "type": "Point",
        "coordinates": [
          2.27969,
          49.0472
        ]
      }
    },
    {
      "type": "Feature",
      "properties": {
        "id": "N_1985_S_LMGN",
        "name": null,
        "nuts3": "FR103"
      },
      "geometry": {
        "type": "Point",
        "coordinates": [
          1.96853,
          48.95258
        ]
      }
    },
    {
      "type": "Feature",
      "properties": {
        "id": "SEQ_1796_p",
        "name": null,
        "nuts3": "FR103"
      },
      "geometry": {
        "type": "Point",
        "coordinates": [
          2.03435,
          48.8532
        ]
      }
    },
    {
      "type": "Feature",
      "properties": {
        "id": "N_203_M_LMGN",
        "name": null,
        "nuts3": "DK022"
      },
      "geometry": {
        "type": "Point",
        "coordinates": [
          11.70318,
          55.52336
        ]
      }
    },
    {
      "type": "Feature",
      "properties": {
        "id": "SEQ_1949__M_LMGN",
        "name": null,
        "nuts3": "DK031"
      },
      "geometry": {
        "type": "Point",
        "coordinates": [
          10.61366,
          55.27481
        ]
      }
    },
    {
      "type": "Feature",
      "properties": {
        "id": "SEQ_1809_p",
        "name": null,
        "nuts3": "DK032"
      },
      "geometry": {
        "type": "Point",
        "coordinates": [
          9.58079,
          55.54185
        ]
      }
    },
    {
      "type": "Feature",
      "properties": {
        "id": "SEQ_10459__M_LMGN",
        "name": null,
        "nuts3": "ES418"
      },
      "geometry": {
        "type": "Point",
        "coordinates": [
          -4.79631,
          41.54371
        ]
      }
    },
    {
      "type": "Feature",
      "properties": {
        "id": "N_319_M_LMGN",
        "name": null,
        "nuts3": "TR421"
      },
      "geometry": {
        "type": "Point",
        "coordinates": [
          29.50728,
          40.82154
        ]
      }
    },
    {
      "type": "Feature",
      "properties": {
        "id": "N_526_M_LMGN",
        "name": null,
        "nuts3": "TR100"
      },
      "geometry": {
        "type": "Point",
        "coordinates": [
          29.24039,
          40.89793
        ]
      }
    },
    {
      "type": "Feature",
      "properties": {
        "id": "N_323_M_LMGN",
        "name": null,
        "nuts3": null
      },
      "geometry": {
        "type": "Point",
        "coordinates": [
          28.96622,
          40.90665
        ]
      }
    },
    {
      "type": "Feature",
      "properties": {
        "id": "N_525_M_LMGN",
        "name": null,
        "nuts3": null
      },
      "geometry": {
        "type": "Point",
        "coordinates": [
          29.10602,
          40.84903
        ]
      }
    },
    {
      "type": "Feature",
      "properties": {
        "id": "N_635_M_LMGN",
        "name": null,
        "nuts3": null
      },
      "geometry": {
        "type": "Point",
        "coordinates": [
          28.74544,
          40.94844
        ]
      }
    },
    {
      "type": "Feature",
      "properties": {
        "id": "N_723_M_LMGN",
        "name": null,
        "nuts3": "TR100"
      },
      "geometry": {
        "type": "Point",
        "coordinates": [
          28.49848,
          41.04722
        ]
      }
    },
    {
      "type": "Feature",
      "properties": {
        "id": "N_20_M_LMGN",
        "name": null,
        "nuts3": "TR100"
      },
      "geometry": {
        "type": "Point",
        "coordinates": [
          28.59837,
          41.04185
        ]
      }
    },
    {
      "type": "Feature",
      "properties": {
        "id": "N_638_M_LMGN",
        "name": null,
        "nuts3": "TR100"
      },
      "geometry": {
        "type": "Point",
        "coordinates": [
          28.35397,
          41.07545
        ]
      }
    },
    {
      "type": "Feature",
      "properties": {
        "id": "N_328_M_LMGN",
        "name": null,
        "nuts3": "TR100"
      },
      "geometry": {
        "type": "Point",
        "coordinates": [
          28.27412,
          41.13388
        ]
      }
    },
    {
      "type": "Feature",
      "properties": {
        "id": "N_211_M_LMGN",
        "name": null,
        "nuts3": "TR100"
      },
      "geometry": {
        "type": "Point",
        "coordinates": [
          28.07313,
          41.15687
        ]
      }
    },
    {
      "type": "Feature",
      "properties": {
        "id": "N_206_M_LMGN",
        "name": null,
        "nuts3": "TR211"
      },
      "geometry": {
        "type": "Point",
        "coordinates": [
          27.9239,
          41.1718
        ]
      }
    },
    {
      "type": "Feature",
      "properties": {
        "id": "SEQ_8895__M_LMGN",
        "name": null,
        "nuts3": "NL224"
      },
      "geometry": {
        "type": "Point",
        "coordinates": [
          5.23353,
          51.87367
        ]
      }
    },
    {
      "type": "Feature",
      "properties": {
        "id": "SEQ_8105__M_LMGN",
        "name": null,
        "nuts3": "ES417"
      },
      "geometry": {
        "type": "Point",
        "coordinates": [
          -2.50077,
          41.56194
        ]
      }
    },
    {
      "type": "Feature",
      "properties": {
        "id": "SEQ_5115__L_LMGN",
        "name": null,
        "nuts3": "CH023"
      },
      "geometry": {
        "type": "Point",
        "coordinates": [
          7.85795,
          47.37114
        ]
      }
    },
    {
      "type": "Feature",
      "properties": {
        "id": "SEQ_1133__M_LMGN",
        "name": null,
        "nuts3": "FI1C5"
      },
      "geometry": {
        "type": "Point",
        "coordinates": [
          28.19477,
          61.07032
        ]
      }
    },
    {
      "type": "Feature",
      "properties": {
        "id": "N_96_L_LMGN",
        "name": null,
        "nuts3": "UKD12"
      },
      "geometry": {
        "type": "Point",
        "coordinates": [
          -2.73681,
          54.24529
        ]
      }
    },
    {
      "type": "Feature",
      "properties": {
        "id": "N_191_L_LMGN",
        "name": null,
        "nuts3": "UKD11"
      },
      "geometry": {
        "type": "Point",
        "coordinates": [
          -3.16555,
          54.14267
        ]
      }
    },
    {
      "type": "Feature",
      "properties": {
        "id": "SEQ_2651__L_LMGN",
        "name": null,
        "nuts3": "ITF61"
      },
      "geometry": {
        "type": "Point",
        "coordinates": [
          16.19119,
          39.50197
        ]
      }
    },
    {
      "type": "Feature",
      "properties": {
        "id": "SEQ_12953__S_LMGN",
        "name": null,
        "nuts3": "NL211"
      },
      "geometry": {
        "type": "Point",
        "coordinates": [
          6.34817,
          52.43121
        ]
      }
    },
    {
      "type": "Feature",
      "properties": {
        "id": "N_624_L_LMGN",
        "name": null,
        "nuts3": "ITC4A"
      },
      "geometry": {
        "type": "Point",
        "coordinates": [
          9.86784,
          45.42569
        ]
      }
    },
    {
      "type": "Feature",
      "properties": {
        "id": "SEQ_5179__L_LMGN",
        "name": null,
        "nuts3": "ITC4A"
      },
      "geometry": {
        "type": "Point",
        "coordinates": [
          9.73243,
          45.35742
        ]
      }
    },
    {
      "type": "Feature",
      "properties": {
        "id": "SEQ_5175__L_LMGN",
        "name": null,
        "nuts3": "ITC4A"
      },
      "geometry": {
        "type": "Point",
        "coordinates": [
          9.81858,
          45.18911
        ]
      }
    },
    {
      "type": "Feature",
      "properties": {
        "id": "SEQ_1878_p",
        "name": null,
        "nuts3": "EE001"
      },
      "geometry": {
        "type": "Point",
        "coordinates": [
          25.02775,
          59.45803
        ]
      }
    },
    {
      "type": "Feature",
      "properties": {
        "id": "INET_N_1226",
        "name": null,
        "nuts3": "EE001"
      },
      "geometry": {
        "type": "Point",
        "coordinates": [
          24.07494,
          59.38445
        ]
      }
    },
    {
      "type": "Feature",
      "properties": {
        "id": "N_565_S_LMGN",
        "name": null,
        "nuts3": "LT011"
      },
      "geometry": {
        "type": "Point",
        "coordinates": [
          25.66871,
          54.92359
        ]
      }
    },
    {
      "type": "Feature",
      "properties": {
        "id": "SEQ_2989__M_LMGN",
        "name": null,
        "nuts3": "DK032"
      },
      "geometry": {
        "type": "Point",
        "coordinates": [
          8.3073,
          55.66302
        ]
      }
    },
    {
      "type": "Feature",
      "properties": {
        "id": "N_304_M_LMGN",
        "name": null,
        "nuts3": "DK032"
      },
      "geometry": {
        "type": "Point",
        "coordinates": [
          8.18126,
          55.69908
        ]
      }
    },
    {
      "type": "Feature",
      "properties": {
        "id": "N_194_L_LMGN",
        "name": null,
        "nuts3": "FRE22"
      },
      "geometry": {
        "type": "Point",
        "coordinates": [
          2.43197,
          49.1881
        ]
      }
    },
    {
      "type": "Feature",
      "properties": {
        "id": "N_254_L_LMGN",
        "name": null,
        "nuts3": "FR108"
      },
      "geometry": {
        "type": "Point",
        "coordinates": [
          2.07953,
          49.18638
        ]
      }
    },
    {
      "type": "Feature",
      "properties": {
        "id": "N_237_L_LMGN",
        "name": null,
        "nuts3": "FRE22"
      },
      "geometry": {
        "type": "Point",
        "coordinates": [
          1.92562,
          49.3361
        ]
      }
    },
    {
      "type": "Feature",
      "properties": {
        "id": "SEQ_5939__L_LMGN",
        "name": null,
        "nuts3": "FRE22"
      },
      "geometry": {
        "type": "Point",
        "coordinates": [
          2.46024,
          49.62833
        ]
      }
    },
    {
      "type": "Feature",
      "properties": {
        "id": "SEQ_4321__L_LMGN",
        "name": null,
        "nuts3": "FRE23"
      },
      "geometry": {
        "type": "Point",
        "coordinates": [
          2.6021,
          49.91828
        ]
      }
    },
    {
      "type": "Feature",
      "properties": {
        "id": "SEQ_10869__M_LMGN",
        "name": null,
        "nuts3": "NL124"
      },
      "geometry": {
        "type": "Point",
        "coordinates": [
          6.15194,
          53.23456
        ]
      }
    },
    {
      "type": "Feature",
      "properties": {
        "id": "SEQ_5571__M_LMGN",
        "name": null,
        "nuts3": "NL125"
      },
      "geometry": {
        "type": "Point",
        "coordinates": [
          5.76341,
          53.0835
        ]
      }
    },
    {
      "type": "Feature",
      "properties": {
        "id": "Stor_NonEU_16",
        "name": null,
        "nuts3": null
      },
      "geometry": {
        "type": "Point",
        "coordinates": [
          39.16077,
          49.01873
        ]
      }
    },
    {
      "type": "Feature",
      "properties": {
        "id": "SEQ_9273__M_LMGN",
        "name": null,
        "nuts3": "ITC48"
      },
      "geometry": {
        "type": "Point",
        "coordinates": [
          9.19355,
          45.04298
        ]
      }
    },
    {
      "type": "Feature",
      "properties": {
        "id": "N_2108_S_LMGN",
        "name": null,
        "nuts3": "ITC48"
      },
      "geometry": {
        "type": "Point",
        "coordinates": [
          9.29693,
          45.15225
        ]
      }
    },
    {
      "type": "Feature",
      "properties": {
        "id": "SEQ_17879__S_LMGN",
        "name": null,
        "nuts3": "ITC4C"
      },
      "geometry": {
        "type": "Point",
        "coordinates": [
          9.02074,
          45.3974
        ]
      }
    },
    {
      "type": "Feature",
      "properties": {
        "id": "N_1505_S_LMGN",
        "name": null,
        "nuts3": "ITC4C"
      },
      "geometry": {
        "type": "Point",
        "coordinates": [
          8.8131,
          45.59665
        ]
      }
    },
    {
      "type": "Feature",
      "properties": {
        "id": "SEQ_5415__M_LMGN",
        "name": null,
        "nuts3": "UKC14"
      },
      "geometry": {
        "type": "Point",
        "coordinates": [
          -1.58485,
          54.63418
        ]
      }
    },
    {
      "type": "Feature",
      "properties": {
        "id": "N_59_L_LMGN",
        "name": null,
        "nuts3": "UKC14"
      },
      "geometry": {
        "type": "Point",
        "coordinates": [
          -1.96279,
          54.84541
        ]
      }
    },
    {
      "type": "Feature",
      "properties": {
        "id": "N_434_M_LMGN",
        "name": null,
        "nuts3": "FRK28"
      },
      "geometry": {
        "type": "Point",
        "coordinates": [
          6.1058,
          46.00257
        ]
      }
    },
    {
      "type": "Feature",
      "properties": {
        "id": "SEQ_8171__M_LMGN",
        "name": null,
        "nuts3": "CH023"
      },
      "geometry": {
        "type": "Point",
        "coordinates": [
          7.59266,
          47.42999
        ]
      }
    },
    {
      "type": "Feature",
      "properties": {
        "id": "SEQ_8173__M_LMGN",
        "name": null,
        "nuts3": "FRF12"
      },
      "geometry": {
        "type": "Point",
        "coordinates": [
          7.43854,
          47.46597
        ]
      }
    },
    {
      "type": "Feature",
      "properties": {
        "id": "SEQ_8179__M_LMGN",
        "name": null,
        "nuts3": "FRC24"
      },
      "geometry": {
        "type": "Point",
        "coordinates": [
          6.98279,
          47.5502
        ]
      }
    },
    {
      "type": "Feature",
      "properties": {
        "id": "SEQ_21051__S_LMGN",
        "name": null,
        "nuts3": "FRF12"
      },
      "geometry": {
        "type": "Point",
        "coordinates": [
          7.09658,
          47.67116
        ]
      }
    },
    {
      "type": "Feature",
      "properties": {
        "id": "N_212_L_LMGN",
        "name": null,
        "nuts3": "AT126"
      },
      "geometry": {
        "type": "Point",
        "coordinates": [
          16.80209,
          48.34973
        ]
      }
    },
    {
      "type": "Feature",
      "properties": {
        "id": "SEQ_1969_p",
        "name": null,
        "nuts3": "AT127"
      },
      "geometry": {
        "type": "Point",
        "coordinates": [
          16.94221,
          48.17073
        ]
      }
    },
    {
      "type": "Feature",
      "properties": {
        "id": "SEQ_11007__S_LMGN",
        "name": null,
        "nuts3": "ITH37"
      },
      "geometry": {
        "type": "Point",
        "coordinates": [
          12.07244,
          45.02597
        ]
      }
    },
    {
      "type": "Feature",
      "properties": {
        "id": "N_1169_S_LMGN",
        "name": null,
        "nuts3": "ITH57"
      },
      "geometry": {
        "type": "Point",
        "coordinates": [
          12.00738,
          44.51449
        ]
      }
    },
    {
      "type": "Feature",
      "properties": {
        "id": "SEQ_6963__M_LMGN",
        "name": null,
        "nuts3": "ES620"
      },
      "geometry": {
        "type": "Point",
        "coordinates": [
          -1.46363,
          37.67728
        ]
      }
    },
    {
      "type": "Feature",
      "properties": {
        "id": "N_658_M_LMGN",
        "name": null,
        "nuts3": "ITI16"
      },
      "geometry": {
        "type": "Point",
        "coordinates": [
          10.36409,
          43.57252
        ]
      }
    },
    {
      "type": "Feature",
      "properties": {
        "id": "SEQ_11067__M_LMGN",
        "name": null,
        "nuts3": "ITI17"
      },
      "geometry": {
        "type": "Point",
        "coordinates": [
          10.72703,
          43.58811
        ]
      }
    },
    {
      "type": "Feature",
      "properties": {
        "id": "SEQ_1527__L_LMGN",
        "name": null,
        "nuts3": "ITI14"
      },
      "geometry": {
        "type": "Point",
        "coordinates": [
          10.99836,
          43.60502
        ]
      }
    },
    {
      "type": "Feature",
      "properties": {
        "id": "SEQ_1525__L_LMGN",
        "name": null,
        "nuts3": "ITI14"
      },
      "geometry": {
        "type": "Point",
        "coordinates": [
          11.12837,
          43.60762
        ]
      }
    },
    {
      "type": "Feature",
      "properties": {
        "id": "SEQ_1986_p",
        "name": null,
        "nuts3": "ITI14"
      },
      "geometry": {
        "type": "Point",
        "coordinates": [
          11.40985,
          43.5793
        ]
      }
    },
    {
      "type": "Feature",
      "properties": {
        "id": "SEQ_3713__L_LMGN",
        "name": null,
        "nuts3": "FRC13"
      },
      "geometry": {
        "type": "Point",
        "coordinates": [
          4.1382,
          46.27531
        ]
      }
    },
    {
      "type": "Feature",
      "properties": {
        "id": "SEQ_3707__L_LMGN",
        "name": null,
        "nuts3": "FRK26"
      },
      "geometry": {
        "type": "Point",
        "coordinates": [
          4.65475,
          46.06656
        ]
      }
    },
    {
      "type": "Feature",
      "properties": {
        "id": "SEQ_3705__L_LMGN",
        "name": null,
        "nuts3": "FRK21"
      },
      "geometry": {
        "type": "Point",
        "coordinates": [
          4.75809,
          46.009
        ]
      }
    },
    {
      "type": "Feature",
      "properties": {
        "id": "SEQ_18187__S_LMGN",
        "name": null,
        "nuts3": "CZ064"
      },
      "geometry": {
        "type": "Point",
        "coordinates": [
          16.86976,
          48.93946
        ]
      }
    },
    {
      "type": "Feature",
      "properties": {
        "id": "N_754_S_LMGN",
        "name": null,
        "nuts3": "CZ064"
      },
      "geometry": {
        "type": "Point",
        "coordinates": [
          17.14068,
          48.91482
        ]
      }
    },
    {
      "type": "Feature",
      "properties": {
        "id": "SEQ_11659__S_LMGN",
        "name": null,
        "nuts3": "CZ072"
      },
      "geometry": {
        "type": "Point",
        "coordinates": [
          17.62438,
          49.3307
        ]
      }
    },
    {
      "type": "Feature",
      "properties": {
        "id": "INET_N_971",
        "name": null,
        "nuts3": "CZ071"
      },
      "geometry": {
        "type": "Point",
        "coordinates": [
          17.298313,
          49.401112
        ]
      }
    },
    {
      "type": "Feature",
      "properties": {
        "id": "SEQ_5205__L_LMGN",
        "name": null,
        "nuts3": "ITH32"
      },
      "geometry": {
        "type": "Point",
        "coordinates": [
          11.68368,
          45.48404
        ]
      }
    },
    {
      "type": "Feature",
      "properties": {
        "id": "SEQ_5207__L_LMGN",
        "name": null,
        "nuts3": "ITH36"
      },
      "geometry": {
        "type": "Point",
        "coordinates": [
          11.75787,
          45.56993
        ]
      }
    },
    {
      "type": "Feature",
      "properties": {
        "id": "SEQ_17987__S_LMGN",
        "name": null,
        "nuts3": "ITF43"
      },
      "geometry": {
        "type": "Point",
        "coordinates": [
          17.14565,
          40.53649
        ]
      }
    },
    {
      "type": "Feature",
      "properties": {
        "id": "N_2339_S_LMGN",
        "name": null,
        "nuts3": "ITF43"
      },
      "geometry": {
        "type": "Point",
        "coordinates": [
          16.98337,
          40.57639
        ]
      }
    },
    {
      "type": "Feature",
      "properties": {
        "id": "N_2338_S_LMGN",
        "name": null,
        "nuts3": "ITF43"
      },
      "geometry": {
        "type": "Point",
        "coordinates": [
          17.3091,
          40.64436
        ]
      }
    },
    {
      "type": "Feature",
      "properties": {
        "id": "N_1219_S_LMGN",
        "name": null,
        "nuts3": "ITF43"
      },
      "geometry": {
        "type": "Point",
        "coordinates": [
          17.40026,
          40.61484
        ]
      }
    },
    {
      "type": "Feature",
      "properties": {
        "id": "N_1218_S_LMGN",
        "name": null,
        "nuts3": "ITF44"
      },
      "geometry": {
        "type": "Point",
        "coordinates": [
          17.7581,
          40.50131
        ]
      }
    },
    {
      "type": "Feature",
      "properties": {
        "id": "SEQ_5839__M_LMGN",
        "name": null,
        "nuts3": "ITC34"
      },
      "geometry": {
        "type": "Point",
        "coordinates": [
          9.84076,
          44.1898
        ]
      }
    },
    {
      "type": "Feature",
      "properties": {
        "id": "SEQ_8873__M_LMGN",
        "name": null,
        "nuts3": "NL421"
      },
      "geometry": {
        "type": "Point",
        "coordinates": [
          6.02093,
          51.36492
        ]
      }
    },
    {
      "type": "Feature",
      "properties": {
        "id": "SEQ_6169__S_LMGN",
        "name": null,
        "nuts3": "NL421"
      },
      "geometry": {
        "type": "Point",
        "coordinates": [
          6.06427,
          51.31603
        ]
      }
    },
    {
      "type": "Feature",
      "properties": {
        "id": "SEQ_709__L_LMGN",
        "name": null,
        "nuts3": "NL211"
      },
      "geometry": {
        "type": "Point",
        "coordinates": [
          6.46267,
          52.57127
        ]
      }
    },
    {
      "type": "Feature",
      "properties": {
        "id": "N_752_S_LMGN",
        "name": null,
        "nuts3": "HU311"
      },
      "geometry": {
        "type": "Point",
        "coordinates": [
          20.96093,
          47.80931
        ]
      }
    },
    {
      "type": "Feature",
      "properties": {
        "id": "N_1590_S_LMGN",
        "name": null,
        "nuts3": "HU322"
      },
      "geometry": {
        "type": "Point",
        "coordinates": [
          20.58973,
          47.3521
        ]
      }
    },
    {
      "type": "Feature",
      "properties": {
        "id": "N_2583_S_LMGN",
        "name": null,
        "nuts3": "HU120"
      },
      "geometry": {
        "type": "Point",
        "coordinates": [
          19.23648,
          47.29921
        ]
      }
    },
    {
      "type": "Feature",
      "properties": {
        "id": "SEQ_5829__L_LMGN",
        "name": null,
        "nuts3": null
      },
      "geometry": {
        "type": "Point",
        "coordinates": [
          22.43117,
          48.61535
        ]
      }
    },
    {
      "type": "Feature",
      "properties": {
        "id": "N_627_M_LMGN",
        "name": null,
        "nuts3": "IE062"
      },
      "geometry": {
        "type": "Point",
        "coordinates": [
          -6.44846,
          53.45381
        ]
      }
    },
    {
      "type": "Feature",
      "properties": {
        "id": "N_628_M_LMGN",
        "name": null,
        "nuts3": "IE061"
      },
      "geometry": {
        "type": "Point",
        "coordinates": [
          -6.28784,
          53.54616
        ]
      }
    },
    {
      "type": "Feature",
      "properties": {
        "id": "N_626_M_LMGN",
        "name": null,
        "nuts3": "IE062"
      },
      "geometry": {
        "type": "Point",
        "coordinates": [
          -6.65047,
          53.39612
        ]
      }
    },
    {
      "type": "Feature",
      "properties": {
        "id": "N_463_S_LMGN",
        "name": null,
        "nuts3": "IE062"
      },
      "geometry": {
        "type": "Point",
        "coordinates": [
          -6.47187,
          53.80451
        ]
      }
    },
    {
      "type": "Feature",
      "properties": {
        "id": "N_834_S_LMGN",
        "name": null,
        "nuts3": "IE062"
      },
      "geometry": {
        "type": "Point",
        "coordinates": [
          -6.39357,
          54.01673
        ]
      }
    },
    {
      "type": "Feature",
      "properties": {
        "id": "SEQ_9065__M_LMGN",
        "name": null,
        "nuts3": "UKN0E"
      },
      "geometry": {
        "type": "Point",
        "coordinates": [
          -6.07754,
          54.46021
        ]
      }
    },
    {
      "type": "Feature",
      "properties": {
        "id": "N_311_M_LMGN",
        "name": null,
        "nuts3": "UKN0D"
      },
      "geometry": {
        "type": "Point",
        "coordinates": [
          -5.90934,
          54.75436
        ]
      }
    },
    {
      "type": "Feature",
      "properties": {
        "id": "N_145_L_LMGN",
        "name": null,
        "nuts3": "FRB05"
      },
      "geometry": {
        "type": "Point",
        "coordinates": [
          1.50534,
          47.49702
        ]
      }
    },
    {
      "type": "Feature",
      "properties": {
        "id": "SEQ_3189__L_LMGN",
        "name": null,
        "nuts3": "FRB05"
      },
      "geometry": {
        "type": "Point",
        "coordinates": [
          1.41388,
          47.54811
        ]
      }
    },
    {
      "type": "Feature",
      "properties": {
        "id": "N_146_L_LMGN",
        "name": null,
        "nuts3": "FRB05"
      },
      "geometry": {
        "type": "Point",
        "coordinates": [
          1.31676,
          47.63214
        ]
      }
    },
    {
      "type": "Feature",
      "properties": {
        "id": "SEQ_4207__L_LMGN",
        "name": null,
        "nuts3": "FRB04"
      },
      "geometry": {
        "type": "Point",
        "coordinates": [
          0.76683,
          47.67374
        ]
      }
    },
    {
      "type": "Feature",
      "properties": {
        "id": "SEQ_4209__L_LMGN",
        "name": null,
        "nuts3": "FRG04"
      },
      "geometry": {
        "type": "Point",
        "coordinates": [
          0.51335,
          47.66872
        ]
      }
    },
    {
      "type": "Feature",
      "properties": {
        "id": "SEQ_4215__L_LMGN",
        "name": null,
        "nuts3": "FRG04"
      },
      "geometry": {
        "type": "Point",
        "coordinates": [
          0.0026,
          47.68067
        ]
      }
    },
    {
      "type": "Feature",
      "properties": {
        "id": "SEQ_4219__L_LMGN",
        "name": null,
        "nuts3": "FRG04"
      },
      "geometry": {
        "type": "Point",
        "coordinates": [
          -0.35442,
          47.7191
        ]
      }
    },
    {
      "type": "Feature",
      "properties": {
        "id": "SEQ_4223__L_LMGN",
        "name": null,
        "nuts3": "FRG02"
      },
      "geometry": {
        "type": "Point",
        "coordinates": [
          -0.66738,
          47.7062
        ]
      }
    },
    {
      "type": "Feature",
      "properties": {
        "id": "N_56_L_LMGN",
        "name": null,
        "nuts3": "FRG03"
      },
      "geometry": {
        "type": "Point",
        "coordinates": [
          -0.89942,
          47.8494
        ]
      }
    },
    {
      "type": "Feature",
      "properties": {
        "id": "SEQ_1295__L_LMGN",
        "name": null,
        "nuts3": "FRG01"
      },
      "geometry": {
        "type": "Point",
        "coordinates": [
          -1.69057,
          47.58823
        ]
      }
    },
    {
      "type": "Feature",
      "properties": {
        "id": "SEQ_9995__M_LMGN",
        "name": null,
        "nuts3": "FRG01"
      },
      "geometry": {
        "type": "Point",
        "coordinates": [
          -1.61554,
          47.67513
        ]
      }
    },
    {
      "type": "Feature",
      "properties": {
        "id": "N_1584_S_LMGN",
        "name": null,
        "nuts3": "PL225"
      },
      "geometry": {
        "type": "Point",
        "coordinates": [
          18.67619,
          49.83244
        ]
      }
    },
    {
      "type": "Feature",
      "properties": {
        "id": "SEQ_20333__S_LMGN",
        "name": null,
        "nuts3": "CZ080"
      },
      "geometry": {
        "type": "Point",
        "coordinates": [
          18.46193,
          49.6717
        ]
      }
    },
    {
      "type": "Feature",
      "properties": {
        "id": "N_1573_S_LMGN",
        "name": null,
        "nuts3": "CZ080"
      },
      "geometry": {
        "type": "Point",
        "coordinates": [
          18.18704,
          49.65937
        ]
      }
    },
    {
      "type": "Feature",
      "properties": {
        "id": "SEQ_1319__M_LMGN",
        "name": null,
        "nuts3": null
      },
      "geometry": {
        "type": "Point",
        "coordinates": [
          27.71748,
          49.02008
        ]
      }
    },
    {
      "type": "Feature",
      "properties": {
        "id": "N_312_M_LMGN",
        "name": null,
        "nuts3": null
      },
      "geometry": {
        "type": "Point",
        "coordinates": [
          34.09096,
          49.29755
        ]
      }
    },
    {
      "type": "Feature",
      "properties": {
        "id": "SEQ_5601__M_LMGN",
        "name": null,
        "nuts3": null
      },
      "geometry": {
        "type": "Point",
        "coordinates": [
          35.77394,
          49.41864
        ]
      }
    },
    {
      "type": "Feature",
      "properties": {
        "id": "SEQ_5597__M_LMGN",
        "name": null,
        "nuts3": null
      },
      "geometry": {
        "type": "Point",
        "coordinates": [
          36.07817,
          49.42596
        ]
      }
    },
    {
      "type": "Feature",
      "properties": {
        "id": "SEQ_5115__S_LMGN",
        "name": null,
        "nuts3": "TR831"
      },
      "geometry": {
        "type": "Point",
        "coordinates": [
          36.5328,
          41.16919
        ]
      }
    },
    {
      "type": "Feature",
      "properties": {
        "id": "SEQ_7799__L_LMGN",
        "name": null,
        "nuts3": "TR723"
      },
      "geometry": {
        "type": "Point",
        "coordinates": [
          34.43427,
          39.87051
        ]
      }
    },
    {
      "type": "Feature",
      "properties": {
        "id": "SEQ_7781__L_LMGN",
        "name": null,
        "nuts3": "TR711"
      },
      "geometry": {
        "type": "Point",
        "coordinates": [
          33.47689,
          39.6026
        ]
      }
    },
    {
      "type": "Feature",
      "properties": {
        "id": "N_262_L_LMGN",
        "name": null,
        "nuts3": "TR510"
      },
      "geometry": {
        "type": "Point",
        "coordinates": [
          33.12984,
          39.4021
        ]
      }
    },
    {
      "type": "Feature",
      "properties": {
        "id": "SEQ_2138_p",
        "name": null,
        "nuts3": "TR510"
      },
      "geometry": {
        "type": "Point",
        "coordinates": [
          32.63775,
          39.50131
        ]
      }
    },
    {
      "type": "Feature",
      "properties": {
        "id": "N_112_M_LMGN",
        "name": null,
        "nuts3": "TR413"
      },
      "geometry": {
        "type": "Point",
        "coordinates": [
          30.04141,
          39.96574
        ]
      }
    },
    {
      "type": "Feature",
      "properties": {
        "id": "N_68_M_LMGN",
        "name": null,
        "nuts3": "TR411"
      },
      "geometry": {
        "type": "Point",
        "coordinates": [
          29.21392,
          40.27945
        ]
      }
    },
    {
      "type": "Feature",
      "properties": {
        "id": "SEQ_1365__L_LMGN",
        "name": null,
        "nuts3": "FRB03"
      },
      "geometry": {
        "type": "Point",
        "coordinates": [
          1.49868,
          46.55614
        ]
      }
    },
    {
      "type": "Feature",
      "properties": {
        "id": "SEQ_7017__M_LMGN",
        "name": null,
        "nuts3": "FRI31"
      },
      "geometry": {
        "type": "Point",
        "coordinates": [
          0.75624,
          46.03166
        ]
      }
    },
    {
      "type": "Feature",
      "properties": {
        "id": "SEQ_10009__M_LMGN",
        "name": null,
        "nuts3": "FRI11"
      },
      "geometry": {
        "type": "Point",
        "coordinates": [
          0.22889,
          45.2766
        ]
      }
    },
    {
      "type": "Feature",
      "properties": {
        "id": "SEQ_10017__M_LMGN",
        "name": null,
        "nuts3": "FRI12"
      },
      "geometry": {
        "type": "Point",
        "coordinates": [
          0.00041,
          44.84178
        ]
      }
    },
    {
      "type": "Feature",
      "properties": {
        "id": "SEQ_6635__L_LMGN",
        "name": null,
        "nuts3": "FRF21"
      },
      "geometry": {
        "type": "Point",
        "coordinates": [
          4.61022,
          49.74904
        ]
      }
    },
    {
      "type": "Feature",
      "properties": {
        "id": "N_197_L_LMGN",
        "name": null,
        "nuts3": "FRF21"
      },
      "geometry": {
        "type": "Point",
        "coordinates": [
          4.44098,
          49.76939
        ]
      }
    },
    {
      "type": "Feature",
      "properties": {
        "id": "SEQ_6633__L_LMGN",
        "name": null,
        "nuts3": "FRF21"
      },
      "geometry": {
        "type": "Point",
        "coordinates": [
          4.74383,
          49.71039
        ]
      }
    },
    {
      "type": "Feature",
      "properties": {
        "id": "SEQ_6625__L_LMGN",
        "name": null,
        "nuts3": "FRF32"
      },
      "geometry": {
        "type": "Point",
        "coordinates": [
          5.20031,
          49.44302
        ]
      }
    },
    {
      "type": "Feature",
      "properties": {
        "id": "SEQ_6621__L_LMGN",
        "name": null,
        "nuts3": "FRF32"
      },
      "geometry": {
        "type": "Point",
        "coordinates": [
          5.43224,
          49.29727
        ]
      }
    },
    {
      "type": "Feature",
      "properties": {
        "id": "SEQ_6615__L_LMGN",
        "name": null,
        "nuts3": "FRF32"
      },
      "geometry": {
        "type": "Point",
        "coordinates": [
          5.76125,
          49.07541
        ]
      }
    },
    {
      "type": "Feature",
      "properties": {
        "id": "SEQ_6609__L_LMGN",
        "name": null,
        "nuts3": "FRF31"
      },
      "geometry": {
        "type": "Point",
        "coordinates": [
          6.07759,
          48.83599
        ]
      }
    },
    {
      "type": "Feature",
      "properties": {
        "id": "N_250_M_LMGN",
        "name": null,
        "nuts3": "TR422"
      },
      "geometry": {
        "type": "Point",
        "coordinates": [
          30.43286,
          40.65396
        ]
      }
    },
    {
      "type": "Feature",
      "properties": {
        "id": "N_118_L_LMGN",
        "name": null,
        "nuts3": "FRK21"
      },
      "geometry": {
        "type": "Point",
        "coordinates": [
          4.97337,
          46.00268
        ]
      }
    },
    {
      "type": "Feature",
      "properties": {
        "id": "N_1348_S_LMGN",
        "name": null,
        "nuts3": "FRK21"
      },
      "geometry": {
        "type": "Point",
        "coordinates": [
          4.94564,
          46.10299
        ]
      }
    },
    {
      "type": "Feature",
      "properties": {
        "id": "N_2238_S_LMGN",
        "name": null,
        "nuts3": "FRK26"
      },
      "geometry": {
        "type": "Point",
        "coordinates": [
          4.71308,
          45.96375
        ]
      }
    },
    {
      "type": "Feature",
      "properties": {
        "id": "N_2239_S_LMGN",
        "name": null,
        "nuts3": "FRK26"
      },
      "geometry": {
        "type": "Point",
        "coordinates": [
          4.77234,
          45.60562
        ]
      }
    },
    {
      "type": "Feature",
      "properties": {
        "id": "SEQ_19623__S_LMGN",
        "name": null,
        "nuts3": "FRK26"
      },
      "geometry": {
        "type": "Point",
        "coordinates": [
          4.87067,
          45.6602
        ]
      }
    },
    {
      "type": "Feature",
      "properties": {
        "id": "SEQ_1693__L_LMGN",
        "name": null,
        "nuts3": "PL811"
      },
      "geometry": {
        "type": "Point",
        "coordinates": [
          22.53804,
          51.76459
        ]
      }
    },
    {
      "type": "Feature",
      "properties": {
        "id": "N_80_L_LMGN",
        "name": null,
        "nuts3": "PL925"
      },
      "geometry": {
        "type": "Point",
        "coordinates": [
          22.9081,
          52.1105
        ]
      }
    },
    {
      "type": "Feature",
      "properties": {
        "id": "SEQ_5901__L_LMGN",
        "name": null,
        "nuts3": "PL811"
      },
      "geometry": {
        "type": "Point",
        "coordinates": [
          23.07979,
          52.23529
        ]
      }
    },
    {
      "type": "Feature",
      "properties": {
        "id": "N_141_L_LMGN",
        "name": null,
        "nuts3": null
      },
      "geometry": {
        "type": "Point",
        "coordinates": [
          24.25771,
          52.49393
        ]
      }
    },
    {
      "type": "Feature",
      "properties": {
        "id": "SEQ_5193__M_LMGN",
        "name": null,
        "nuts3": null
      },
      "geometry": {
        "type": "Point",
        "coordinates": [
          25.4266,
          53.38096
        ]
      }
    },
    {
      "type": "Feature",
      "properties": {
        "id": "SEQ_6709__L_LMGN",
        "name": null,
        "nuts3": null
      },
      "geometry": {
        "type": "Point",
        "coordinates": [
          25.12628,
          53.3264
        ]
      }
    },
    {
      "type": "Feature",
      "properties": {
        "id": "SEQ_5209__M_LMGN",
        "name": null,
        "nuts3": "PL619"
      },
      "geometry": {
        "type": "Point",
        "coordinates": [
          18.90756,
          52.78842
        ]
      }
    },
    {
      "type": "Feature",
      "properties": {
        "id": "SEQ_6021__L_LMGN",
        "name": null,
        "nuts3": "FRF23"
      },
      "geometry": {
        "type": "Point",
        "coordinates": [
          3.6278,
          48.66451
        ]
      }
    },
    {
      "type": "Feature",
      "properties": {
        "id": "N_1981_S_LMGN",
        "name": null,
        "nuts3": "FR102"
      },
      "geometry": {
        "type": "Point",
        "coordinates": [
          3.15764,
          48.40587
        ]
      }
    },
    {
      "type": "Feature",
      "properties": {
        "id": "SEQ_21339__S_LMGN",
        "name": null,
        "nuts3": "FR102"
      },
      "geometry": {
        "type": "Point",
        "coordinates": [
          2.80535,
          48.50445
        ]
      }
    },
    {
      "type": "Feature",
      "properties": {
        "id": "N_2495_S_LMGN",
        "name": null,
        "nuts3": "FR102"
      },
      "geometry": {
        "type": "Point",
        "coordinates": [
          2.69557,
          48.51349
        ]
      }
    },
    {
      "type": "Feature",
      "properties": {
        "id": "N_399_M_LMGN",
        "name": null,
        "nuts3": "RO114"
      },
      "geometry": {
        "type": "Point",
        "coordinates": [
          23.12523,
          47.61178
        ]
      }
    },
    {
      "type": "Feature",
      "properties": {
        "id": "INET_N_863",
        "name": null,
        "nuts3": null
      },
      "geometry": {
        "type": "Point",
        "coordinates": [
          23.134972,
          48.148083
        ]
      }
    },
    {
      "type": "Feature",
      "properties": {
        "id": "N_2157_S_LMGN",
        "name": null,
        "nuts3": "HR022"
      },
      "geometry": {
        "type": "Point",
        "coordinates": [
          18.02312,
          45.6356
        ]
      }
    },
    {
      "type": "Feature",
      "properties": {
        "id": "N_2579_S_LMGN",
        "name": null,
        "nuts3": "HR025"
      },
      "geometry": {
        "type": "Point",
        "coordinates": [
          18.1321,
          45.67125
        ]
      }
    },
    {
      "type": "Feature",
      "properties": {
        "id": "SEQ_1305__M_LMGN",
        "name": null,
        "nuts3": "HU231"
      },
      "geometry": {
        "type": "Point",
        "coordinates": [
          18.50583,
          46.08587
        ]
      }
    },
    {
      "type": "Feature",
      "properties": {
        "id": "SEQ_1311__M_LMGN",
        "name": null,
        "nuts3": "HU331"
      },
      "geometry": {
        "type": "Point",
        "coordinates": [
          18.89073,
          46.16721
        ]
      }
    },
    {
      "type": "Feature",
      "properties": {
        "id": "N_671_S_LMGN",
        "name": null,
        "nuts3": "PT111"
      },
      "geometry": {
        "type": "Point",
        "coordinates": [
          -8.5651,
          41.63969
        ]
      }
    },
    {
      "type": "Feature",
      "properties": {
        "id": "SEQ_3361__M_LMGN",
        "name": null,
        "nuts3": "PT11A"
      },
      "geometry": {
        "type": "Point",
        "coordinates": [
          -8.47682,
          41.02792
        ]
      }
    },
    {
      "type": "Feature",
      "properties": {
        "id": "N_343_M_LMGN",
        "name": null,
        "nuts3": "PT16F"
      },
      "geometry": {
        "type": "Point",
        "coordinates": [
          -8.7288,
          39.86647
        ]
      }
    },
    {
      "type": "Feature",
      "properties": {
        "id": "SEQ_5911__M_LMGN",
        "name": null,
        "nuts3": "PT16F"
      },
      "geometry": {
        "type": "Point",
        "coordinates": [
          -8.80156,
          39.976
        ]
      }
    },
    {
      "type": "Feature",
      "properties": {
        "id": "INET_N_919",
        "name": null,
        "nuts3": "PT16E"
      },
      "geometry": {
        "type": "Point",
        "coordinates": [
          -8.775,
          40.1245
        ]
      }
    },
    {
      "type": "Feature",
      "properties": {
        "id": "SEQ_233__L_LMGN",
        "name": null,
        "nuts3": "ITF43"
      },
      "geometry": {
        "type": "Point",
        "coordinates": [
          17.39909,
          40.52126
        ]
      }
    },
    {
      "type": "Feature",
      "properties": {
        "id": "INET_N_245",
        "name": null,
        "nuts3": "ITF44"
      },
      "geometry": {
        "type": "Point",
        "coordinates": [
          18.0033,
          40.6293
        ]
      }
    },
    {
      "type": "Feature",
      "properties": {
        "id": "INET_N_219",
        "name": null,
        "nuts3": "ITH20"
      },
      "geometry": {
        "type": "Point",
        "coordinates": [
          11.224358,
          46.001982
        ]
      }
    },
    {
      "type": "Feature",
      "properties": {
        "id": "N_914_S_LMGN",
        "name": null,
        "nuts3": "ITH31"
      },
      "geometry": {
        "type": "Point",
        "coordinates": [
          10.81807,
          45.34653
        ]
      }
    },
    {
      "type": "Feature",
      "properties": {
        "id": "SEQ_5075__S_LMGN",
        "name": null,
        "nuts3": "TR611"
      },
      "geometry": {
        "type": "Point",
        "coordinates": [
          30.666,
          37.15378
        ]
      }
    },
    {
      "type": "Feature",
      "properties": {
        "id": "SEQ_5053__S_LMGN",
        "name": null,
        "nuts3": "TR613"
      },
      "geometry": {
        "type": "Point",
        "coordinates": [
          30.40283,
          37.69082
        ]
      }
    },
    {
      "type": "Feature",
      "properties": {
        "id": "N_36_L_LMGN",
        "name": null,
        "nuts3": "TR332"
      },
      "geometry": {
        "type": "Point",
        "coordinates": [
          30.03651,
          38.01775
        ]
      }
    },
    {
      "type": "Feature",
      "properties": {
        "id": "SEQ_1613__L_LMGN",
        "name": null,
        "nuts3": "TR321"
      },
      "geometry": {
        "type": "Point",
        "coordinates": [
          27.8485,
          37.80715
        ]
      }
    },
    {
      "type": "Feature",
      "properties": {
        "id": "N_559_S_LMGN",
        "name": null,
        "nuts3": "HU311"
      },
      "geometry": {
        "type": "Point",
        "coordinates": [
          20.90616,
          47.97439
        ]
      }
    },
    {
      "type": "Feature",
      "properties": {
        "id": "SEQ_3901__S_LMGN",
        "name": null,
        "nuts3": "HU311"
      },
      "geometry": {
        "type": "Point",
        "coordinates": [
          21.25424,
          48.11508
        ]
      }
    },
    {
      "type": "Feature",
      "properties": {
        "id": "N_2689_M_LMGN",
        "name": null,
        "nuts3": "HU323"
      },
      "geometry": {
        "type": "Point",
        "coordinates": [
          21.25387,
          47.92725
        ]
      }
    },
    {
      "type": "Feature",
      "properties": {
        "id": "SEQ_7047__L_LMGN",
        "name": null,
        "nuts3": null
      },
      "geometry": {
        "type": "Point",
        "coordinates": [
          29.73575,
          46.84431
        ]
      }
    },
    {
      "type": "Feature",
      "properties": {
        "id": "SEQ_1797__M_LMGN",
        "name": null,
        "nuts3": null
      },
      "geometry": {
        "type": "Point",
        "coordinates": [
          29.66139,
          46.86896
        ]
      }
    },
    {
      "type": "Feature",
      "properties": {
        "id": "INET_N_742",
        "name": null,
        "nuts3": "RO225"
      },
      "geometry": {
        "type": "Point",
        "coordinates": [
          28.460727,
          45.265423
        ]
      }
    },
    {
      "type": "Feature",
      "properties": {
        "id": "SEQ_15043__S_LMGN",
        "name": null,
        "nuts3": "RO225"
      },
      "geometry": {
        "type": "Point",
        "coordinates": [
          28.29962,
          45.35458
        ]
      }
    },
    {
      "type": "Feature",
      "properties": {
        "id": "SEQ_12081__S_LMGN",
        "name": null,
        "nuts3": "FRB02"
      },
      "geometry": {
        "type": "Point",
        "coordinates": [
          1.13496,
          48.59638
        ]
      }
    },
    {
      "type": "Feature",
      "properties": {
        "id": "N_186_L_LMGN",
        "name": null,
        "nuts3": "FRD13"
      },
      "geometry": {
        "type": "Point",
        "coordinates": [
          0.69818,
          48.28937
        ]
      }
    },
    {
      "type": "Feature",
      "properties": {
        "id": "N_57_L_LMGN",
        "name": null,
        "nuts3": "FRD13"
      },
      "geometry": {
        "type": "Point",
        "coordinates": [
          0.5912,
          48.31269
        ]
      }
    },
    {
      "type": "Feature",
      "properties": {
        "id": "SEQ_1317__L_LMGN",
        "name": null,
        "nuts3": "FRG04"
      },
      "geometry": {
        "type": "Point",
        "coordinates": [
          0.2058,
          48.21344
        ]
      }
    },
    {
      "type": "Feature",
      "properties": {
        "id": "SEQ_1311__L_LMGN",
        "name": null,
        "nuts3": "FRG03"
      },
      "geometry": {
        "type": "Point",
        "coordinates": [
          -0.34867,
          48.01875
        ]
      }
    },
    {
      "type": "Feature",
      "properties": {
        "id": "N_2246_S_LMGN",
        "name": null,
        "nuts3": "ES220"
      },
      "geometry": {
        "type": "Point",
        "coordinates": [
          -1.29125,
          42.6918
        ]
      }
    },
    {
      "type": "Feature",
      "properties": {
        "id": "SEQ_7085__M_LMGN",
        "name": null,
        "nuts3": "FRI15"
      },
      "geometry": {
        "type": "Point",
        "coordinates": [
          -0.49659,
          43.36972
        ]
      }
    },
    {
      "type": "Feature",
      "properties": {
        "id": "N_147_L_LMGN",
        "name": null,
        "nuts3": "FRB05"
      },
      "geometry": {
        "type": "Point",
        "coordinates": [
          1.95497,
          47.37533
        ]
      }
    },
    {
      "type": "Feature",
      "properties": {
        "id": "SEQ_6599__L_LMGN",
        "name": null,
        "nuts3": "FRB05"
      },
      "geometry": {
        "type": "Point",
        "coordinates": [
          1.73849,
          47.46811
        ]
      }
    },
    {
      "type": "Feature",
      "properties": {
        "id": "SEQ_3383__L_LMGN",
        "name": null,
        "nuts3": "ITG14"
      },
      "geometry": {
        "type": "Point",
        "coordinates": [
          13.58531,
          37.42994
        ]
      }
    },
    {
      "type": "Feature",
      "properties": {
        "id": "SEQ_3395__L_LMGN",
        "name": null,
        "nuts3": "ITG11"
      },
      "geometry": {
        "type": "Point",
        "coordinates": [
          12.68026,
          37.68062
        ]
      }
    },
    {
      "type": "Feature",
      "properties": {
        "id": "N_100_L_LMGN",
        "name": null,
        "nuts3": "ITG16"
      },
      "geometry": {
        "type": "Point",
        "coordinates": [
          14.55766,
          37.55471
        ]
      }
    },
    {
      "type": "Feature",
      "properties": {
        "id": "SEQ_2163__L_LMGN",
        "name": null,
        "nuts3": "ITG17"
      },
      "geometry": {
        "type": "Point",
        "coordinates": [
          14.62981,
          37.31176
        ]
      }
    },
    {
      "type": "Feature",
      "properties": {
        "id": "N_1883_S_LMGN",
        "name": null,
        "nuts3": "ITF62"
      },
      "geometry": {
        "type": "Point",
        "coordinates": [
          16.99147,
          39.2051
        ]
      }
    },
    {
      "type": "Feature",
      "properties": {
        "id": "N_1516_S_LMGN",
        "name": null,
        "nuts3": "ITF63"
      },
      "geometry": {
        "type": "Point",
        "coordinates": [
          16.74722,
          38.96113
        ]
      }
    },
    {
      "type": "Feature",
      "properties": {
        "id": "SEQ_3261__L_LMGN",
        "name": null,
        "nuts3": "FRF22"
      },
      "geometry": {
        "type": "Point",
        "coordinates": [
          3.99185,
          48.26104
        ]
      }
    },
    {
      "type": "Feature",
      "properties": {
        "id": "SEQ_2377_p",
        "name": null,
        "nuts3": "ES242"
      },
      "geometry": {
        "type": "Point",
        "coordinates": [
          -0.4125,
          41.26081
        ]
      }
    },
    {
      "type": "Feature",
      "properties": {
        "id": "N_2249_S_LMGN",
        "name": null,
        "nuts3": "FRJ28"
      },
      "geometry": {
        "type": "Point",
        "coordinates": [
          1.28305,
          43.92085
        ]
      }
    },
    {
      "type": "Feature",
      "properties": {
        "id": "N_2250_S_LMGN",
        "name": null,
        "nuts3": "FRJ28"
      },
      "geometry": {
        "type": "Point",
        "coordinates": [
          0.86923,
          44.11556
        ]
      }
    },
    {
      "type": "Feature",
      "properties": {
        "id": "N_1732_S_LMGN",
        "name": null,
        "nuts3": "FRI14"
      },
      "geometry": {
        "type": "Point",
        "coordinates": [
          0.45967,
          44.29376
        ]
      }
    },
    {
      "type": "Feature",
      "properties": {
        "id": "N_131_L_LMGN",
        "name": null,
        "nuts3": null
      },
      "geometry": {
        "type": "Point",
        "coordinates": [
          38.7389,
          47.22737
        ]
      }
    },
    {
      "type": "Feature",
      "properties": {
        "id": "SEQ_2897__L_LMGN",
        "name": null,
        "nuts3": null
      },
      "geometry": {
        "type": "Point",
        "coordinates": [
          38.47421,
          47.3169
        ]
      }
    },
    {
      "type": "Feature",
      "properties": {
        "id": "INET_N_1593",
        "name": null,
        "nuts3": null
      },
      "geometry": {
        "type": "Point",
        "coordinates": [
          38.900844,
          47.283218
        ]
      }
    },
    {
      "type": "Feature",
      "properties": {
        "id": "INET_N_1275",
        "name": null,
        "nuts3": "ITF14"
      },
      "geometry": {
        "type": "Point",
        "coordinates": [
          14.22457,
          42.245019
        ]
      }
    },
    {
      "type": "Feature",
      "properties": {
        "id": "SEQ_8811__S_LMGN",
        "name": null,
        "nuts3": "ITF14"
      },
      "geometry": {
        "type": "Point",
        "coordinates": [
          14.68292,
          42.04824
        ]
      }
    },
    {
      "type": "Feature",
      "properties": {
        "id": "N_1213_S_LMGN",
        "name": null,
        "nuts3": "ITF14"
      },
      "geometry": {
        "type": "Point",
        "coordinates": [
          14.6978,
          41.97549
        ]
      }
    },
    {
      "type": "Feature",
      "properties": {
        "id": "N_393_S_LMGN",
        "name": null,
        "nuts3": null
      },
      "geometry": {
        "type": "Point",
        "coordinates": [
          33.28621,
          45.40828
        ]
      }
    },
    {
      "type": "Feature",
      "properties": {
        "id": "N_711_S_LMGN",
        "name": null,
        "nuts3": null
      },
      "geometry": {
        "type": "Point",
        "coordinates": [
          34.15685,
          45.66274
        ]
      }
    },
    {
      "type": "Feature",
      "properties": {
        "id": "N_175_L_LMGN",
        "name": null,
        "nuts3": null
      },
      "geometry": {
        "type": "Point",
        "coordinates": [
          34.18923,
          45.77597
        ]
      }
    },
    {
      "type": "Feature",
      "properties": {
        "id": "N_419_M_LMGN",
        "name": null,
        "nuts3": "EL526"
      },
      "geometry": {
        "type": "Point",
        "coordinates": [
          23.16472,
          41.13952
        ]
      }
    },
    {
      "type": "Feature",
      "properties": {
        "id": "N_1292_S_LMGN",
        "name": null,
        "nuts3": "BE254"
      },
      "geometry": {
        "type": "Point",
        "coordinates": [
          3.27777,
          50.79653
        ]
      }
    },
    {
      "type": "Feature",
      "properties": {
        "id": "N_1293_S_LMGN",
        "name": null,
        "nuts3": "BE235"
      },
      "geometry": {
        "type": "Point",
        "coordinates": [
          3.70212,
          50.79669
        ]
      }
    },
    {
      "type": "Feature",
      "properties": {
        "id": "N_1940_S_LMGN",
        "name": null,
        "nuts3": "BE32A"
      },
      "geometry": {
        "type": "Point",
        "coordinates": [
          3.79143,
          50.61226
        ]
      }
    },
    {
      "type": "Feature",
      "properties": {
        "id": "SEQ_1547__L_LMGN",
        "name": null,
        "nuts3": "ITF52"
      },
      "geometry": {
        "type": "Point",
        "coordinates": [
          16.4598,
          40.27604
        ]
      }
    },
    {
      "type": "Feature",
      "properties": {
        "id": "N_2337_S_LMGN",
        "name": null,
        "nuts3": "ITF52"
      },
      "geometry": {
        "type": "Point",
        "coordinates": [
          16.52972,
          40.19216
        ]
      }
    },
    {
      "type": "Feature",
      "properties": {
        "id": "N_2474_S_LMGN",
        "name": null,
        "nuts3": "ITF47"
      },
      "geometry": {
        "type": "Point",
        "coordinates": [
          17.10945,
          40.81621
        ]
      }
    },
    {
      "type": "Feature",
      "properties": {
        "id": "N_1525_S_LMGN",
        "name": null,
        "nuts3": "ITF47"
      },
      "geometry": {
        "type": "Point",
        "coordinates": [
          16.79522,
          40.92611
        ]
      }
    },
    {
      "type": "Feature",
      "properties": {
        "id": "SEQ_2437_p",
        "name": null,
        "nuts3": "ITF47"
      },
      "geometry": {
        "type": "Point",
        "coordinates": [
          16.56043,
          41.09004
        ]
      }
    },
    {
      "type": "Feature",
      "properties": {
        "id": "SEQ_3743__L_LMGN",
        "name": null,
        "nuts3": "ITF46"
      },
      "geometry": {
        "type": "Point",
        "coordinates": [
          15.3886,
          41.24766
        ]
      }
    },
    {
      "type": "Feature",
      "properties": {
        "id": "SEQ_5273__L_LMGN",
        "name": null,
        "nuts3": "FRC12"
      },
      "geometry": {
        "type": "Point",
        "coordinates": [
          3.22557,
          46.85526
        ]
      }
    },
    {
      "type": "Feature",
      "properties": {
        "id": "SEQ_5285__L_LMGN",
        "name": null,
        "nuts3": "FRB01"
      },
      "geometry": {
        "type": "Point",
        "coordinates": [
          2.49555,
          47.29676
        ]
      }
    },
    {
      "type": "Feature",
      "properties": {
        "id": "SEQ_6233__L_LMGN",
        "name": null,
        "nuts3": "AT122"
      },
      "geometry": {
        "type": "Point",
        "coordinates": [
          16.20374,
          47.82401
        ]
      }
    },
    {
      "type": "Feature",
      "properties": {
        "id": "N_1724_S_LMGN",
        "name": null,
        "nuts3": "FRJ24"
      },
      "geometry": {
        "type": "Point",
        "coordinates": [
          -0.0974,
          43.75181
        ]
      }
    },
    {
      "type": "Feature",
      "properties": {
        "id": "N_2014_S_LMGN",
        "name": null,
        "nuts3": "FRI13"
      },
      "geometry": {
        "type": "Point",
        "coordinates": [
          -0.36024,
          43.73668
        ]
      }
    },
    {
      "type": "Feature",
      "properties": {
        "id": "N_590_M_LMGN",
        "name": null,
        "nuts3": "LT024"
      },
      "geometry": {
        "type": "Point",
        "coordinates": [
          23.12471,
          54.98467
        ]
      }
    },
    {
      "type": "Feature",
      "properties": {
        "id": "N_59_M_LMGN",
        "name": null,
        "nuts3": "LT023"
      },
      "geometry": {
        "type": "Point",
        "coordinates": [
          21.50435,
          55.70483
        ]
      }
    },
    {
      "type": "Feature",
      "properties": {
        "id": "N_579_S_LMGN",
        "name": null,
        "nuts3": "LT023"
      },
      "geometry": {
        "type": "Point",
        "coordinates": [
          21.31289,
          55.73281
        ]
      }
    },
    {
      "type": "Feature",
      "properties": {
        "id": "N_161_L_LMGN",
        "name": null,
        "nuts3": "CZ064"
      },
      "geometry": {
        "type": "Point",
        "coordinates": [
          16.30161,
          48.96738
        ]
      }
    },
    {
      "type": "Feature",
      "properties": {
        "id": "N_513_S_LMGN",
        "name": null,
        "nuts3": "ITH36"
      },
      "geometry": {
        "type": "Point",
        "coordinates": [
          11.73153,
          45.13049
        ]
      }
    },
    {
      "type": "Feature",
      "properties": {
        "id": "N_1474_S_LMGN",
        "name": null,
        "nuts3": "ITH57"
      },
      "geometry": {
        "type": "Point",
        "coordinates": [
          11.91315,
          44.50377
        ]
      }
    },
    {
      "type": "Feature",
      "properties": {
        "id": "N_1168_S_LMGN",
        "name": null,
        "nuts3": "ITH57"
      },
      "geometry": {
        "type": "Point",
        "coordinates": [
          11.84591,
          44.43775
        ]
      }
    },
    {
      "type": "Feature",
      "properties": {
        "id": "N_1519_S_LMGN",
        "name": null,
        "nuts3": "ITF22"
      },
      "geometry": {
        "type": "Point",
        "coordinates": [
          14.86536,
          41.815
        ]
      }
    },
    {
      "type": "Feature",
      "properties": {
        "id": "N_624_M_LMGN",
        "name": null,
        "nuts3": "SE224"
      },
      "geometry": {
        "type": "Point",
        "coordinates": [
          12.63909,
          56.21742
        ]
      }
    },
    {
      "type": "Feature",
      "properties": {
        "id": "N_623_M_LMGN",
        "name": null,
        "nuts3": null
      },
      "geometry": {
        "type": "Point",
        "coordinates": [
          12.67261,
          56.31271
        ]
      }
    },
    {
      "type": "Feature",
      "properties": {
        "id": "N_286_L_LMGN",
        "name": null,
        "nuts3": "UKH12"
      },
      "geometry": {
        "type": "Point",
        "coordinates": [
          -0.00192,
          52.07055
        ]
      }
    },
    {
      "type": "Feature",
      "properties": {
        "id": "SEQ_2505_p",
        "name": null,
        "nuts3": "NL414"
      },
      "geometry": {
        "type": "Point",
        "coordinates": [
          5.66165,
          51.4137
        ]
      }
    },
    {
      "type": "Feature",
      "properties": {
        "id": "SEQ_4169__L_LMGN",
        "name": null,
        "nuts3": "UKM78"
      },
      "geometry": {
        "type": "Point",
        "coordinates": [
          -3.55399,
          55.95758
        ]
      }
    },
    {
      "type": "Feature",
      "properties": {
        "id": "SEQ_4363__M_LMGN",
        "name": null,
        "nuts3": "UKC21"
      },
      "geometry": {
        "type": "Point",
        "coordinates": [
          -2.27771,
          55.64139
        ]
      }
    },
    {
      "type": "Feature",
      "properties": {
        "id": "SEQ_1343__L_LMGN",
        "name": null,
        "nuts3": "UKC21"
      },
      "geometry": {
        "type": "Point",
        "coordinates": [
          -2.19838,
          55.67942
        ]
      }
    },
    {
      "type": "Feature",
      "properties": {
        "id": "N_784_S_LMGN",
        "name": null,
        "nuts3": "BE213"
      },
      "geometry": {
        "type": "Point",
        "coordinates": [
          5.06777,
          51.22647
        ]
      }
    },
    {
      "type": "Feature",
      "properties": {
        "id": "N_1295_S_LMGN",
        "name": null,
        "nuts3": "BE211"
      },
      "geometry": {
        "type": "Point",
        "coordinates": [
          4.74886,
          51.24874
        ]
      }
    },
    {
      "type": "Feature",
      "properties": {
        "id": "N_1288_S_LMGN",
        "name": null,
        "nuts3": "BE241"
      },
      "geometry": {
        "type": "Point",
        "coordinates": [
          4.38147,
          50.93791
        ]
      }
    },
    {
      "type": "Feature",
      "properties": {
        "id": "SEQ_12165__S_LMGN",
        "name": null,
        "nuts3": "BE241"
      },
      "geometry": {
        "type": "Point",
        "coordinates": [
          4.27859,
          50.86013
        ]
      }
    },
    {
      "type": "Feature",
      "properties": {
        "id": "N_1634_S_LMGN",
        "name": null,
        "nuts3": "BE241"
      },
      "geometry": {
        "type": "Point",
        "coordinates": [
          4.15494,
          50.78774
        ]
      }
    },
    {
      "type": "Feature",
      "properties": {
        "id": "N_1635_S_LMGN",
        "name": null,
        "nuts3": "BE310"
      },
      "geometry": {
        "type": "Point",
        "coordinates": [
          4.17447,
          50.71695
        ]
      }
    },
    {
      "type": "Feature",
      "properties": {
        "id": "N_1284_S_LMGN",
        "name": null,
        "nuts3": "BE32C"
      },
      "geometry": {
        "type": "Point",
        "coordinates": [
          4.13156,
          50.56005
        ]
      }
    },
    {
      "type": "Feature",
      "properties": {
        "id": "SEQ_6227__L_LMGN",
        "name": null,
        "nuts3": "AT127"
      },
      "geometry": {
        "type": "Point",
        "coordinates": [
          16.46971,
          48.06848
        ]
      }
    },
    {
      "type": "Feature",
      "properties": {
        "id": "SEQ_10681__S_LMGN",
        "name": null,
        "nuts3": "ES220"
      },
      "geometry": {
        "type": "Point",
        "coordinates": [
          -1.74147,
          42.46354
        ]
      }
    },
    {
      "type": "Feature",
      "properties": {
        "id": "SEQ_3153__M_LMGN",
        "name": null,
        "nuts3": "BG332"
      },
      "geometry": {
        "type": "Point",
        "coordinates": [
          27.50012,
          43.61444
        ]
      }
    },
    {
      "type": "Feature",
      "properties": {
        "id": "SEQ_6989__L_LMGN",
        "name": null,
        "nuts3": "BG332"
      },
      "geometry": {
        "type": "Point",
        "coordinates": [
          27.64318,
          43.7848
        ]
      }
    },
    {
      "type": "Feature",
      "properties": {
        "id": "N_171_L_LMGN",
        "name": null,
        "nuts3": null
      },
      "geometry": {
        "type": "Point",
        "coordinates": [
          38.37743,
          49.18551
        ]
      }
    },
    {
      "type": "Feature",
      "properties": {
        "id": "N_125_L_LMGN",
        "name": null,
        "nuts3": null
      },
      "geometry": {
        "type": "Point",
        "coordinates": [
          38.95408,
          49.64027
        ]
      }
    },
    {
      "type": "Feature",
      "properties": {
        "id": "N_269_M_LMGN",
        "name": null,
        "nuts3": "LV007"
      },
      "geometry": {
        "type": "Point",
        "coordinates": [
          24.75176,
          56.87709
        ]
      }
    },
    {
      "type": "Feature",
      "properties": {
        "id": "SEQ_4379__L_LMGN",
        "name": null,
        "nuts3": "FRF33"
      },
      "geometry": {
        "type": "Point",
        "coordinates": [
          7.0213,
          49.03975
        ]
      }
    },
    {
      "type": "Feature",
      "properties": {
        "id": "SEQ_2569_p",
        "name": null,
        "nuts3": "NL324"
      },
      "geometry": {
        "type": "Point",
        "coordinates": [
          4.68937,
          52.39792
        ]
      }
    },
    {
      "type": "Feature",
      "properties": {
        "id": "N_275_L_LMGN",
        "name": null,
        "nuts3": "UKH24"
      },
      "geometry": {
        "type": "Point",
        "coordinates": [
          -0.36857,
          52.19532
        ]
      }
    },
    {
      "type": "Feature",
      "properties": {
        "id": "SEQ_1291__L_LMGN",
        "name": null,
        "nuts3": "FRG01"
      },
      "geometry": {
        "type": "Point",
        "coordinates": [
          -2.04612,
          47.3998
        ]
      }
    },
    {
      "type": "Feature",
      "properties": {
        "id": "SEQ_2707__L_LMGN",
        "name": null,
        "nuts3": "ITG17"
      },
      "geometry": {
        "type": "Point",
        "coordinates": [
          14.80598,
          37.74855
        ]
      }
    },
    {
      "type": "Feature",
      "properties": {
        "id": "SEQ_6855__L_LMGN",
        "name": null,
        "nuts3": "AT126"
      },
      "geometry": {
        "type": "Point",
        "coordinates": [
          16.56908,
          48.40221
        ]
      }
    },
    {
      "type": "Feature",
      "properties": {
        "id": "N_2460_S_LMGN",
        "name": null,
        "nuts3": "CH033"
      },
      "geometry": {
        "type": "Point",
        "coordinates": [
          7.98802,
          47.42002
        ]
      }
    },
    {
      "type": "Feature",
      "properties": {
        "id": "N_709_S_LMGN",
        "name": null,
        "nuts3": "TR622"
      },
      "geometry": {
        "type": "Point",
        "coordinates": [
          34.8893,
          36.90588
        ]
      }
    },
    {
      "type": "Feature",
      "properties": {
        "id": "SEQ_7771__L_LMGN",
        "name": null,
        "nuts3": "TRC13"
      },
      "geometry": {
        "type": "Point",
        "coordinates": [
          36.93406,
          37.03895
        ]
      }
    },
    {
      "type": "Feature",
      "properties": {
        "id": "N_222_L_LMGN",
        "name": null,
        "nuts3": "TRC11"
      },
      "geometry": {
        "type": "Point",
        "coordinates": [
          36.81192,
          37.19668
        ]
      }
    },
    {
      "type": "Feature",
      "properties": {
        "id": "SEQ_1229__L_LMGN",
        "name": null,
        "nuts3": null
      },
      "geometry": {
        "type": "Point",
        "coordinates": [
          30.23846,
          52.44635
        ]
      }
    },
    {
      "type": "Feature",
      "properties": {
        "id": "N_78_L_LMGN",
        "name": null,
        "nuts3": null
      },
      "geometry": {
        "type": "Point",
        "coordinates": [
          24.93629,
          49.47946
        ]
      }
    },
    {
      "type": "Feature",
      "properties": {
        "id": "N_180_L_LMGN",
        "name": null,
        "nuts3": null
      },
      "geometry": {
        "type": "Point",
        "coordinates": [
          24.3779,
          49.15797
        ]
      }
    },
    {
      "type": "Feature",
      "properties": {
        "id": "N_247_L_LMGN",
        "name": null,
        "nuts3": null
      },
      "geometry": {
        "type": "Point",
        "coordinates": [
          24.31951,
          48.91006
        ]
      }
    },
    {
      "type": "Feature",
      "properties": {
        "id": "N_276_L_LMGN",
        "name": null,
        "nuts3": "FR102"
      },
      "geometry": {
        "type": "Point",
        "coordinates": [
          2.79864,
          48.70816
        ]
      }
    },
    {
      "type": "Feature",
      "properties": {
        "id": "N_195_L_LMGN",
        "name": null,
        "nuts3": "FR102"
      },
      "geometry": {
        "type": "Point",
        "coordinates": [
          2.61956,
          48.81197
        ]
      }
    },
    {
      "type": "Feature",
      "properties": {
        "id": "SEQ_7487__L_LMGN",
        "name": null,
        "nuts3": "FR102"
      },
      "geometry": {
        "type": "Point",
        "coordinates": [
          2.76169,
          48.31402
        ]
      }
    },
    {
      "type": "Feature",
      "properties": {
        "id": "SEQ_7__M_LMGN",
        "name": null,
        "nuts3": "TRA22"
      },
      "geometry": {
        "type": "Point",
        "coordinates": [
          42.48034,
          40.2717
        ]
      }
    },
    {
      "type": "Feature",
      "properties": {
        "id": "SEQ_17__M_LMGN",
        "name": null,
        "nuts3": "TRA24"
      },
      "geometry": {
        "type": "Point",
        "coordinates": [
          42.84901,
          40.7325
        ]
      }
    },
    {
      "type": "Feature",
      "properties": {
        "id": "SEQ_1387__L_LMGN",
        "name": null,
        "nuts3": "FRK11"
      },
      "geometry": {
        "type": "Point",
        "coordinates": [
          3.29905,
          46.38932
        ]
      }
    },
    {
      "type": "Feature",
      "properties": {
        "id": "N_1366_S_LMGN",
        "name": null,
        "nuts3": "FRK11"
      },
      "geometry": {
        "type": "Point",
        "coordinates": [
          3.34849,
          46.28444
        ]
      }
    },
    {
      "type": "Feature",
      "properties": {
        "id": "N_1354_S_LMGN",
        "name": null,
        "nuts3": "FRK25"
      },
      "geometry": {
        "type": "Point",
        "coordinates": [
          3.89774,
          45.79589
        ]
      }
    },
    {
      "type": "Feature",
      "properties": {
        "id": "SEQ_4013__L_LMGN",
        "name": null,
        "nuts3": "TR521"
      },
      "geometry": {
        "type": "Point",
        "coordinates": [
          32.48295,
          37.96933
        ]
      }
    },
    {
      "type": "Feature",
      "properties": {
        "id": "SEQ_2657_p",
        "name": null,
        "nuts3": "TR712"
      },
      "geometry": {
        "type": "Point",
        "coordinates": [
          33.4835,
          38.10785
        ]
      }
    },
    {
      "type": "Feature",
      "properties": {
        "id": "SEQ_4031__L_LMGN",
        "name": null,
        "nuts3": "TR712"
      },
      "geometry": {
        "type": "Point",
        "coordinates": [
          33.77123,
          38.22552
        ]
      }
    },
    {
      "type": "Feature",
      "properties": {
        "id": "N_176_L_LMGN",
        "name": null,
        "nuts3": "TR714"
      },
      "geometry": {
        "type": "Point",
        "coordinates": [
          34.45331,
          38.88952
        ]
      }
    },
    {
      "type": "Feature",
      "properties": {
        "id": "N_221_L_LMGN",
        "name": null,
        "nuts3": "TR722"
      },
      "geometry": {
        "type": "Point",
        "coordinates": [
          36.96522,
          39.30587
        ]
      }
    },
    {
      "type": "Feature",
      "properties": {
        "id": "SEQ_3245__M_LMGN",
        "name": null,
        "nuts3": "BG421"
      },
      "geometry": {
        "type": "Point",
        "coordinates": [
          25.11446,
          42.27534
        ]
      }
    },
    {
      "type": "Feature",
      "properties": {
        "id": "INET_N_1550",
        "name": null,
        "nuts3": "BG344"
      },
      "geometry": {
        "type": "Point",
        "coordinates": [
          25.638,
          42.435
        ]
      }
    },
    {
      "type": "Feature",
      "properties": {
        "id": "SEQ_3239__M_LMGN",
        "name": null,
        "nuts3": "BG421"
      },
      "geometry": {
        "type": "Point",
        "coordinates": [
          24.73179,
          42.26338
        ]
      }
    },
    {
      "type": "Feature",
      "properties": {
        "id": "SEQ_3233__M_LMGN",
        "name": null,
        "nuts3": "BG423"
      },
      "geometry": {
        "type": "Point",
        "coordinates": [
          24.37101,
          42.35943
        ]
      }
    },
    {
      "type": "Feature",
      "properties": {
        "id": "N_531_S_LMGN",
        "name": null,
        "nuts3": "ITF45"
      },
      "geometry": {
        "type": "Point",
        "coordinates": [
          18.09554,
          40.2416
        ]
      }
    },
    {
      "type": "Feature",
      "properties": {
        "id": "N_60_L_LMGN",
        "name": null,
        "nuts3": "FRB03"
      },
      "geometry": {
        "type": "Point",
        "coordinates": [
          1.52065,
          46.86192
        ]
      }
    },
    {
      "type": "Feature",
      "properties": {
        "id": "N_210_L_LMGN",
        "name": null,
        "nuts3": "FRB05"
      },
      "geometry": {
        "type": "Point",
        "coordinates": [
          2.04884,
          47.43243
        ]
      }
    },
    {
      "type": "Feature",
      "properties": {
        "id": "SEQ_7497__L_LMGN",
        "name": null,
        "nuts3": "FRB05"
      },
      "geometry": {
        "type": "Point",
        "coordinates": [
          2.14641,
          47.61455
        ]
      }
    },
    {
      "type": "Feature",
      "properties": {
        "id": "SEQ_7493__L_LMGN",
        "name": null,
        "nuts3": "FRB06"
      },
      "geometry": {
        "type": "Point",
        "coordinates": [
          2.37415,
          47.90658
        ]
      }
    },
    {
      "type": "Feature",
      "properties": {
        "id": "SEQ_717__M_LMGN",
        "name": null,
        "nuts3": "PT170"
      },
      "geometry": {
        "type": "Point",
        "coordinates": [
          -8.84418,
          38.70361
        ]
      }
    },
    {
      "type": "Feature",
      "properties": {
        "id": "N_79_M_LMGN",
        "name": null,
        "nuts3": "PT16B"
      },
      "geometry": {
        "type": "Point",
        "coordinates": [
          -8.94918,
          39.00943
        ]
      }
    },
    {
      "type": "Feature",
      "properties": {
        "id": "SEQ_10029__M_LMGN",
        "name": null,
        "nuts3": "FRI13"
      },
      "geometry": {
        "type": "Point",
        "coordinates": [
          -0.10918,
          44.10396
        ]
      }
    },
    {
      "type": "Feature",
      "properties": {
        "id": "SEQ_10033__M_LMGN",
        "name": null,
        "nuts3": "FRJ24"
      },
      "geometry": {
        "type": "Point",
        "coordinates": [
          -0.09632,
          43.84758
        ]
      }
    },
    {
      "type": "Feature",
      "properties": {
        "id": "N_1717_S_LMGN",
        "name": null,
        "nuts3": "FRI12"
      },
      "geometry": {
        "type": "Point",
        "coordinates": [
          -0.3993,
          44.60924
        ]
      }
    },
    {
      "type": "Feature",
      "properties": {
        "id": "N_299_S_LMGN",
        "name": null,
        "nuts3": null
      },
      "geometry": {
        "type": "Point",
        "coordinates": [
          5.42425,
          53.20412
        ]
      }
    },
    {
      "type": "Feature",
      "properties": {
        "id": "N_188_L_LMGN",
        "name": null,
        "nuts3": "UKH14"
      },
      "geometry": {
        "type": "Point",
        "coordinates": [
          1.02785,
          52.20637
        ]
      }
    },
    {
      "type": "Feature",
      "properties": {
        "id": "N_143_L_LMGN",
        "name": null,
        "nuts3": "UKH36"
      },
      "geometry": {
        "type": "Point",
        "coordinates": [
          0.31713,
          51.64067
        ]
      }
    },
    {
      "type": "Feature",
      "properties": {
        "id": "SEQ_2735_p",
        "name": null,
        "nuts3": "UKH34"
      },
      "geometry": {
        "type": "Point",
        "coordinates": [
          0.66049,
          51.99263
        ]
      }
    },
    {
      "type": "Feature",
      "properties": {
        "id": "N_1805_S_LMGN",
        "name": null,
        "nuts3": "ES243"
      },
      "geometry": {
        "type": "Point",
        "coordinates": [
          -0.18786,
          41.25945
        ]
      }
    },
    {
      "type": "Feature",
      "properties": {
        "id": "N_1804_S_LMGN",
        "name": null,
        "nuts3": "ES241"
      },
      "geometry": {
        "type": "Point",
        "coordinates": [
          0.41085,
          41.807
        ]
      }
    },
    {
      "type": "Feature",
      "properties": {
        "id": "SEQ_5979__L_LMGN",
        "name": null,
        "nuts3": "FRF32"
      },
      "geometry": {
        "type": "Point",
        "coordinates": [
          5.11883,
          49.11045
        ]
      }
    },
    {
      "type": "Feature",
      "properties": {
        "id": "SEQ_5987__L_LMGN",
        "name": null,
        "nuts3": "FRF32"
      },
      "geometry": {
        "type": "Point",
        "coordinates": [
          5.43411,
          48.72557
        ]
      }
    },
    {
      "type": "Feature",
      "properties": {
        "id": "SEQ_10707__M_LMGN",
        "name": null,
        "nuts3": "FRF31"
      },
      "geometry": {
        "type": "Point",
        "coordinates": [
          5.99258,
          48.80668
        ]
      }
    },
    {
      "type": "Feature",
      "properties": {
        "id": "N_2336_S_LMGN",
        "name": null,
        "nuts3": "ITF52"
      },
      "geometry": {
        "type": "Point",
        "coordinates": [
          16.34905,
          40.48229
        ]
      }
    },
    {
      "type": "Feature",
      "properties": {
        "id": "SEQ_20137__S_LMGN",
        "name": null,
        "nuts3": "ITF52"
      },
      "geometry": {
        "type": "Point",
        "coordinates": [
          16.50175,
          40.65902
        ]
      }
    },
    {
      "type": "Feature",
      "properties": {
        "id": "N_2501_S_LMGN",
        "name": null,
        "nuts3": "RS124"
      },
      "geometry": {
        "type": "Point",
        "coordinates": [
          20.47183,
          45.64178
        ]
      }
    },
    {
      "type": "Feature",
      "properties": {
        "id": "SEQ_6733__M_LMGN",
        "name": null,
        "nuts3": "RS124"
      },
      "geometry": {
        "type": "Point",
        "coordinates": [
          20.20237,
          45.91425
        ]
      }
    },
    {
      "type": "Feature",
      "properties": {
        "id": "N_502_M_LMGN",
        "name": null,
        "nuts3": "RS124"
      },
      "geometry": {
        "type": "Point",
        "coordinates": [
          20.00642,
          45.90172
        ]
      }
    },
    {
      "type": "Feature",
      "properties": {
        "id": "N_2098_S_LMGN",
        "name": null,
        "nuts3": "ITH34"
      },
      "geometry": {
        "type": "Point",
        "coordinates": [
          12.12903,
          45.96025
        ]
      }
    },
    {
      "type": "Feature",
      "properties": {
        "id": "N_253_L_LMGN",
        "name": null,
        "nuts3": "FR108"
      },
      "geometry": {
        "type": "Point",
        "coordinates": [
          1.90604,
          49.07027
        ]
      }
    },
    {
      "type": "Feature",
      "properties": {
        "id": "N_287_L_LMGN",
        "name": null,
        "nuts3": "FR108"
      },
      "geometry": {
        "type": "Point",
        "coordinates": [
          1.72489,
          49.08491
        ]
      }
    },
    {
      "type": "Feature",
      "properties": {
        "id": "SEQ_6535__L_LMGN",
        "name": null,
        "nuts3": "FRD21"
      },
      "geometry": {
        "type": "Point",
        "coordinates": [
          1.51133,
          49.15035
        ]
      }
    },
    {
      "type": "Feature",
      "properties": {
        "id": "N_1425_S_LMGN",
        "name": null,
        "nuts3": "FRD21"
      },
      "geometry": {
        "type": "Point",
        "coordinates": [
          1.44983,
          49.11108
        ]
      }
    },
    {
      "type": "Feature",
      "properties": {
        "id": "N_2182_S_LMGN",
        "name": null,
        "nuts3": "FRB02"
      },
      "geometry": {
        "type": "Point",
        "coordinates": [
          1.48717,
          48.88089
        ]
      }
    },
    {
      "type": "Feature",
      "properties": {
        "id": "SEQ_15277__S_LMGN",
        "name": null,
        "nuts3": "FRB04"
      },
      "geometry": {
        "type": "Point",
        "coordinates": [
          1.04472,
          47.47168
        ]
      }
    },
    {
      "type": "Feature",
      "properties": {
        "id": "N_1729_S_LMGN",
        "name": null,
        "nuts3": "FRB05"
      },
      "geometry": {
        "type": "Point",
        "coordinates": [
          1.36453,
          47.48062
        ]
      }
    },
    {
      "type": "Feature",
      "properties": {
        "id": "N_2000_S_LMGN",
        "name": null,
        "nuts3": "FRB04"
      },
      "geometry": {
        "type": "Point",
        "coordinates": [
          0.94843,
          47.41602
        ]
      }
    },
    {
      "type": "Feature",
      "properties": {
        "id": "N_2001_S_LMGN",
        "name": null,
        "nuts3": "FRB04"
      },
      "geometry": {
        "type": "Point",
        "coordinates": [
          0.73825,
          47.4971
        ]
      }
    },
    {
      "type": "Feature",
      "properties": {
        "id": "SEQ_4371__L_LMGN",
        "name": null,
        "nuts3": "FRB05"
      },
      "geometry": {
        "type": "Point",
        "coordinates": [
          1.12607,
          48.01633
        ]
      }
    },
    {
      "type": "Feature",
      "properties": {
        "id": "SEQ_4367__L_LMGN",
        "name": null,
        "nuts3": "FRB02"
      },
      "geometry": {
        "type": "Point",
        "coordinates": [
          0.88759,
          48.18545
        ]
      }
    },
    {
      "type": "Feature",
      "properties": {
        "id": "N_294_S_LMGN",
        "name": null,
        "nuts3": "EE008"
      },
      "geometry": {
        "type": "Point",
        "coordinates": [
          26.78436,
          58.27577
        ]
      }
    },
    {
      "type": "Feature",
      "properties": {
        "id": "N_772_S_LMGN",
        "name": null,
        "nuts3": "EE008"
      },
      "geometry": {
        "type": "Point",
        "coordinates": [
          27.34457,
          57.64219
        ]
      }
    },
    {
      "type": "Feature",
      "properties": {
        "id": "N_460_M_LMGN",
        "name": null,
        "nuts3": "LV009"
      },
      "geometry": {
        "type": "Point",
        "coordinates": [
          24.49791,
          56.62862
        ]
      }
    },
    {
      "type": "Feature",
      "properties": {
        "id": "N_960_S_LMGN",
        "name": null,
        "nuts3": "AT223"
      },
      "geometry": {
        "type": "Point",
        "coordinates": [
          15.13861,
          47.3518
        ]
      }
    },
    {
      "type": "Feature",
      "properties": {
        "id": "SEQ_3663__L_LMGN",
        "name": null,
        "nuts3": "CZ042"
      },
      "geometry": {
        "type": "Point",
        "coordinates": [
          13.8079,
          50.49941
        ]
      }
    },
    {
      "type": "Feature",
      "properties": {
        "id": "SEQ_2835_p",
        "name": null,
        "nuts3": "PL638"
      },
      "geometry": {
        "type": "Point",
        "coordinates": [
          18.9314,
          53.61129
        ]
      }
    },
    {
      "type": "Feature",
      "properties": {
        "id": "SEQ_5233__M_LMGN",
        "name": null,
        "nuts3": "PL638"
      },
      "geometry": {
        "type": "Point",
        "coordinates": [
          18.73437,
          54.05928
        ]
      }
    },
    {
      "type": "Feature",
      "properties": {
        "id": "SEQ_6861__S_LMGN",
        "name": null,
        "nuts3": "PL634"
      },
      "geometry": {
        "type": "Point",
        "coordinates": [
          18.59847,
          54.2604
        ]
      }
    },
    {
      "type": "Feature",
      "properties": {
        "id": "SEQ_2819__S_LMGN",
        "name": null,
        "nuts3": "PL634"
      },
      "geometry": {
        "type": "Point",
        "coordinates": [
          18.4137,
          54.57301
        ]
      }
    },
    {
      "type": "Feature",
      "properties": {
        "id": "SEQ_2733__L_LMGN",
        "name": null,
        "nuts3": "PL426"
      },
      "geometry": {
        "type": "Point",
        "coordinates": [
          16.0727,
          53.93496
        ]
      }
    },
    {
      "type": "Feature",
      "properties": {
        "id": "Stor_EU_117",
        "name": null,
        "nuts3": "NL111"
      },
      "geometry": {
        "type": "Point",
        "coordinates": [
          7.06435,
          53.05043
        ]
      }
    },
    {
      "type": "Feature",
      "properties": {
        "id": "SEQ_757__L_LMGN",
        "name": null,
        "nuts3": "UKM50"
      },
      "geometry": {
        "type": "Point",
        "coordinates": [
          -2.00442,
          57.57099
        ]
      }
    },
    {
      "type": "Feature",
      "properties": {
        "id": "N_33_L_LMGN",
        "name": null,
        "nuts3": "UKM50"
      },
      "geometry": {
        "type": "Point",
        "coordinates": [
          -2.57489,
          56.96486
        ]
      }
    },
    {
      "type": "Feature",
      "properties": {
        "id": "SEQ_2874_p",
        "name": null,
        "nuts3": "UKM50"
      },
      "geometry": {
        "type": "Point",
        "coordinates": [
          -1.95816,
          57.39736
        ]
      }
    },
    {
      "type": "Feature",
      "properties": {
        "id": "N_462_M_LMGN",
        "name": null,
        "nuts3": "LT022"
      },
      "geometry": {
        "type": "Point",
        "coordinates": [
          24.37431,
          54.94591
        ]
      }
    },
    {
      "type": "Feature",
      "properties": {
        "id": "SEQ_6409__M_LMGN",
        "name": null,
        "nuts3": "LT022"
      },
      "geometry": {
        "type": "Point",
        "coordinates": [
          23.96134,
          55.03966
        ]
      }
    },
    {
      "type": "Feature",
      "properties": {
        "id": "N_218_L_LMGN",
        "name": null,
        "nuts3": null
      },
      "geometry": {
        "type": "Point",
        "coordinates": [
          38.09493,
          49.03541
        ]
      }
    },
    {
      "type": "Feature",
      "properties": {
        "id": "SEQ_589__M_LMGN",
        "name": null,
        "nuts3": null
      },
      "geometry": {
        "type": "Point",
        "coordinates": [
          24.64262,
          49.9657
        ]
      }
    },
    {
      "type": "Feature",
      "properties": {
        "id": "SEQ_3257__M_LMGN",
        "name": null,
        "nuts3": "BG342"
      },
      "geometry": {
        "type": "Point",
        "coordinates": [
          25.9036,
          42.38434
        ]
      }
    },
    {
      "type": "Feature",
      "properties": {
        "id": "SEQ_3267__M_LMGN",
        "name": null,
        "nuts3": "BG342"
      },
      "geometry": {
        "type": "Point",
        "coordinates": [
          26.42037,
          42.73045
        ]
      }
    },
    {
      "type": "Feature",
      "properties": {
        "id": "SEQ_3271__M_LMGN",
        "name": null,
        "nuts3": "BG341"
      },
      "geometry": {
        "type": "Point",
        "coordinates": [
          26.6777,
          42.80942
        ]
      }
    },
    {
      "type": "Feature",
      "properties": {
        "id": "SEQ_10825__M_LMGN",
        "name": null,
        "nuts3": "FRH03"
      },
      "geometry": {
        "type": "Point",
        "coordinates": [
          -1.73611,
          48.26056
        ]
      }
    },
    {
      "type": "Feature",
      "properties": {
        "id": "SEQ_10417__S_LMGN",
        "name": null,
        "nuts3": "CZ063"
      },
      "geometry": {
        "type": "Point",
        "coordinates": [
          15.68507,
          49.42868
        ]
      }
    },
    {
      "type": "Feature",
      "properties": {
        "id": "SEQ_2917_p",
        "name": null,
        "nuts3": "CZ020"
      },
      "geometry": {
        "type": "Point",
        "coordinates": [
          15.21486,
          49.98071
        ]
      }
    },
    {
      "type": "Feature",
      "properties": {
        "id": "SEQ_3975__L_LMGN",
        "name": null,
        "nuts3": null
      },
      "geometry": {
        "type": "Point",
        "coordinates": [
          34.45185,
          45.60717
        ]
      }
    },
    {
      "type": "Feature",
      "properties": {
        "id": "Prod_3",
        "name": null,
        "nuts3": null
      },
      "geometry": {
        "type": "Point",
        "coordinates": [
          36.37273,
          45.42187
        ]
      }
    },
    {
      "type": "Feature",
      "properties": {
        "id": "SEQ_6833__L_LMGN",
        "name": null,
        "nuts3": "PL431"
      },
      "geometry": {
        "type": "Point",
        "coordinates": [
          15.5944,
          52.44416
        ]
      }
    },
    {
      "type": "Feature",
      "properties": {
        "id": "SEQ_867__L_LMGN",
        "name": null,
        "nuts3": "ES611"
      },
      "geometry": {
        "type": "Point",
        "coordinates": [
          -1.98259,
          37.51888
        ]
      }
    },
    {
      "type": "Feature",
      "properties": {
        "id": "SEQ_8235__L_LMGN",
        "name": null,
        "nuts3": "UKH23"
      },
      "geometry": {
        "type": "Point",
        "coordinates": [
          -0.29046,
          51.87126
        ]
      }
    },
    {
      "type": "Feature",
      "properties": {
        "id": "N_274_L_LMGN",
        "name": null,
        "nuts3": "UKH25"
      },
      "geometry": {
        "type": "Point",
        "coordinates": [
          -0.59421,
          51.88324
        ]
      }
    },
    {
      "type": "Feature",
      "properties": {
        "id": "SEQ_7459__L_LMGN",
        "name": null,
        "nuts3": "UKJ14"
      },
      "geometry": {
        "type": "Point",
        "coordinates": [
          -1.22701,
          51.54163
        ]
      }
    },
    {
      "type": "Feature",
      "properties": {
        "id": "SEQ_7423__L_LMGN",
        "name": null,
        "nuts3": "UKF30"
      },
      "geometry": {
        "type": "Point",
        "coordinates": [
          -0.37816,
          52.97075
        ]
      }
    },
    {
      "type": "Feature",
      "properties": {
        "id": "SEQ_1315__M_LMGN",
        "name": null,
        "nuts3": "HU331"
      },
      "geometry": {
        "type": "Point",
        "coordinates": [
          19.20998,
          46.31126
        ]
      }
    },
    {
      "type": "Feature",
      "properties": {
        "id": "N_131_M_LMGN",
        "name": null,
        "nuts3": "HU331"
      },
      "geometry": {
        "type": "Point",
        "coordinates": [
          19.36123,
          46.41836
        ]
      }
    },
    {
      "type": "Feature",
      "properties": {
        "id": "SEQ_5303__M_LMGN",
        "name": null,
        "nuts3": "HU331"
      },
      "geometry": {
        "type": "Point",
        "coordinates": [
          19.47496,
          46.57534
        ]
      }
    },
    {
      "type": "Feature",
      "properties": {
        "id": "N_498_M_LMGN",
        "name": null,
        "nuts3": "HU331"
      },
      "geometry": {
        "type": "Point",
        "coordinates": [
          19.56142,
          46.74557
        ]
      }
    },
    {
      "type": "Feature",
      "properties": {
        "id": "SEQ_5309__L_LMGN",
        "name": null,
        "nuts3": "SK010"
      },
      "geometry": {
        "type": "Point",
        "coordinates": [
          16.96578,
          48.4345
        ]
      }
    },
    {
      "type": "Feature",
      "properties": {
        "id": "SEQ_5861__L_LMGN",
        "name": null,
        "nuts3": "PL822"
      },
      "geometry": {
        "type": "Point",
        "coordinates": [
          22.67373,
          49.88225
        ]
      }
    },
    {
      "type": "Feature",
      "properties": {
        "id": "SEQ_14521__S_LMGN",
        "name": null,
        "nuts3": "PL822"
      },
      "geometry": {
        "type": "Point",
        "coordinates": [
          22.94182,
          50.01485
        ]
      }
    },
    {
      "type": "Feature",
      "properties": {
        "id": "SEQ_661__M_LMGN",
        "name": null,
        "nuts3": "ES615"
      },
      "geometry": {
        "type": "Point",
        "coordinates": [
          -6.76208,
          37.18769
        ]
      }
    },
    {
      "type": "Feature",
      "properties": {
        "id": "INET_N_698",
        "name": null,
        "nuts3": "ES615"
      },
      "geometry": {
        "type": "Point",
        "coordinates": [
          -6.9508,
          37.2583
        ]
      }
    },
    {
      "type": "Feature",
      "properties": {
        "id": "SEQ_657__M_LMGN",
        "name": null,
        "nuts3": "ES615"
      },
      "geometry": {
        "type": "Point",
        "coordinates": [
          -6.47181,
          37.2135
        ]
      }
    },
    {
      "type": "Feature",
      "properties": {
        "id": "N_1356_S_LMGN",
        "name": null,
        "nuts3": "FRK26"
      },
      "geometry": {
        "type": "Point",
        "coordinates": [
          4.7471,
          45.54465
        ]
      }
    },
    {
      "type": "Feature",
      "properties": {
        "id": "SEQ_4115__S_LMGN",
        "name": null,
        "nuts3": "NL332"
      },
      "geometry": {
        "type": "Point",
        "coordinates": [
          4.31021,
          52.07049
        ]
      }
    },
    {
      "type": "Feature",
      "properties": {
        "id": "SEQ_5417__M_LMGN",
        "name": null,
        "nuts3": "UKC11"
      },
      "geometry": {
        "type": "Point",
        "coordinates": [
          -1.31418,
          54.64446
        ]
      }
    },
    {
      "type": "Feature",
      "properties": {
        "id": "SEQ_843__L_LMGN",
        "name": null,
        "nuts3": "UKD63"
      },
      "geometry": {
        "type": "Point",
        "coordinates": [
          -2.85353,
          53.21672
        ]
      }
    },
    {
      "type": "Feature",
      "properties": {
        "id": "N_414_M_LMGN",
        "name": null,
        "nuts3": "UKD63"
      },
      "geometry": {
        "type": "Point",
        "coordinates": [
          -2.72757,
          53.14942
        ]
      }
    },
    {
      "type": "Feature",
      "properties": {
        "id": "N_409_M_LMGN",
        "name": null,
        "nuts3": "UKD71"
      },
      "geometry": {
        "type": "Point",
        "coordinates": [
          -2.6801,
          53.3198
        ]
      }
    },
    {
      "type": "Feature",
      "properties": {
        "id": "N_1829_S_LMGN",
        "name": null,
        "nuts3": "ITC48"
      },
      "geometry": {
        "type": "Point",
        "coordinates": [
          9.36319,
          45.15885
        ]
      }
    },
    {
      "type": "Feature",
      "properties": {
        "id": "SEQ_10331__M_LMGN",
        "name": null,
        "nuts3": null
      },
      "geometry": {
        "type": "Point",
        "coordinates": [
          24.91559,
          49.06164
        ]
      }
    },
    {
      "type": "Feature",
      "properties": {
        "id": "SEQ_5821__S_LMGN",
        "name": null,
        "nuts3": "RO412"
      },
      "geometry": {
        "type": "Point",
        "coordinates": [
          23.69638,
          44.85173
        ]
      }
    },
    {
      "type": "Feature",
      "properties": {
        "id": "N_209_S_LMGN",
        "name": null,
        "nuts3": "RO415"
      },
      "geometry": {
        "type": "Point",
        "coordinates": [
          24.11808,
          44.76253
        ]
      }
    },
    {
      "type": "Feature",
      "properties": {
        "id": "SEQ_7371__S_LMGN",
        "name": null,
        "nuts3": "RO414"
      },
      "geometry": {
        "type": "Point",
        "coordinates": [
          24.34312,
          44.74216
        ]
      }
    },
    {
      "type": "Feature",
      "properties": {
        "id": "N_421_M_LMGN",
        "name": null,
        "nuts3": "RO311"
      },
      "geometry": {
        "type": "Point",
        "coordinates": [
          24.72517,
          44.70743
        ]
      }
    },
    {
      "type": "Feature",
      "properties": {
        "id": "SEQ_4463__M_LMGN",
        "name": null,
        "nuts3": "RO311"
      },
      "geometry": {
        "type": "Point",
        "coordinates": [
          24.81207,
          44.65129
        ]
      }
    },
    {
      "type": "Feature",
      "properties": {
        "id": "SEQ_4467__M_LMGN",
        "name": null,
        "nuts3": "RO313"
      },
      "geometry": {
        "type": "Point",
        "coordinates": [
          25.22442,
          44.61273
        ]
      }
    },
    {
      "type": "Feature",
      "properties": {
        "id": "SEQ_4471__M_LMGN",
        "name": null,
        "nuts3": "RO313"
      },
      "geometry": {
        "type": "Point",
        "coordinates": [
          25.54358,
          44.57945
        ]
      }
    },
    {
      "type": "Feature",
      "properties": {
        "id": "SEQ_3018_p",
        "name": null,
        "nuts3": "RO314"
      },
      "geometry": {
        "type": "Point",
        "coordinates": [
          25.89035,
          44.53626
        ]
      }
    },
    {
      "type": "Feature",
      "properties": {
        "id": "SEQ_4477__M_LMGN",
        "name": null,
        "nuts3": "RO321"
      },
      "geometry": {
        "type": "Point",
        "coordinates": [
          26.06913,
          44.48887
        ]
      }
    },
    {
      "type": "Feature",
      "properties": {
        "id": "SEQ_6349__M_LMGN",
        "name": null,
        "nuts3": "LT026"
      },
      "geometry": {
        "type": "Point",
        "coordinates": [
          22.67096,
          55.98887
        ]
      }
    },
    {
      "type": "Feature",
      "properties": {
        "id": "SEQ_1257__S_LMGN",
        "name": null,
        "nuts3": "LT028"
      },
      "geometry": {
        "type": "Point",
        "coordinates": [
          22.02147,
          55.86502
        ]
      }
    },
    {
      "type": "Feature",
      "properties": {
        "id": "SEQ_3035_p",
        "name": null,
        "nuts3": "TR413"
      },
      "geometry": {
        "type": "Point",
        "coordinates": [
          30.22222,
          40.33014
        ]
      }
    },
    {
      "type": "Feature",
      "properties": {
        "id": "SEQ_3038_p",
        "name": null,
        "nuts3": null
      },
      "geometry": {
        "type": "Point",
        "coordinates": [
          2.15645,
          41.31939
        ]
      }
    },
    {
      "type": "Feature",
      "properties": {
        "id": "SEQ_3173__M_LMGN",
        "name": null,
        "nuts3": "BG334"
      },
      "geometry": {
        "type": "Point",
        "coordinates": [
          26.15127,
          43.40512
        ]
      }
    },
    {
      "type": "Feature",
      "properties": {
        "id": "SEQ_3183__M_LMGN",
        "name": null,
        "nuts3": "BG321"
      },
      "geometry": {
        "type": "Point",
        "coordinates": [
          25.49696,
          43.28016
        ]
      }
    },
    {
      "type": "Feature",
      "properties": {
        "id": "N_746_S_LMGN",
        "name": null,
        "nuts3": "PL821"
      },
      "geometry": {
        "type": "Point",
        "coordinates": [
          21.55764,
          49.78694
        ]
      }
    },
    {
      "type": "Feature",
      "properties": {
        "id": "INET_N_1567",
        "name": null,
        "nuts3": "PL821"
      },
      "geometry": {
        "type": "Point",
        "coordinates": [
          22.072274,
          49.62671
        ]
      }
    },
    {
      "type": "Feature",
      "properties": {
        "id": "N_989_S_LMGN",
        "name": null,
        "nuts3": "PL823"
      },
      "geometry": {
        "type": "Point",
        "coordinates": [
          21.70701,
          50.12622
        ]
      }
    },
    {
      "type": "Feature",
      "properties": {
        "id": "SEQ_5727__L_LMGN",
        "name": null,
        "nuts3": "HU321"
      },
      "geometry": {
        "type": "Point",
        "coordinates": [
          21.42822,
          47.63409
        ]
      }
    },
    {
      "type": "Feature",
      "properties": {
        "id": "SEQ_5735__L_LMGN",
        "name": null,
        "nuts3": "HU323"
      },
      "geometry": {
        "type": "Point",
        "coordinates": [
          21.95699,
          47.89136
        ]
      }
    },
    {
      "type": "Feature",
      "properties": {
        "id": "SEQ_5741__L_LMGN",
        "name": null,
        "nuts3": "HU323"
      },
      "geometry": {
        "type": "Point",
        "coordinates": [
          22.25787,
          48.0877
        ]
      }
    },
    {
      "type": "Feature",
      "properties": {
        "id": "N_1217_S_LMGN",
        "name": null,
        "nuts3": "ITF51"
      },
      "geometry": {
        "type": "Point",
        "coordinates": [
          15.73468,
          40.62951
        ]
      }
    },
    {
      "type": "Feature",
      "properties": {
        "id": "SEQ_3733__L_LMGN",
        "name": null,
        "nuts3": "ITF51"
      },
      "geometry": {
        "type": "Point",
        "coordinates": [
          15.94631,
          40.83469
        ]
      }
    },
    {
      "type": "Feature",
      "properties": {
        "id": "N_6_L_LMGN",
        "name": null,
        "nuts3": "ITF43"
      },
      "geometry": {
        "type": "Point",
        "coordinates": [
          16.88006,
          40.52445
        ]
      }
    },
    {
      "type": "Feature",
      "properties": {
        "id": "SEQ_3072_p",
        "name": null,
        "nuts3": "ITF52"
      },
      "geometry": {
        "type": "Point",
        "coordinates": [
          16.6769,
          40.34735
        ]
      }
    },
    {
      "type": "Feature",
      "properties": {
        "id": "N_477_M_LMGN",
        "name": null,
        "nuts3": null
      },
      "geometry": {
        "type": "Point",
        "coordinates": [
          33.29189,
          49.02288
        ]
      }
    },
    {
      "type": "Feature",
      "properties": {
        "id": "N_2037_S_LMGN",
        "name": null,
        "nuts3": "FRF11"
      },
      "geometry": {
        "type": "Point",
        "coordinates": [
          7.75643,
          48.52908
        ]
      }
    },
    {
      "type": "Feature",
      "properties": {
        "id": "N_289_M_LMGN",
        "name": null,
        "nuts3": "ITI34"
      },
      "geometry": {
        "type": "Point",
        "coordinates": [
          13.37589,
          42.84459
        ]
      }
    },
    {
      "type": "Feature",
      "properties": {
        "id": "SEQ_6521__L_LMGN",
        "name": null,
        "nuts3": "FRD22"
      },
      "geometry": {
        "type": "Point",
        "coordinates": [
          0.59969,
          49.47745
        ]
      }
    },
    {
      "type": "Feature",
      "properties": {
        "id": "SEQ_6499__L_LMGN",
        "name": null,
        "nuts3": "FRD22"
      },
      "geometry": {
        "type": "Point",
        "coordinates": [
          1.28844,
          49.54517
        ]
      }
    },
    {
      "type": "Feature",
      "properties": {
        "id": "SEQ_6493__L_LMGN",
        "name": null,
        "nuts3": "FRD21"
      },
      "geometry": {
        "type": "Point",
        "coordinates": [
          1.66511,
          49.36293
        ]
      }
    },
    {
      "type": "Feature",
      "properties": {
        "id": "SEQ_8125__S_LMGN",
        "name": null,
        "nuts3": "FRE22"
      },
      "geometry": {
        "type": "Point",
        "coordinates": [
          1.75779,
          49.40264
        ]
      }
    },
    {
      "type": "Feature",
      "properties": {
        "id": "N_1126_S_LMGN",
        "name": null,
        "nuts3": "FRE22"
      },
      "geometry": {
        "type": "Point",
        "coordinates": [
          2.1658,
          49.50539
        ]
      }
    },
    {
      "type": "Feature",
      "properties": {
        "id": "N_1428_S_LMGN",
        "name": null,
        "nuts3": "FRE22"
      },
      "geometry": {
        "type": "Point",
        "coordinates": [
          2.33,
          49.54114
        ]
      }
    },
    {
      "type": "Feature",
      "properties": {
        "id": "N_2368_S_LMGN",
        "name": null,
        "nuts3": "BE257"
      },
      "geometry": {
        "type": "Point",
        "coordinates": [
          3.27486,
          51.01088
        ]
      }
    },
    {
      "type": "Feature",
      "properties": {
        "id": "N_611_M_LMGN",
        "name": null,
        "nuts3": "HU331"
      },
      "geometry": {
        "type": "Point",
        "coordinates": [
          19.48819,
          46.81309
        ]
      }
    },
    {
      "type": "Feature",
      "properties": {
        "id": "Stor_NonEU_37",
        "name": null,
        "nuts3": null
      },
      "geometry": {
        "type": "Point",
        "coordinates": [
          23.59568,
          52.24837
        ]
      }
    },
    {
      "type": "Feature",
      "properties": {
        "id": "N_231_L_LMGN",
        "name": null,
        "nuts3": null
      },
      "geometry": {
        "type": "Point",
        "coordinates": [
          24.34662,
          49.40503
        ]
      }
    },
    {
      "type": "Feature",
      "properties": {
        "id": "N_145_M_LMGN",
        "name": null,
        "nuts3": null
      },
      "geometry": {
        "type": "Point",
        "coordinates": [
          34.35432,
          50.8604
        ]
      }
    },
    {
      "type": "Feature",
      "properties": {
        "id": "SEQ_3127_p",
        "name": null,
        "nuts3": "ITI22"
      },
      "geometry": {
        "type": "Point",
        "coordinates": [
          12.47625,
          42.59122
        ]
      }
    },
    {
      "type": "Feature",
      "properties": {
        "id": "SEQ_3134_p",
        "name": null,
        "nuts3": "UKE12"
      },
      "geometry": {
        "type": "Point",
        "coordinates": [
          -0.37938,
          54.04112
        ]
      }
    },
    {
      "type": "Feature",
      "properties": {
        "id": "N_508_M_LMGN",
        "name": null,
        "nuts3": "UKE12"
      },
      "geometry": {
        "type": "Point",
        "coordinates": [
          -0.30265,
          53.92381
        ]
      }
    },
    {
      "type": "Feature",
      "properties": {
        "id": "N_251_L_LMGN",
        "name": null,
        "nuts3": "UKE12"
      },
      "geometry": {
        "type": "Point",
        "coordinates": [
          -0.15794,
          53.74261
        ]
      }
    },
    {
      "type": "Feature",
      "properties": {
        "id": "N_1250_S_LMGN",
        "name": null,
        "nuts3": "AT126"
      },
      "geometry": {
        "type": "Point",
        "coordinates": [
          16.59932,
          48.33015
        ]
      }
    },
    {
      "type": "Feature",
      "properties": {
        "id": "SEQ_6859__L_LMGN",
        "name": null,
        "nuts3": "AT126"
      },
      "geometry": {
        "type": "Point",
        "coordinates": [
          16.2302,
          48.42915
        ]
      }
    },
    {
      "type": "Feature",
      "properties": {
        "id": "SEQ_4087__M_LMGN",
        "name": null,
        "nuts3": "PL214"
      },
      "geometry": {
        "type": "Point",
        "coordinates": [
          19.75918,
          50.04148
        ]
      }
    },
    {
      "type": "Feature",
      "properties": {
        "id": "SEQ_3145_p",
        "name": null,
        "nuts3": "BE32B"
      },
      "geometry": {
        "type": "Point",
        "coordinates": [
          4.31158,
          50.43166
        ]
      }
    },
    {
      "type": "Feature",
      "properties": {
        "id": "N_1283_S_LMGN",
        "name": null,
        "nuts3": "BE310"
      },
      "geometry": {
        "type": "Point",
        "coordinates": [
          4.53262,
          50.54026
        ]
      }
    },
    {
      "type": "Feature",
      "properties": {
        "id": "N_788_S_LMGN",
        "name": null,
        "nuts3": "BE352"
      },
      "geometry": {
        "type": "Point",
        "coordinates": [
          4.615,
          50.50509
        ]
      }
    },
    {
      "type": "Feature",
      "properties": {
        "id": "N_11_L_LMGN",
        "name": null,
        "nuts3": null
      },
      "geometry": {
        "type": "Point",
        "coordinates": [
          25.79474,
          54.81404
        ]
      }
    },
    {
      "type": "Feature",
      "properties": {
        "id": "SEQ_14133__S_LMGN",
        "name": null,
        "nuts3": "ITF21"
      },
      "geometry": {
        "type": "Point",
        "coordinates": [
          14.38248,
          41.84932
        ]
      }
    },
    {
      "type": "Feature",
      "properties": {
        "id": "N_1181_S_LMGN",
        "name": null,
        "nuts3": "ITF22"
      },
      "geometry": {
        "type": "Point",
        "coordinates": [
          14.80619,
          41.68301
        ]
      }
    },
    {
      "type": "Feature",
      "properties": {
        "id": "SEQ_16023__S_LMGN",
        "name": null,
        "nuts3": "ITH34"
      },
      "geometry": {
        "type": "Point",
        "coordinates": [
          12.16466,
          45.89331
        ]
      }
    },
    {
      "type": "Feature",
      "properties": {
        "id": "SEQ_3168_p",
        "name": null,
        "nuts3": "AT130"
      },
      "geometry": {
        "type": "Point",
        "coordinates": [
          16.48914,
          48.21063
        ]
      }
    },
    {
      "type": "Feature",
      "properties": {
        "id": "SEQ_9753__M_LMGN",
        "name": null,
        "nuts3": "HU323"
      },
      "geometry": {
        "type": "Point",
        "coordinates": [
          21.77164,
          48.01354
        ]
      }
    },
    {
      "type": "Feature",
      "properties": {
        "id": "SEQ_7009__L_LMGN",
        "name": null,
        "nuts3": "RO225"
      },
      "geometry": {
        "type": "Point",
        "coordinates": [
          28.48137,
          45.07018
        ]
      }
    },
    {
      "type": "Feature",
      "properties": {
        "id": "Stor_NonEU_30",
        "name": null,
        "nuts3": null
      },
      "geometry": {
        "type": "Point",
        "coordinates": [
          24.87364,
          49.00621
        ]
      }
    },
    {
      "type": "Feature",
      "properties": {
        "id": "N_230_L_LMGN",
        "name": null,
        "nuts3": null
      },
      "geometry": {
        "type": "Point",
        "coordinates": [
          22.8827,
          48.42306
        ]
      }
    },
    {
      "type": "Feature",
      "properties": {
        "id": "SEQ_6369__L_LMGN",
        "name": null,
        "nuts3": null
      },
      "geometry": {
        "type": "Point",
        "coordinates": [
          23.04955,
          48.41984
        ]
      }
    },
    {
      "type": "Feature",
      "properties": {
        "id": "SEQ_3178_p",
        "name": null,
        "nuts3": "UKH16"
      },
      "geometry": {
        "type": "Point",
        "coordinates": [
          0.35288,
          52.70475
        ]
      }
    },
    {
      "type": "Feature",
      "properties": {
        "id": "N_199_M_LMGN",
        "name": null,
        "nuts3": "ITI35"
      },
      "geometry": {
        "type": "Point",
        "coordinates": [
          13.78332,
          43.14536
        ]
      }
    },
    {
      "type": "Feature",
      "properties": {
        "id": "N_200_M_LMGN",
        "name": null,
        "nuts3": "ITI35"
      },
      "geometry": {
        "type": "Point",
        "coordinates": [
          13.48311,
          43.02141
        ]
      }
    },
    {
      "type": "Feature",
      "properties": {
        "id": "SEQ_8927__M_LMGN",
        "name": null,
        "nuts3": "ITI32"
      },
      "geometry": {
        "type": "Point",
        "coordinates": [
          13.27125,
          43.56306
        ]
      }
    },
    {
      "type": "Feature",
      "properties": {
        "id": "SEQ_8933__M_LMGN",
        "name": null,
        "nuts3": "ITI31"
      },
      "geometry": {
        "type": "Point",
        "coordinates": [
          12.9852,
          43.77216
        ]
      }
    },
    {
      "type": "Feature",
      "properties": {
        "id": "N_262_M_LMGN",
        "name": null,
        "nuts3": "FI1B1"
      },
      "geometry": {
        "type": "Point",
        "coordinates": [
          25.00507,
          60.49297
        ]
      }
    },
    {
      "type": "Feature",
      "properties": {
        "id": "INET_N_723",
        "name": null,
        "nuts3": "FI1B1"
      },
      "geometry": {
        "type": "Point",
        "coordinates": [
          24.005,
          60.044
        ]
      }
    },
    {
      "type": "Feature",
      "properties": {
        "id": "N_1736_S_LMGN",
        "name": null,
        "nuts3": "CH057"
      },
      "geometry": {
        "type": "Point",
        "coordinates": [
          9.00524,
          47.47335
        ]
      }
    },
    {
      "type": "Feature",
      "properties": {
        "id": "N_1737_S_LMGN",
        "name": null,
        "nuts3": "CH040"
      },
      "geometry": {
        "type": "Point",
        "coordinates": [
          8.58743,
          47.50528
        ]
      }
    },
    {
      "type": "Feature",
      "properties": {
        "id": "N_2564_S_LMGN",
        "name": null,
        "nuts3": "CH033"
      },
      "geometry": {
        "type": "Point",
        "coordinates": [
          8.31414,
          47.43922
        ]
      }
    },
    {
      "type": "Feature",
      "properties": {
        "id": "N_2666_S_LMGN",
        "name": null,
        "nuts3": "CH033"
      },
      "geometry": {
        "type": "Point",
        "coordinates": [
          8.23855,
          47.42869
        ]
      }
    },
    {
      "type": "Feature",
      "properties": {
        "id": "N_249_M_LMGN",
        "name": null,
        "nuts3": "TR822"
      },
      "geometry": {
        "type": "Point",
        "coordinates": [
          33.74279,
          40.55076
        ]
      }
    },
    {
      "type": "Feature",
      "properties": {
        "id": "SEQ_5183__L_LMGN",
        "name": null,
        "nuts3": "ITC47"
      },
      "geometry": {
        "type": "Point",
        "coordinates": [
          10.03094,
          45.41312
        ]
      }
    },
    {
      "type": "Feature",
      "properties": {
        "id": "N_1478_S_LMGN",
        "name": null,
        "nuts3": "ITC47"
      },
      "geometry": {
        "type": "Point",
        "coordinates": [
          10.10801,
          45.61525
        ]
      }
    },
    {
      "type": "Feature",
      "properties": {
        "id": "SEQ_3237_p",
        "name": null,
        "nuts3": "ES418"
      },
      "geometry": {
        "type": "Point",
        "coordinates": [
          -4.6702,
          41.74925
        ]
      }
    },
    {
      "type": "Feature",
      "properties": {
        "id": "SEQ_9097__M_LMGN",
        "name": null,
        "nuts3": null
      },
      "geometry": {
        "type": "Point",
        "coordinates": [
          31.35111,
          51.28711
        ]
      }
    },
    {
      "type": "Feature",
      "properties": {
        "id": "N_2585_M_LMGN",
        "name": null,
        "nuts3": null
      },
      "geometry": {
        "type": "Point",
        "coordinates": [
          32.03204,
          51.7897
        ]
      }
    },
    {
      "type": "Feature",
      "properties": {
        "id": "SEQ_1235__L_LMGN",
        "name": null,
        "nuts3": null
      },
      "geometry": {
        "type": "Point",
        "coordinates": [
          30.45244,
          52.82642
        ]
      }
    },
    {
      "type": "Feature",
      "properties": {
        "id": "SEQ_5169__M_LMGN",
        "name": null,
        "nuts3": null
      },
      "geometry": {
        "type": "Point",
        "coordinates": [
          30.55059,
          52.81141
        ]
      }
    },
    {
      "type": "Feature",
      "properties": {
        "id": "SEQ_1237__L_LMGN",
        "name": null,
        "nuts3": null
      },
      "geometry": {
        "type": "Point",
        "coordinates": [
          30.5248,
          52.95137
        ]
      }
    },
    {
      "type": "Feature",
      "properties": {
        "id": "N_187_M_LMGN",
        "name": null,
        "nuts3": "LV008"
      },
      "geometry": {
        "type": "Point",
        "coordinates": [
          25.95432,
          57.47629
        ]
      }
    },
    {
      "type": "Feature",
      "properties": {
        "id": "N_268_M_LMGN",
        "name": null,
        "nuts3": "LV008"
      },
      "geometry": {
        "type": "Point",
        "coordinates": [
          25.68062,
          57.69649
        ]
      }
    },
    {
      "type": "Feature",
      "properties": {
        "id": "SEQ_3275_p",
        "name": null,
        "nuts3": "ES120"
      },
      "geometry": {
        "type": "Point",
        "coordinates": [
          -6.68537,
          43.52778
        ]
      }
    },
    {
      "type": "Feature",
      "properties": {
        "id": "SEQ_17563__S_LMGN",
        "name": null,
        "nuts3": "ES112"
      },
      "geometry": {
        "type": "Point",
        "coordinates": [
          -7.83791,
          43.30173
        ]
      }
    },
    {
      "type": "Feature",
      "properties": {
        "id": "N_344_S_LMGN",
        "name": null,
        "nuts3": "ES111"
      },
      "geometry": {
        "type": "Point",
        "coordinates": [
          -8.04444,
          43.29165
        ]
      }
    },
    {
      "type": "Feature",
      "properties": {
        "id": "SEQ_8405__S_LMGN",
        "name": null,
        "nuts3": "ES111"
      },
      "geometry": {
        "type": "Point",
        "coordinates": [
          -8.21417,
          43.24908
        ]
      }
    },
    {
      "type": "Feature",
      "properties": {
        "id": "SEQ_3286_p",
        "name": null,
        "nuts3": "ES111"
      },
      "geometry": {
        "type": "Point",
        "coordinates": [
          -8.4461,
          42.962
        ]
      }
    },
    {
      "type": "Feature",
      "properties": {
        "id": "N_672_S_LMGN",
        "name": null,
        "nuts3": "ES114"
      },
      "geometry": {
        "type": "Point",
        "coordinates": [
          -8.51635,
          42.43113
        ]
      }
    },
    {
      "type": "Feature",
      "properties": {
        "id": "SEQ_4395__M_LMGN",
        "name": null,
        "nuts3": null
      },
      "geometry": {
        "type": "Point",
        "coordinates": [
          35.74163,
          49.51494
        ]
      }
    },
    {
      "type": "Feature",
      "properties": {
        "id": "SEQ_9843__M_LMGN",
        "name": null,
        "nuts3": "IE042"
      },
      "geometry": {
        "type": "Point",
        "coordinates": [
          -8.8614,
          53.34419
        ]
      }
    },
    {
      "type": "Feature",
      "properties": {
        "id": "N_856_M_LMGN",
        "name": null,
        "nuts3": null
      },
      "geometry": {
        "type": "Point",
        "coordinates": [
          -10.11619,
          54.15169
        ]
      }
    },
    {
      "type": "Feature",
      "properties": {
        "id": "INET_N_1654",
        "name": null,
        "nuts3": "ITG11"
      },
      "geometry": {
        "type": "Point",
        "coordinates": [
          12.5108,
          38.0158
        ]
      }
    },
    {
      "type": "Feature",
      "properties": {
        "id": "N_250_S_LMGN",
        "name": null,
        "nuts3": "TRA12"
      },
      "geometry": {
        "type": "Point",
        "coordinates": [
          39.35621,
          39.70213
        ]
      }
    },
    {
      "type": "Feature",
      "properties": {
        "id": "SEQ_7005__L_LMGN",
        "name": null,
        "nuts3": "RO225"
      },
      "geometry": {
        "type": "Point",
        "coordinates": [
          28.38551,
          44.77491
        ]
      }
    },
    {
      "type": "Feature",
      "properties": {
        "id": "SEQ_7001__L_LMGN",
        "name": null,
        "nuts3": "RO223"
      },
      "geometry": {
        "type": "Point",
        "coordinates": [
          28.22786,
          44.50704
        ]
      }
    },
    {
      "type": "Feature",
      "properties": {
        "id": "SEQ_6995__L_LMGN",
        "name": null,
        "nuts3": "RO223"
      },
      "geometry": {
        "type": "Point",
        "coordinates": [
          27.99097,
          44.11552
        ]
      }
    },
    {
      "type": "Feature",
      "properties": {
        "id": "N_72_L_LMGN",
        "name": null,
        "nuts3": null
      },
      "geometry": {
        "type": "Point",
        "coordinates": [
          35.61558,
          51.48571
        ]
      }
    },
    {
      "type": "Feature",
      "properties": {
        "id": "INET_N_893",
        "name": null,
        "nuts3": null
      },
      "geometry": {
        "type": "Point",
        "coordinates": [
          35.98873,
          51.617497
        ]
      }
    },
    {
      "type": "Feature",
      "properties": {
        "id": "SEQ_1353__L_LMGN",
        "name": null,
        "nuts3": "UKC21"
      },
      "geometry": {
        "type": "Point",
        "coordinates": [
          -1.78999,
          55.12869
        ]
      }
    },
    {
      "type": "Feature",
      "properties": {
        "id": "SEQ_3346_p",
        "name": null,
        "nuts3": "UKC21"
      },
      "geometry": {
        "type": "Point",
        "coordinates": [
          -1.9552,
          54.95872
        ]
      }
    },
    {
      "type": "Feature",
      "properties": {
        "id": "N_1101_S_LMGN",
        "name": null,
        "nuts3": "BE223"
      },
      "geometry": {
        "type": "Point",
        "coordinates": [
          5.6525,
          50.96956
        ]
      }
    },
    {
      "type": "Feature",
      "properties": {
        "id": "SEQ_3647__L_LMGN",
        "name": null,
        "nuts3": "CZ032"
      },
      "geometry": {
        "type": "Point",
        "coordinates": [
          12.94076,
          49.77112
        ]
      }
    },
    {
      "type": "Feature",
      "properties": {
        "id": "N_509_M_LMGN",
        "name": null,
        "nuts3": "IE062"
      },
      "geometry": {
        "type": "Point",
        "coordinates": [
          -6.59468,
          53.28843
        ]
      }
    },
    {
      "type": "Feature",
      "properties": {
        "id": "N_510_M_LMGN",
        "name": null,
        "nuts3": "IE061"
      },
      "geometry": {
        "type": "Point",
        "coordinates": [
          -6.4096,
          53.35059
        ]
      }
    },
    {
      "type": "Feature",
      "properties": {
        "id": "N_759_M_LMGN",
        "name": null,
        "nuts3": null
      },
      "geometry": {
        "type": "Point",
        "coordinates": [
          20.93128,
          54.70273
        ]
      }
    },
    {
      "type": "Feature",
      "properties": {
        "id": "SEQ_8705__M_LMGN",
        "name": null,
        "nuts3": null
      },
      "geometry": {
        "type": "Point",
        "coordinates": [
          21.68201,
          54.76021
        ]
      }
    },
    {
      "type": "Feature",
      "properties": {
        "id": "SEQ_3041__L_LMGN",
        "name": null,
        "nuts3": null
      },
      "geometry": {
        "type": "Point",
        "coordinates": [
          24.57662,
          49.94864
        ]
      }
    },
    {
      "type": "Feature",
      "properties": {
        "id": "N_77_L_LMGN",
        "name": null,
        "nuts3": null
      },
      "geometry": {
        "type": "Point",
        "coordinates": [
          24.58936,
          49.50999
        ]
      }
    },
    {
      "type": "Feature",
      "properties": {
        "id": "SEQ_2913__L_LMGN",
        "name": null,
        "nuts3": null
      },
      "geometry": {
        "type": "Point",
        "coordinates": [
          37.43635,
          47.24873
        ]
      }
    },
    {
      "type": "Feature",
      "properties": {
        "id": "N_139_L_LMGN",
        "name": null,
        "nuts3": null
      },
      "geometry": {
        "type": "Point",
        "coordinates": [
          23.92355,
          48.51654
        ]
      }
    },
    {
      "type": "Feature",
      "properties": {
        "id": "N_702_M_LMGN",
        "name": null,
        "nuts3": "ITH34"
      },
      "geometry": {
        "type": "Point",
        "coordinates": [
          11.84875,
          45.84864
        ]
      }
    },
    {
      "type": "Feature",
      "properties": {
        "id": "N_850_M_LMGN",
        "name": null,
        "nuts3": "ITH36"
      },
      "geometry": {
        "type": "Point",
        "coordinates": [
          12.01958,
          45.54994
        ]
      }
    },
    {
      "type": "Feature",
      "properties": {
        "id": "SEQ_3079__M_LMGN",
        "name": null,
        "nuts3": null
      },
      "geometry": {
        "type": "Point",
        "coordinates": [
          34.05713,
          49.79032
        ]
      }
    },
    {
      "type": "Feature",
      "properties": {
        "id": "NutsCons_33",
        "name": null,
        "nuts3": "FI1C1"
      },
      "geometry": {
        "type": "Point",
        "coordinates": [
          22.366881,
          60.490466
        ]
      }
    },
    {
      "type": "Feature",
      "properties": {
        "id": "N_512_S_LMGN",
        "name": null,
        "nuts3": "ITH31"
      },
      "geometry": {
        "type": "Point",
        "coordinates": [
          11.27634,
          45.37644
        ]
      }
    },
    {
      "type": "Feature",
      "properties": {
        "id": "N_455_S_LMGN",
        "name": null,
        "nuts3": null
      },
      "geometry": {
        "type": "Point",
        "coordinates": [
          34.84579,
          49.03365
        ]
      }
    },
    {
      "type": "Feature",
      "properties": {
        "id": "N_267_M_LMGN",
        "name": null,
        "nuts3": "EE009"
      },
      "geometry": {
        "type": "Point",
        "coordinates": [
          25.1408,
          58.7571
        ]
      }
    },
    {
      "type": "Feature",
      "properties": {
        "id": "SEQ_11089__S_LMGN",
        "name": null,
        "nuts3": "ITF11"
      },
      "geometry": {
        "type": "Point",
        "coordinates": [
          13.70236,
          42.1986
        ]
      }
    },
    {
      "type": "Feature",
      "properties": {
        "id": "SEQ_907__L_LMGN",
        "name": null,
        "nuts3": "ITF14"
      },
      "geometry": {
        "type": "Point",
        "coordinates": [
          14.36558,
          41.89609
        ]
      }
    },
    {
      "type": "Feature",
      "properties": {
        "id": "SEQ_3500_p",
        "name": null,
        "nuts3": "ITF14"
      },
      "geometry": {
        "type": "Point",
        "coordinates": [
          14.54645,
          41.99503
        ]
      }
    },
    {
      "type": "Feature",
      "properties": {
        "id": "N_472_M_LMGN",
        "name": null,
        "nuts3": null
      },
      "geometry": {
        "type": "Point",
        "coordinates": [
          33.02222,
          52.34589
        ]
      }
    },
    {
      "type": "Feature",
      "properties": {
        "id": "N_594_M_LMGN",
        "name": null,
        "nuts3": null
      },
      "geometry": {
        "type": "Point",
        "coordinates": [
          33.34765,
          53.1041
        ]
      }
    },
    {
      "type": "Feature",
      "properties": {
        "id": "SEQ_6933__L_LMGN",
        "name": null,
        "nuts3": "TR632"
      },
      "geometry": {
        "type": "Point",
        "coordinates": [
          37.03344,
          37.3267
        ]
      }
    },
    {
      "type": "Feature",
      "properties": {
        "id": "N_260_L_LMGN",
        "name": null,
        "nuts3": "TRC12"
      },
      "geometry": {
        "type": "Point",
        "coordinates": [
          37.7175,
          37.63807
        ]
      }
    },
    {
      "type": "Feature",
      "properties": {
        "id": "SEQ_10122_p",
        "name": null,
        "nuts3": null
      },
      "geometry": {
        "type": "Point",
        "coordinates": [
          37.89823,
          49.57017
        ]
      }
    },
    {
      "type": "Feature",
      "properties": {
        "id": "N_961_S_LMGN",
        "name": null,
        "nuts3": "AT226"
      },
      "geometry": {
        "type": "Point",
        "coordinates": [
          14.77029,
          47.2763
        ]
      }
    },
    {
      "type": "Feature",
      "properties": {
        "id": "NutsCons_73",
        "name": null,
        "nuts3": "AT226"
      },
      "geometry": {
        "type": "Point",
        "coordinates": [
          14.512436,
          47.022382
        ]
      }
    },
    {
      "type": "Feature",
      "properties": {
        "id": "SEQ_10721__M_LMGN",
        "name": null,
        "nuts3": "FRF33"
      },
      "geometry": {
        "type": "Point",
        "coordinates": [
          6.09305,
          49.24389
        ]
      }
    },
    {
      "type": "Feature",
      "properties": {
        "id": "N_2267_S_LMGN",
        "name": null,
        "nuts3": "FRF33"
      },
      "geometry": {
        "type": "Point",
        "coordinates": [
          6.59659,
          49.17107
        ]
      }
    },
    {
      "type": "Feature",
      "properties": {
        "id": "N_855_S_LMGN",
        "name": null,
        "nuts3": "FRF33"
      },
      "geometry": {
        "type": "Point",
        "coordinates": [
          6.8876,
          49.08958
        ]
      }
    },
    {
      "type": "Feature",
      "properties": {
        "id": "SEQ_1307__L_LMGN",
        "name": null,
        "nuts3": "FRG03"
      },
      "geometry": {
        "type": "Point",
        "coordinates": [
          -0.71415,
          47.90472
        ]
      }
    },
    {
      "type": "Feature",
      "properties": {
        "id": "N_667_S_LMGN",
        "name": null,
        "nuts3": "ES614"
      },
      "geometry": {
        "type": "Point",
        "coordinates": [
          -3.53854,
          36.73563
        ]
      }
    },
    {
      "type": "Feature",
      "properties": {
        "id": "N_668_S_LMGN",
        "name": null,
        "nuts3": "ES616"
      },
      "geometry": {
        "type": "Point",
        "coordinates": [
          -3.98344,
          37.71613
        ]
      }
    },
    {
      "type": "Feature",
      "properties": {
        "id": "SEQ_5443__L_LMGN",
        "name": null,
        "nuts3": null
      },
      "geometry": {
        "type": "Point",
        "coordinates": [
          38.26553,
          51.18233
        ]
      }
    },
    {
      "type": "Feature",
      "properties": {
        "id": "N_217_L_LMGN",
        "name": null,
        "nuts3": null
      },
      "geometry": {
        "type": "Point",
        "coordinates": [
          38.36907,
          51.05553
        ]
      }
    },
    {
      "type": "Feature",
      "properties": {
        "id": "SEQ_5323__M_LMGN",
        "name": null,
        "nuts3": "RS124"
      },
      "geometry": {
        "type": "Point",
        "coordinates": [
          19.96264,
          46.01847
        ]
      }
    },
    {
      "type": "Feature",
      "properties": {
        "id": "SEQ_5315__M_LMGN",
        "name": null,
        "nuts3": "HU331"
      },
      "geometry": {
        "type": "Point",
        "coordinates": [
          19.80316,
          46.43769
        ]
      }
    },
    {
      "type": "Feature",
      "properties": {
        "id": "SEQ_5313__M_LMGN",
        "name": null,
        "nuts3": "HU331"
      },
      "geometry": {
        "type": "Point",
        "coordinates": [
          19.73307,
          46.53351
        ]
      }
    },
    {
      "type": "Feature",
      "properties": {
        "id": "N_336_M_LMGN",
        "name": null,
        "nuts3": "ES213"
      },
      "geometry": {
        "type": "Point",
        "coordinates": [
          -2.72323,
          43.18616
        ]
      }
    },
    {
      "type": "Feature",
      "properties": {
        "id": "SEQ_19451__S_LMGN",
        "name": null,
        "nuts3": "AT314"
      },
      "geometry": {
        "type": "Point",
        "coordinates": [
          14.43064,
          48.096
        ]
      }
    },
    {
      "type": "Feature",
      "properties": {
        "id": "Stor_EU_71",
        "name": null,
        "nuts3": "AT314"
      },
      "geometry": {
        "type": "Point",
        "coordinates": [
          14.41263,
          47.9555
        ]
      }
    },
    {
      "type": "Feature",
      "properties": {
        "id": "N_923_S_LMGN",
        "name": null,
        "nuts3": "ITC18"
      },
      "geometry": {
        "type": "Point",
        "coordinates": [
          8.49655,
          44.77866
        ]
      }
    },
    {
      "type": "Feature",
      "properties": {
        "id": "SEQ_5849__M_LMGN",
        "name": null,
        "nuts3": "ITC17"
      },
      "geometry": {
        "type": "Point",
        "coordinates": [
          8.3016,
          44.59398
        ]
      }
    },
    {
      "type": "Feature",
      "properties": {
        "id": "N_510_S_LMGN",
        "name": null,
        "nuts3": "ITC18"
      },
      "geometry": {
        "type": "Point",
        "coordinates": [
          8.84508,
          44.69941
        ]
      }
    },
    {
      "type": "Feature",
      "properties": {
        "id": "SEQ_201__L_LMGN",
        "name": null,
        "nuts3": null
      },
      "geometry": {
        "type": "Point",
        "coordinates": [
          42.05872,
          50.10788
        ]
      }
    },
    {
      "type": "Feature",
      "properties": {
        "id": "N_3_L_LMGN",
        "name": null,
        "nuts3": null
      },
      "geometry": {
        "type": "Point",
        "coordinates": [
          41.90975,
          50.0891
        ]
      }
    },
    {
      "type": "Feature",
      "properties": {
        "id": "SEQ_199__L_LMGN",
        "name": null,
        "nuts3": null
      },
      "geometry": {
        "type": "Point",
        "coordinates": [
          42.20914,
          50.14512
        ]
      }
    },
    {
      "type": "Feature",
      "properties": {
        "id": "SEQ_2349__S_LMGN",
        "name": null,
        "nuts3": "ITG12"
      },
      "geometry": {
        "type": "Point",
        "coordinates": [
          13.79174,
          37.89999
        ]
      }
    },
    {
      "type": "Feature",
      "properties": {
        "id": "N_965_S_LMGN",
        "name": null,
        "nuts3": "SI031"
      },
      "geometry": {
        "type": "Point",
        "coordinates": [
          16.2107,
          46.55674
        ]
      }
    },
    {
      "type": "Feature",
      "properties": {
        "id": "SEQ_283__M_LMGN",
        "name": null,
        "nuts3": "PT16I"
      },
      "geometry": {
        "type": "Point",
        "coordinates": [
          -8.22323,
          39.4375
        ]
      }
    },
    {
      "type": "Feature",
      "properties": {
        "id": "SEQ_3641_p",
        "name": null,
        "nuts3": "PT16I"
      },
      "geometry": {
        "type": "Point",
        "coordinates": [
          -8.07163,
          39.393
        ]
      }
    },
    {
      "type": "Feature",
      "properties": {
        "id": "SEQ_293__M_LMGN",
        "name": null,
        "nuts3": "PT186"
      },
      "geometry": {
        "type": "Point",
        "coordinates": [
          -7.48263,
          39.15487
        ]
      }
    },
    {
      "type": "Feature",
      "properties": {
        "id": "N_758_S_LMGN",
        "name": null,
        "nuts3": null
      },
      "geometry": {
        "type": "Point",
        "coordinates": [
          24.50989,
          53.43911
        ]
      }
    },
    {
      "type": "Feature",
      "properties": {
        "id": "SEQ_5019__L_LMGN",
        "name": null,
        "nuts3": "TRA21"
      },
      "geometry": {
        "type": "Point",
        "coordinates": [
          43.77532,
          39.57952
        ]
      }
    },
    {
      "type": "Feature",
      "properties": {
        "id": "N_1237_S_LMGN",
        "name": null,
        "nuts3": "SI034"
      },
      "geometry": {
        "type": "Point",
        "coordinates": [
          15.21853,
          46.21758
        ]
      }
    },
    {
      "type": "Feature",
      "properties": {
        "id": "SEQ_3668_p",
        "name": null,
        "nuts3": "FRB05"
      },
      "geometry": {
        "type": "Point",
        "coordinates": [
          1.47422,
          47.33383
        ]
      }
    },
    {
      "type": "Feature",
      "properties": {
        "id": "INET_N_1173",
        "name": null,
        "nuts3": "ES513"
      },
      "geometry": {
        "type": "Point",
        "coordinates": [
          0.9,
          41.6333
        ]
      }
    },
    {
      "type": "Feature",
      "properties": {
        "id": "SEQ_10271__M_LMGN",
        "name": null,
        "nuts3": "NL221"
      },
      "geometry": {
        "type": "Point",
        "coordinates": [
          5.52057,
          52.24046
        ]
      }
    },
    {
      "type": "Feature",
      "properties": {
        "id": "N_0_L_LMGN",
        "name": null,
        "nuts3": null
      },
      "geometry": {
        "type": "Point",
        "coordinates": [
          49.97937,
          38.56656
        ]
      }
    },
    {
      "type": "Feature",
      "properties": {
        "id": "N_2_L_LMGN",
        "name": null,
        "nuts3": null
      },
      "geometry": {
        "type": "Point",
        "coordinates": [
          50.09873,
          54.17026
        ]
      }
    },
    {
      "type": "Feature",
      "properties": {
        "id": "SEQ_145__L_LMGN",
        "name": null,
        "nuts3": null
      },
      "geometry": {
        "type": "Point",
        "coordinates": [
          45.92575,
          51.27716
        ]
      }
    },
    {
      "type": "Feature",
      "properties": {
        "id": "SEQ_195__L_LMGN",
        "name": null,
        "nuts3": null
      },
      "geometry": {
        "type": "Point",
        "coordinates": [
          42.48437,
          50.24577
        ]
      }
    },
    {
      "type": "Feature",
      "properties": {
        "id": "N_8_L_LMGN",
        "name": null,
        "nuts3": null
      },
      "geometry": {
        "type": "Point",
        "coordinates": [
          32.39602,
          31.10352
        ]
      }
    },
    {
      "type": "Feature",
      "properties": {
        "id": "SEQ_255__L_LMGN",
        "name": null,
        "nuts3": null
      },
      "geometry": {
        "type": "Point",
        "coordinates": [
          32.77424,
          30.70814
        ]
      }
    },
    {
      "type": "Feature",
      "properties": {
        "id": "N_9_L_LMGN",
        "name": null,
        "nuts3": null
      },
      "geometry": {
        "type": "Point",
        "coordinates": [
          31.69638,
          30.83687
        ]
      }
    },
    {
      "type": "Feature",
      "properties": {
        "id": "SEQ_299__L_LMGN",
        "name": null,
        "nuts3": null
      },
      "geometry": {
        "type": "Point",
        "coordinates": [
          26.23624,
          54.61381
        ]
      }
    },
    {
      "type": "Feature",
      "properties": {
        "id": "N_388_M_LMGN",
        "name": null,
        "nuts3": null
      },
      "geometry": {
        "type": "Point",
        "coordinates": [
          40.68074,
          56.43062
        ]
      }
    },
    {
      "type": "Feature",
      "properties": {
        "id": "SEQ_309__L_LMGN",
        "name": null,
        "nuts3": null
      },
      "geometry": {
        "type": "Point",
        "coordinates": [
          40.45621,
          56.67072
        ]
      }
    },
    {
      "type": "Feature",
      "properties": {
        "id": "SEQ_325__L_LMGN",
        "name": null,
        "nuts3": null
      },
      "geometry": {
        "type": "Point",
        "coordinates": [
          39.0774,
          57.08616
        ]
      }
    },
    {
      "type": "Feature",
      "properties": {
        "id": "SEQ_331__L_LMGN",
        "name": null,
        "nuts3": null
      },
      "geometry": {
        "type": "Point",
        "coordinates": [
          38.56277,
          57.24154
        ]
      }
    },
    {
      "type": "Feature",
      "properties": {
        "id": "N_390_M_LMGN",
        "name": null,
        "nuts3": null
      },
      "geometry": {
        "type": "Point",
        "coordinates": [
          37.87401,
          57.65206
        ]
      }
    },
    {
      "type": "Feature",
      "properties": {
        "id": "N_16_L_LMGN",
        "name": null,
        "nuts3": null
      },
      "geometry": {
        "type": "Point",
        "coordinates": [
          36.90474,
          52.35182
        ]
      }
    },
    {
      "type": "Feature",
      "properties": {
        "id": "SEQ_369__L_LMGN",
        "name": null,
        "nuts3": null
      },
      "geometry": {
        "type": "Point",
        "coordinates": [
          39.26908,
          53.69186
        ]
      }
    },
    {
      "type": "Feature",
      "properties": {
        "id": "SEQ_373__L_LMGN",
        "name": null,
        "nuts3": null
      },
      "geometry": {
        "type": "Point",
        "coordinates": [
          39.58438,
          53.86231
        ]
      }
    },
    {
      "type": "Feature",
      "properties": {
        "id": "SEQ_403__L_LMGN",
        "name": null,
        "nuts3": null
      },
      "geometry": {
        "type": "Point",
        "coordinates": [
          41.93282,
          55.18871
        ]
      }
    },
    {
      "type": "Feature",
      "properties": {
        "id": "SEQ_437__L_LMGN",
        "name": null,
        "nuts3": null
      },
      "geometry": {
        "type": "Point",
        "coordinates": [
          44.48343,
          56.8539
        ]
      }
    },
    {
      "type": "Feature",
      "properties": {
        "id": "SEQ_449__L_LMGN",
        "name": null,
        "nuts3": null
      },
      "geometry": {
        "type": "Point",
        "coordinates": [
          45.41505,
          57.37814
        ]
      }
    },
    {
      "type": "Feature",
      "properties": {
        "id": "SEQ_457__L_LMGN",
        "name": null,
        "nuts3": null
      },
      "geometry": {
        "type": "Point",
        "coordinates": [
          46.05352,
          57.67528
        ]
      }
    },
    {
      "type": "Feature",
      "properties": {
        "id": "SEQ_467__L_LMGN",
        "name": null,
        "nuts3": null
      },
      "geometry": {
        "type": "Point",
        "coordinates": [
          46.86941,
          58.0743
        ]
      }
    },
    {
      "type": "Feature",
      "properties": {
        "id": "N_17_L_LMGN",
        "name": null,
        "nuts3": null
      },
      "geometry": {
        "type": "Point",
        "coordinates": [
          47.03079,
          58.1502
        ]
      }
    },
    {
      "type": "Feature",
      "properties": {
        "id": "N_18_L_LMGN",
        "name": null,
        "nuts3": null
      },
      "geometry": {
        "type": "Point",
        "coordinates": [
          47.35377,
          58.29907
        ]
      }
    },
    {
      "type": "Feature",
      "properties": {
        "id": "SEQ_475__L_LMGN",
        "name": null,
        "nuts3": null
      },
      "geometry": {
        "type": "Point",
        "coordinates": [
          47.50034,
          58.38706
        ]
      }
    },
    {
      "type": "Feature",
      "properties": {
        "id": "SEQ_511__L_LMGN",
        "name": null,
        "nuts3": null
      },
      "geometry": {
        "type": "Point",
        "coordinates": [
          49.57941,
          60.52509
        ]
      }
    },
    {
      "type": "Feature",
      "properties": {
        "id": "SEQ_525__L_LMGN",
        "name": null,
        "nuts3": null
      },
      "geometry": {
        "type": "Point",
        "coordinates": [
          50.06589,
          61.59831
        ]
      }
    },
    {
      "type": "Feature",
      "properties": {
        "id": "SEQ_527__L_LMGN",
        "name": null,
        "nuts3": null
      },
      "geometry": {
        "type": "Point",
        "coordinates": [
          50.08658,
          61.77542
        ]
      }
    },
    {
      "type": "Feature",
      "properties": {
        "id": "SEQ_537__L_LMGN",
        "name": null,
        "nuts3": null
      },
      "geometry": {
        "type": "Point",
        "coordinates": [
          50.02556,
          62.47306
        ]
      }
    },
    {
      "type": "Feature",
      "properties": {
        "id": "SEQ_583__L_LMGN",
        "name": null,
        "nuts3": null
      },
      "geometry": {
        "type": "Point",
        "coordinates": [
          50.58563,
          65.79179
        ]
      }
    },
    {
      "type": "Feature",
      "properties": {
        "id": "SEQ_591__L_LMGN",
        "name": null,
        "nuts3": null
      },
      "geometry": {
        "type": "Point",
        "coordinates": [
          51.13635,
          66.15679
        ]
      }
    },
    {
      "type": "Feature",
      "properties": {
        "id": "N_19_L_LMGN",
        "name": null,
        "nuts3": null
      },
      "geometry": {
        "type": "Point",
        "coordinates": [
          51.30914,
          67.26286
        ]
      }
    },
    {
      "type": "Feature",
      "properties": {
        "id": "N_20_L_LMGN",
        "name": null,
        "nuts3": null
      },
      "geometry": {
        "type": "Point",
        "coordinates": [
          51.35817,
          67.43879
        ]
      }
    },
    {
      "type": "Feature",
      "properties": {
        "id": "N_21_L_LMGN",
        "name": null,
        "nuts3": null
      },
      "geometry": {
        "type": "Point",
        "coordinates": [
          51.39956,
          67.60382
        ]
      }
    },
    {
      "type": "Feature",
      "properties": {
        "id": "N_22_L_LMGN",
        "name": null,
        "nuts3": null
      },
      "geometry": {
        "type": "Point",
        "coordinates": [
          51.38329,
          67.82209
        ]
      }
    },
    {
      "type": "Feature",
      "properties": {
        "id": "SEQ_623__L_LMGN",
        "name": null,
        "nuts3": null
      },
      "geometry": {
        "type": "Point",
        "coordinates": [
          45.77998,
          65.79792
        ]
      }
    },
    {
      "type": "Feature",
      "properties": {
        "id": "SEQ_639__L_LMGN",
        "name": null,
        "nuts3": null
      },
      "geometry": {
        "type": "Point",
        "coordinates": [
          47.23532,
          66.38883
        ]
      }
    },
    {
      "type": "Feature",
      "properties": {
        "id": "N_24_L_LMGN",
        "name": null,
        "nuts3": null
      },
      "geometry": {
        "type": "Point",
        "coordinates": [
          50.97912,
          67.24033
        ]
      }
    },
    {
      "type": "Feature",
      "properties": {
        "id": "N_25_L_LMGN",
        "name": null,
        "nuts3": null
      },
      "geometry": {
        "type": "Point",
        "coordinates": [
          51.10581,
          67.42159
        ]
      }
    },
    {
      "type": "Feature",
      "properties": {
        "id": "N_26_L_LMGN",
        "name": null,
        "nuts3": null
      },
      "geometry": {
        "type": "Point",
        "coordinates": [
          51.2244,
          67.60827
        ]
      }
    },
    {
      "type": "Feature",
      "properties": {
        "id": "SEQ_805__L_LMGN",
        "name": null,
        "nuts3": null
      },
      "geometry": {
        "type": "Point",
        "coordinates": [
          47.61029,
          58.1146
        ]
      }
    },
    {
      "type": "Feature",
      "properties": {
        "id": "SEQ_3960_p",
        "name": null,
        "nuts3": "UKD63"
      },
      "geometry": {
        "type": "Point",
        "coordinates": [
          -2.65804,
          53.14629
        ]
      }
    },
    {
      "type": "Feature",
      "properties": {
        "id": "SEQ_889__L_LMGN",
        "name": null,
        "nuts3": "FRC23"
      },
      "geometry": {
        "type": "Point",
        "coordinates": [
          6.24283,
          47.78393
        ]
      }
    },
    {
      "type": "Feature",
      "properties": {
        "id": "SEQ_893__L_LMGN",
        "name": null,
        "nuts3": "FRC23"
      },
      "geometry": {
        "type": "Point",
        "coordinates": [
          6.51245,
          47.58976
        ]
      }
    },
    {
      "type": "Feature",
      "properties": {
        "id": "SEQ_1255__L_LMGN",
        "name": null,
        "nuts3": null
      },
      "geometry": {
        "type": "Point",
        "coordinates": [
          31.366,
          53.9139
        ]
      }
    },
    {
      "type": "Feature",
      "properties": {
        "id": "N_54_L_LMGN",
        "name": null,
        "nuts3": null
      },
      "geometry": {
        "type": "Point",
        "coordinates": [
          40.57415,
          50.39716
        ]
      }
    },
    {
      "type": "Feature",
      "properties": {
        "id": "N_58_L_LMGN",
        "name": null,
        "nuts3": "UKM50"
      },
      "geometry": {
        "type": "Point",
        "coordinates": [
          -2.654,
          56.83473
        ]
      }
    },
    {
      "type": "Feature",
      "properties": {
        "id": "N_62_L_LMGN",
        "name": null,
        "nuts3": null
      },
      "geometry": {
        "type": "Point",
        "coordinates": [
          -0.6307,
          34.47072
        ]
      }
    },
    {
      "type": "Feature",
      "properties": {
        "id": "SEQ_1413__L_LMGN",
        "name": null,
        "nuts3": null
      },
      "geometry": {
        "type": "Point",
        "coordinates": [
          -0.46696,
          34.74574
        ]
      }
    },
    {
      "type": "Feature",
      "properties": {
        "id": "SEQ_1427__L_LMGN",
        "name": null,
        "nuts3": null
      },
      "geometry": {
        "type": "Point",
        "coordinates": [
          0.02658,
          35.01452
        ]
      }
    },
    {
      "type": "Feature",
      "properties": {
        "id": "N_63_L_LMGN",
        "name": null,
        "nuts3": null
      },
      "geometry": {
        "type": "Point",
        "coordinates": [
          0.45872,
          35.0062
        ]
      }
    },
    {
      "type": "Feature",
      "properties": {
        "id": "SEQ_1479__L_LMGN",
        "name": null,
        "nuts3": "ITI43"
      },
      "geometry": {
        "type": "Point",
        "coordinates": [
          13.05036,
          41.61667
        ]
      }
    },
    {
      "type": "Feature",
      "properties": {
        "id": "SEQ_1485__L_LMGN",
        "name": null,
        "nuts3": "ITI43"
      },
      "geometry": {
        "type": "Point",
        "coordinates": [
          12.86307,
          41.95535
        ]
      }
    },
    {
      "type": "Feature",
      "properties": {
        "id": "N_66_L_LMGN",
        "name": null,
        "nuts3": "ITC15"
      },
      "geometry": {
        "type": "Point",
        "coordinates": [
          8.50913,
          45.42731
        ]
      }
    },
    {
      "type": "Feature",
      "properties": {
        "id": "SEQ_1493__L_LMGN",
        "name": null,
        "nuts3": "ITC12"
      },
      "geometry": {
        "type": "Point",
        "coordinates": [
          8.29805,
          45.3126
        ]
      }
    },
    {
      "type": "Feature",
      "properties": {
        "id": "SEQ_1513__L_LMGN",
        "name": null,
        "nuts3": "ITC11"
      },
      "geometry": {
        "type": "Point",
        "coordinates": [
          7.70595,
          45.1338
        ]
      }
    },
    {
      "type": "Feature",
      "properties": {
        "id": "N_69_L_LMGN",
        "name": null,
        "nuts3": "ITI16"
      },
      "geometry": {
        "type": "Point",
        "coordinates": [
          10.44447,
          43.58947
        ]
      }
    },
    {
      "type": "Feature",
      "properties": {
        "id": "SEQ_4037_p",
        "name": null,
        "nuts3": "PL912"
      },
      "geometry": {
        "type": "Point",
        "coordinates": [
          21.4758,
          52.29434
        ]
      }
    },
    {
      "type": "Feature",
      "properties": {
        "id": "N_12_L_LMGN",
        "name": null,
        "nuts3": null
      },
      "geometry": {
        "type": "Point",
        "coordinates": [
          29.16691,
          60.96367
        ]
      }
    },
    {
      "type": "Feature",
      "properties": {
        "id": "N_82_L_LMGN",
        "name": null,
        "nuts3": null
      },
      "geometry": {
        "type": "Point",
        "coordinates": [
          30.42229,
          59.93505
        ]
      }
    },
    {
      "type": "Feature",
      "properties": {
        "id": "SEQ_1903__M_LMGN",
        "name": null,
        "nuts3": null
      },
      "geometry": {
        "type": "Point",
        "coordinates": [
          35.29274,
          54.83808
        ]
      }
    },
    {
      "type": "Feature",
      "properties": {
        "id": "SEQ_1757__L_LMGN",
        "name": null,
        "nuts3": null
      },
      "geometry": {
        "type": "Point",
        "coordinates": [
          34.5669,
          56.10765
        ]
      }
    },
    {
      "type": "Feature",
      "properties": {
        "id": "SEQ_1765__L_LMGN",
        "name": null,
        "nuts3": null
      },
      "geometry": {
        "type": "Point",
        "coordinates": [
          34.27859,
          56.58867
        ]
      }
    },
    {
      "type": "Feature",
      "properties": {
        "id": "SEQ_1771__L_LMGN",
        "name": null,
        "nuts3": null
      },
      "geometry": {
        "type": "Point",
        "coordinates": [
          34.11178,
          56.98948
        ]
      }
    },
    {
      "type": "Feature",
      "properties": {
        "id": "SEQ_1773__L_LMGN",
        "name": null,
        "nuts3": null
      },
      "geometry": {
        "type": "Point",
        "coordinates": [
          34.06534,
          57.12941
        ]
      }
    },
    {
      "type": "Feature",
      "properties": {
        "id": "SEQ_1797__L_LMGN",
        "name": null,
        "nuts3": null
      },
      "geometry": {
        "type": "Point",
        "coordinates": [
          32.58602,
          58.09024
        ]
      }
    },
    {
      "type": "Feature",
      "properties": {
        "id": "N_84_L_LMGN",
        "name": null,
        "nuts3": null
      },
      "geometry": {
        "type": "Point",
        "coordinates": [
          32.29631,
          58.23289
        ]
      }
    },
    {
      "type": "Feature",
      "properties": {
        "id": "SEQ_1829__L_LMGN",
        "name": null,
        "nuts3": null
      },
      "geometry": {
        "type": "Point",
        "coordinates": [
          31.01775,
          59.46064
        ]
      }
    },
    {
      "type": "Feature",
      "properties": {
        "id": "SEQ_1831__L_LMGN",
        "name": null,
        "nuts3": null
      },
      "geometry": {
        "type": "Point",
        "coordinates": [
          30.86943,
          59.56933
        ]
      }
    },
    {
      "type": "Feature",
      "properties": {
        "id": "SEQ_1833__L_LMGN",
        "name": null,
        "nuts3": null
      },
      "geometry": {
        "type": "Point",
        "coordinates": [
          30.72066,
          59.67475
        ]
      }
    },
    {
      "type": "Feature",
      "properties": {
        "id": "SEQ_1835__L_LMGN",
        "name": null,
        "nuts3": null
      },
      "geometry": {
        "type": "Point",
        "coordinates": [
          30.57254,
          59.77783
        ]
      }
    },
    {
      "type": "Feature",
      "properties": {
        "id": "SEQ_1839__L_LMGN",
        "name": null,
        "nuts3": null
      },
      "geometry": {
        "type": "Point",
        "coordinates": [
          37.84196,
          54.45909
        ]
      }
    },
    {
      "type": "Feature",
      "properties": {
        "id": "SEQ_1845__L_LMGN",
        "name": null,
        "nuts3": null
      },
      "geometry": {
        "type": "Point",
        "coordinates": [
          37.43872,
          54.75364
        ]
      }
    },
    {
      "type": "Feature",
      "properties": {
        "id": "N_86_L_LMGN",
        "name": null,
        "nuts3": null
      },
      "geometry": {
        "type": "Point",
        "coordinates": [
          36.90297,
          55.15894
        ]
      }
    },
    {
      "type": "Feature",
      "properties": {
        "id": "Stor_NonEU_21",
        "name": null,
        "nuts3": null
      },
      "geometry": {
        "type": "Point",
        "coordinates": [
          51.51682,
          68.38473
        ]
      }
    },
    {
      "type": "Feature",
      "properties": {
        "id": "SEQ_1883__L_LMGN",
        "name": null,
        "nuts3": null
      },
      "geometry": {
        "type": "Point",
        "coordinates": [
          48.92635,
          42.09724
        ]
      }
    },
    {
      "type": "Feature",
      "properties": {
        "id": "SEQ_1889__L_LMGN",
        "name": null,
        "nuts3": null
      },
      "geometry": {
        "type": "Point",
        "coordinates": [
          48.72591,
          42.40056
        ]
      }
    },
    {
      "type": "Feature",
      "properties": {
        "id": "SEQ_1913__L_LMGN",
        "name": null,
        "nuts3": null
      },
      "geometry": {
        "type": "Point",
        "coordinates": [
          47.30605,
          43.24111
        ]
      }
    },
    {
      "type": "Feature",
      "properties": {
        "id": "SEQ_1919__L_LMGN",
        "name": null,
        "nuts3": null
      },
      "geometry": {
        "type": "Point",
        "coordinates": [
          47.03344,
          43.51943
        ]
      }
    },
    {
      "type": "Feature",
      "properties": {
        "id": "SEQ_1951__L_LMGN",
        "name": null,
        "nuts3": null
      },
      "geometry": {
        "type": "Point",
        "coordinates": [
          45.0192,
          44.26282
        ]
      }
    },
    {
      "type": "Feature",
      "properties": {
        "id": "SEQ_1967__L_LMGN",
        "name": null,
        "nuts3": null
      },
      "geometry": {
        "type": "Point",
        "coordinates": [
          43.91836,
          44.28567
        ]
      }
    },
    {
      "type": "Feature",
      "properties": {
        "id": "SEQ_1971__L_LMGN",
        "name": null,
        "nuts3": null
      },
      "geometry": {
        "type": "Point",
        "coordinates": [
          43.64386,
          44.30414
        ]
      }
    },
    {
      "type": "Feature",
      "properties": {
        "id": "SEQ_1981__L_LMGN",
        "name": null,
        "nuts3": null
      },
      "geometry": {
        "type": "Point",
        "coordinates": [
          43.01082,
          44.40276
        ]
      }
    },
    {
      "type": "Feature",
      "properties": {
        "id": "SEQ_1993__L_LMGN",
        "name": null,
        "nuts3": null
      },
      "geometry": {
        "type": "Point",
        "coordinates": [
          42.19897,
          44.67024
        ]
      }
    },
    {
      "type": "Feature",
      "properties": {
        "id": "N_89_L_LMGN",
        "name": null,
        "nuts3": null
      },
      "geometry": {
        "type": "Point",
        "coordinates": [
          41.30054,
          45.27496
        ]
      }
    },
    {
      "type": "Feature",
      "properties": {
        "id": "SEQ_2013__L_LMGN",
        "name": null,
        "nuts3": null
      },
      "geometry": {
        "type": "Point",
        "coordinates": [
          41.23347,
          45.45322
        ]
      }
    },
    {
      "type": "Feature",
      "properties": {
        "id": "SEQ_2025__L_LMGN",
        "name": null,
        "nuts3": null
      },
      "geometry": {
        "type": "Point",
        "coordinates": [
          40.7665,
          46.05178
        ]
      }
    },
    {
      "type": "Feature",
      "properties": {
        "id": "SEQ_2027__L_LMGN",
        "name": null,
        "nuts3": null
      },
      "geometry": {
        "type": "Point",
        "coordinates": [
          40.62621,
          46.17435
        ]
      }
    },
    {
      "type": "Feature",
      "properties": {
        "id": "N_91_L_LMGN",
        "name": null,
        "nuts3": "UKM77"
      },
      "geometry": {
        "type": "Point",
        "coordinates": [
          -3.29707,
          56.49746
        ]
      }
    },
    {
      "type": "Feature",
      "properties": {
        "id": "SEQ_2075__L_LMGN",
        "name": null,
        "nuts3": "UKG12"
      },
      "geometry": {
        "type": "Point",
        "coordinates": [
          -1.85388,
          52.10208
        ]
      }
    },
    {
      "type": "Feature",
      "properties": {
        "id": "SEQ_4147_p",
        "name": null,
        "nuts3": "UKL14"
      },
      "geometry": {
        "type": "Point",
        "coordinates": [
          -3.8432,
          51.84987
        ]
      }
    },
    {
      "type": "Feature",
      "properties": {
        "id": "N_99_L_LMGN",
        "name": null,
        "nuts3": "ITG17"
      },
      "geometry": {
        "type": "Point",
        "coordinates": [
          14.60668,
          37.09799
        ]
      }
    },
    {
      "type": "Feature",
      "properties": {
        "id": "N_460_L_LMGN",
        "name": null,
        "nuts3": null
      },
      "geometry": {
        "type": "Point",
        "coordinates": [
          48.40634,
          41.6174
        ]
      }
    },
    {
      "type": "Feature",
      "properties": {
        "id": "SEQ_2415__L_LMGN",
        "name": null,
        "nuts3": null
      },
      "geometry": {
        "type": "Point",
        "coordinates": [
          47.87943,
          41.78797
        ]
      }
    },
    {
      "type": "Feature",
      "properties": {
        "id": "SEQ_2429__L_LMGN",
        "name": null,
        "nuts3": null
      },
      "geometry": {
        "type": "Point",
        "coordinates": [
          47.0004,
          41.69567
        ]
      }
    },
    {
      "type": "Feature",
      "properties": {
        "id": "SEQ_2469__L_LMGN",
        "name": null,
        "nuts3": null
      },
      "geometry": {
        "type": "Point",
        "coordinates": [
          44.72698,
          42.20494
        ]
      }
    },
    {
      "type": "Feature",
      "properties": {
        "id": "SEQ_2475__L_LMGN",
        "name": null,
        "nuts3": null
      },
      "geometry": {
        "type": "Point",
        "coordinates": [
          44.35313,
          42.12126
        ]
      }
    },
    {
      "type": "Feature",
      "properties": {
        "id": "SEQ_2495__L_LMGN",
        "name": null,
        "nuts3": null
      },
      "geometry": {
        "type": "Point",
        "coordinates": [
          43.14091,
          42.06461
        ]
      }
    },
    {
      "type": "Feature",
      "properties": {
        "id": "SEQ_2517__L_LMGN",
        "name": null,
        "nuts3": "TRA22"
      },
      "geometry": {
        "type": "Point",
        "coordinates": [
          42.94562,
          40.75602
        ]
      }
    },
    {
      "type": "Feature",
      "properties": {
        "id": "SEQ_2945__L_LMGN",
        "name": null,
        "nuts3": null
      },
      "geometry": {
        "type": "Point",
        "coordinates": [
          28.09656,
          30.74402
        ]
      }
    },
    {
      "type": "Feature",
      "properties": {
        "id": "SEQ_2977__L_LMGN",
        "name": null,
        "nuts3": null
      },
      "geometry": {
        "type": "Point",
        "coordinates": [
          31.36169,
          32.00102
        ]
      }
    },
    {
      "type": "Feature",
      "properties": {
        "id": "SEQ_2983__L_LMGN",
        "name": null,
        "nuts3": null
      },
      "geometry": {
        "type": "Point",
        "coordinates": [
          31.39423,
          31.73413
        ]
      }
    },
    {
      "type": "Feature",
      "properties": {
        "id": "N_135_L_LMGN",
        "name": null,
        "nuts3": null
      },
      "geometry": {
        "type": "Point",
        "coordinates": [
          31.08652,
          31.53088
        ]
      }
    },
    {
      "type": "Feature",
      "properties": {
        "id": "N_136_L_LMGN",
        "name": null,
        "nuts3": null
      },
      "geometry": {
        "type": "Point",
        "coordinates": [
          31.39762,
          30.88384
        ]
      }
    },
    {
      "type": "Feature",
      "properties": {
        "id": "SEQ_3011__L_LMGN",
        "name": null,
        "nuts3": null
      },
      "geometry": {
        "type": "Point",
        "coordinates": [
          32.39165,
          31.65252
        ]
      }
    },
    {
      "type": "Feature",
      "properties": {
        "id": "N_371_M_LMGN",
        "name": null,
        "nuts3": null
      },
      "geometry": {
        "type": "Point",
        "coordinates": [
          32.18365,
          31.98495
        ]
      }
    },
    {
      "type": "Feature",
      "properties": {
        "id": "N_34_M_LMGN",
        "name": null,
        "nuts3": null
      },
      "geometry": {
        "type": "Point",
        "coordinates": [
          38.00119,
          58.89513
        ]
      }
    },
    {
      "type": "Feature",
      "properties": {
        "id": "SEQ_3103__L_LMGN",
        "name": null,
        "nuts3": null
      },
      "geometry": {
        "type": "Point",
        "coordinates": [
          36.38316,
          59.36679
        ]
      }
    },
    {
      "type": "Feature",
      "properties": {
        "id": "SEQ_4279_p",
        "name": null,
        "nuts3": "UKJ46"
      },
      "geometry": {
        "type": "Point",
        "coordinates": [
          0.27299,
          51.39026
        ]
      }
    },
    {
      "type": "Feature",
      "properties": {
        "id": "N_144_L_LMGN",
        "name": null,
        "nuts3": "UKJ26"
      },
      "geometry": {
        "type": "Point",
        "coordinates": [
          0.00048,
          51.27025
        ]
      }
    },
    {
      "type": "Feature",
      "properties": {
        "id": "N_152_L_LMGN",
        "name": null,
        "nuts3": "FRF22"
      },
      "geometry": {
        "type": "Point",
        "coordinates": [
          3.68588,
          48.46604
        ]
      }
    },
    {
      "type": "Feature",
      "properties": {
        "id": "N_153_L_LMGN",
        "name": null,
        "nuts3": null
      },
      "geometry": {
        "type": "Point",
        "coordinates": [
          10.28691,
          36.15821
        ]
      }
    },
    {
      "type": "Feature",
      "properties": {
        "id": "SEQ_3403__L_LMGN",
        "name": null,
        "nuts3": null
      },
      "geometry": {
        "type": "Point",
        "coordinates": [
          12.11092,
          37.53635
        ]
      }
    },
    {
      "type": "Feature",
      "properties": {
        "id": "SEQ_3421__L_LMGN",
        "name": null,
        "nuts3": null
      },
      "geometry": {
        "type": "Point",
        "coordinates": [
          10.96333,
          36.93421
        ]
      }
    },
    {
      "type": "Feature",
      "properties": {
        "id": "SEQ_3431__L_LMGN",
        "name": null,
        "nuts3": null
      },
      "geometry": {
        "type": "Point",
        "coordinates": [
          10.53516,
          36.3763
        ]
      }
    },
    {
      "type": "Feature",
      "properties": {
        "id": "SEQ_4366_p",
        "name": null,
        "nuts3": "CZ063"
      },
      "geometry": {
        "type": "Point",
        "coordinates": [
          15.97552,
          49.29526
        ]
      }
    },
    {
      "type": "Feature",
      "properties": {
        "id": "SEQ_3737__L_LMGN",
        "name": null,
        "nuts3": "ITF51"
      },
      "geometry": {
        "type": "Point",
        "coordinates": [
          15.69617,
          40.93898
        ]
      }
    },
    {
      "type": "Feature",
      "properties": {
        "id": "SEQ_4371_p",
        "name": null,
        "nuts3": "ITF46"
      },
      "geometry": {
        "type": "Point",
        "coordinates": [
          15.48874,
          41.14472
        ]
      }
    },
    {
      "type": "Feature",
      "properties": {
        "id": "SEQ_3813__L_LMGN",
        "name": null,
        "nuts3": null
      },
      "geometry": {
        "type": "Point",
        "coordinates": [
          30.19558,
          54.57912
        ]
      }
    },
    {
      "type": "Feature",
      "properties": {
        "id": "SEQ_3817__L_LMGN",
        "name": null,
        "nuts3": null
      },
      "geometry": {
        "type": "Point",
        "coordinates": [
          30.65451,
          54.63841
        ]
      }
    },
    {
      "type": "Feature",
      "properties": {
        "id": "N_177_L_LMGN",
        "name": null,
        "nuts3": null
      },
      "geometry": {
        "type": "Point",
        "coordinates": [
          29.9107,
          31.64378
        ]
      }
    },
    {
      "type": "Feature",
      "properties": {
        "id": "SEQ_4057__L_LMGN",
        "name": null,
        "nuts3": null
      },
      "geometry": {
        "type": "Point",
        "coordinates": [
          29.76049,
          31.69227
        ]
      }
    },
    {
      "type": "Feature",
      "properties": {
        "id": "N_178_L_LMGN",
        "name": null,
        "nuts3": null
      },
      "geometry": {
        "type": "Point",
        "coordinates": [
          29.85844,
          31.56215
        ]
      }
    },
    {
      "type": "Feature",
      "properties": {
        "id": "N_182_L_LMGN",
        "name": null,
        "nuts3": null
      },
      "geometry": {
        "type": "Point",
        "coordinates": [
          36.81387,
          52.36647
        ]
      }
    },
    {
      "type": "Feature",
      "properties": {
        "id": "N_183_L_LMGN",
        "name": null,
        "nuts3": null
      },
      "geometry": {
        "type": "Point",
        "coordinates": [
          35.93988,
          53.72728
        ]
      }
    },
    {
      "type": "Feature",
      "properties": {
        "id": "SEQ_4421_p",
        "name": null,
        "nuts3": "UKM77"
      },
      "geometry": {
        "type": "Point",
        "coordinates": [
          -3.3597,
          56.25135
        ]
      }
    },
    {
      "type": "Feature",
      "properties": {
        "id": "SEQ_4423_p",
        "name": null,
        "nuts3": "FR103"
      },
      "geometry": {
        "type": "Point",
        "coordinates": [
          1.58174,
          48.88749
        ]
      }
    },
    {
      "type": "Feature",
      "properties": {
        "id": "SEQ_4187__L_LMGN",
        "name": null,
        "nuts3": "FRB02"
      },
      "geometry": {
        "type": "Point",
        "coordinates": [
          1.4392,
          48.78552
        ]
      }
    },
    {
      "type": "Feature",
      "properties": {
        "id": "SEQ_4363__L_LMGN",
        "name": null,
        "nuts3": "FR102"
      },
      "geometry": {
        "type": "Point",
        "coordinates": [
          2.61921,
          48.93889
        ]
      }
    },
    {
      "type": "Feature",
      "properties": {
        "id": "SEQ_4441__L_LMGN",
        "name": null,
        "nuts3": null
      },
      "geometry": {
        "type": "Point",
        "coordinates": [
          2.26178,
          35.72921
        ]
      }
    },
    {
      "type": "Feature",
      "properties": {
        "id": "SEQ_4455__L_LMGN",
        "name": null,
        "nuts3": null
      },
      "geometry": {
        "type": "Point",
        "coordinates": [
          2.89658,
          36.13394
        ]
      }
    },
    {
      "type": "Feature",
      "properties": {
        "id": "SEQ_4459__L_LMGN",
        "name": null,
        "nuts3": null
      },
      "geometry": {
        "type": "Point",
        "coordinates": [
          3.11583,
          36.17052
        ]
      }
    },
    {
      "type": "Feature",
      "properties": {
        "id": "SEQ_4463__L_LMGN",
        "name": null,
        "nuts3": null
      },
      "geometry": {
        "type": "Point",
        "coordinates": [
          3.42662,
          36.19673
        ]
      }
    },
    {
      "type": "Feature",
      "properties": {
        "id": "SEQ_4469__L_LMGN",
        "name": null,
        "nuts3": null
      },
      "geometry": {
        "type": "Point",
        "coordinates": [
          3.64856,
          36.00483
        ]
      }
    },
    {
      "type": "Feature",
      "properties": {
        "id": "SEQ_4475__L_LMGN",
        "name": null,
        "nuts3": null
      },
      "geometry": {
        "type": "Point",
        "coordinates": [
          3.63348,
          35.6768
        ]
      }
    },
    {
      "type": "Feature",
      "properties": {
        "id": "SEQ_4487__L_LMGN",
        "name": null,
        "nuts3": null
      },
      "geometry": {
        "type": "Point",
        "coordinates": [
          3.63306,
          35.04855
        ]
      }
    },
    {
      "type": "Feature",
      "properties": {
        "id": "SEQ_4507__L_LMGN",
        "name": null,
        "nuts3": null
      },
      "geometry": {
        "type": "Point",
        "coordinates": [
          3.43888,
          34.01413
        ]
      }
    },
    {
      "type": "Feature",
      "properties": {
        "id": "N_199_L_LMGN",
        "name": null,
        "nuts3": null
      },
      "geometry": {
        "type": "Point",
        "coordinates": [
          3.38776,
          32.54586
        ]
      }
    },
    {
      "type": "Feature",
      "properties": {
        "id": "N_201_L_LMGN",
        "name": null,
        "nuts3": null
      },
      "geometry": {
        "type": "Point",
        "coordinates": [
          3.6323,
          32.35589
        ]
      }
    },
    {
      "type": "Feature",
      "properties": {
        "id": "SEQ_4575__L_LMGN",
        "name": null,
        "nuts3": null
      },
      "geometry": {
        "type": "Point",
        "coordinates": [
          3.24829,
          32.52965
        ]
      }
    },
    {
      "type": "Feature",
      "properties": {
        "id": "SEQ_4769__L_LMGN",
        "name": null,
        "nuts3": null
      },
      "geometry": {
        "type": "Point",
        "coordinates": [
          -5.9478,
          35.59329
        ]
      }
    },
    {
      "type": "Feature",
      "properties": {
        "id": "SEQ_4773__L_LMGN",
        "name": null,
        "nuts3": null
      },
      "geometry": {
        "type": "Point",
        "coordinates": [
          -5.96748,
          35.80367
        ]
      }
    },
    {
      "type": "Feature",
      "properties": {
        "id": "SEQ_4779__L_LMGN",
        "name": null,
        "nuts3": null
      },
      "geometry": {
        "type": "Point",
        "coordinates": [
          -5.83643,
          36.09059
        ]
      }
    },
    {
      "type": "Feature",
      "properties": {
        "id": "N_203_L_LMGN",
        "name": null,
        "nuts3": null
      },
      "geometry": {
        "type": "Point",
        "coordinates": [
          9.99513,
          36.62654
        ]
      }
    },
    {
      "type": "Feature",
      "properties": {
        "id": "SEQ_4831__L_LMGN",
        "name": null,
        "nuts3": null
      },
      "geometry": {
        "type": "Point",
        "coordinates": [
          10.12949,
          36.4128
        ]
      }
    },
    {
      "type": "Feature",
      "properties": {
        "id": "SEQ_4837__L_LMGN",
        "name": null,
        "nuts3": null
      },
      "geometry": {
        "type": "Point",
        "coordinates": [
          6.71804,
          36.41713
        ]
      }
    },
    {
      "type": "Feature",
      "properties": {
        "id": "SEQ_4841__L_LMGN",
        "name": null,
        "nuts3": null
      },
      "geometry": {
        "type": "Point",
        "coordinates": [
          6.56578,
          36.22895
        ]
      }
    },
    {
      "type": "Feature",
      "properties": {
        "id": "SEQ_4849__L_LMGN",
        "name": null,
        "nuts3": null
      },
      "geometry": {
        "type": "Point",
        "coordinates": [
          6.33102,
          35.82458
        ]
      }
    },
    {
      "type": "Feature",
      "properties": {
        "id": "SEQ_4859__L_LMGN",
        "name": null,
        "nuts3": null
      },
      "geometry": {
        "type": "Point",
        "coordinates": [
          5.88885,
          35.41859
        ]
      }
    },
    {
      "type": "Feature",
      "properties": {
        "id": "SEQ_4863__L_LMGN",
        "name": null,
        "nuts3": null
      },
      "geometry": {
        "type": "Point",
        "coordinates": [
          5.69685,
          35.26399
        ]
      }
    },
    {
      "type": "Feature",
      "properties": {
        "id": "SEQ_4869__L_LMGN",
        "name": null,
        "nuts3": null
      },
      "geometry": {
        "type": "Point",
        "coordinates": [
          5.45629,
          35.00192
        ]
      }
    },
    {
      "type": "Feature",
      "properties": {
        "id": "N_205_L_LMGN",
        "name": null,
        "nuts3": null
      },
      "geometry": {
        "type": "Point",
        "coordinates": [
          4.47998,
          33.49017
        ]
      }
    },
    {
      "type": "Feature",
      "properties": {
        "id": "N_207_L_LMGN",
        "name": null,
        "nuts3": null
      },
      "geometry": {
        "type": "Point",
        "coordinates": [
          47.04863,
          38.63519
        ]
      }
    },
    {
      "type": "Feature",
      "properties": {
        "id": "SEQ_4593_p",
        "name": null,
        "nuts3": "ITH52"
      },
      "geometry": {
        "type": "Point",
        "coordinates": [
          10.25685,
          44.90885
        ]
      }
    },
    {
      "type": "Feature",
      "properties": {
        "id": "SEQ_5101__L_LMGN",
        "name": null,
        "nuts3": "FRF12"
      },
      "geometry": {
        "type": "Point",
        "coordinates": [
          7.43246,
          47.51129
        ]
      }
    },
    {
      "type": "Feature",
      "properties": {
        "id": "SEQ_5103__L_LMGN",
        "name": null,
        "nuts3": "CH032"
      },
      "geometry": {
        "type": "Point",
        "coordinates": [
          7.6285,
          47.51811
        ]
      }
    },
    {
      "type": "Feature",
      "properties": {
        "id": "SEQ_5567__L_LMGN",
        "name": null,
        "nuts3": null
      },
      "geometry": {
        "type": "Point",
        "coordinates": [
          36.76531,
          32.33348
        ]
      }
    },
    {
      "type": "Feature",
      "properties": {
        "id": "SEQ_4668_p",
        "name": null,
        "nuts3": "SK032"
      },
      "geometry": {
        "type": "Point",
        "coordinates": [
          19.90012,
          48.35346
        ]
      }
    },
    {
      "type": "Feature",
      "properties": {
        "id": "SEQ_4672_p",
        "name": null,
        "nuts3": "SK042"
      },
      "geometry": {
        "type": "Point",
        "coordinates": [
          21.19588,
          48.61267
        ]
      }
    },
    {
      "type": "Feature",
      "properties": {
        "id": "SEQ_5959__L_LMGN",
        "name": null,
        "nuts3": "FRF31"
      },
      "geometry": {
        "type": "Point",
        "coordinates": [
          6.28256,
          48.5706
        ]
      }
    },
    {
      "type": "Feature",
      "properties": {
        "id": "SEQ_6059__L_LMGN",
        "name": null,
        "nuts3": null
      },
      "geometry": {
        "type": "Point",
        "coordinates": [
          2.70168,
          33.42654
        ]
      }
    },
    {
      "type": "Feature",
      "properties": {
        "id": "SEQ_6067__L_LMGN",
        "name": null,
        "nuts3": null
      },
      "geometry": {
        "type": "Point",
        "coordinates": [
          2.38749,
          33.79739
        ]
      }
    },
    {
      "type": "Feature",
      "properties": {
        "id": "SEQ_6077__L_LMGN",
        "name": null,
        "nuts3": null
      },
      "geometry": {
        "type": "Point",
        "coordinates": [
          1.91397,
          34.15747
        ]
      }
    },
    {
      "type": "Feature",
      "properties": {
        "id": "SEQ_6083__L_LMGN",
        "name": null,
        "nuts3": null
      },
      "geometry": {
        "type": "Point",
        "coordinates": [
          1.58196,
          34.30521
        ]
      }
    },
    {
      "type": "Feature",
      "properties": {
        "id": "SEQ_6163__L_LMGN",
        "name": null,
        "nuts3": null
      },
      "geometry": {
        "type": "Point",
        "coordinates": [
          8.17246,
          34.38383
        ]
      }
    },
    {
      "type": "Feature",
      "properties": {
        "id": "N_245_L_LMGN",
        "name": null,
        "nuts3": null
      },
      "geometry": {
        "type": "Point",
        "coordinates": [
          30.37689,
          31.55458
        ]
      }
    },
    {
      "type": "Feature",
      "properties": {
        "id": "N_123_L_LMGN",
        "name": null,
        "nuts3": null
      },
      "geometry": {
        "type": "Point",
        "coordinates": [
          38.93947,
          47.15693
        ]
      }
    },
    {
      "type": "Feature",
      "properties": {
        "id": "SEQ_6463__L_LMGN",
        "name": null,
        "nuts3": null
      },
      "geometry": {
        "type": "Point",
        "coordinates": [
          38.94321,
          47.03157
        ]
      }
    },
    {
      "type": "Feature",
      "properties": {
        "id": "N_250_L_LMGN",
        "name": null,
        "nuts3": "FRE22"
      },
      "geometry": {
        "type": "Point",
        "coordinates": [
          1.80322,
          49.30125
        ]
      }
    },
    {
      "type": "Feature",
      "properties": {
        "id": "SEQ_6789__L_LMGN",
        "name": null,
        "nuts3": "PL617"
      },
      "geometry": {
        "type": "Point",
        "coordinates": [
          18.30069,
          52.72832
        ]
      }
    },
    {
      "type": "Feature",
      "properties": {
        "id": "SEQ_7179__L_LMGN",
        "name": null,
        "nuts3": null
      },
      "geometry": {
        "type": "Point",
        "coordinates": [
          37.1222,
          34.64089
        ]
      }
    },
    {
      "type": "Feature",
      "properties": {
        "id": "SEQ_7283__L_LMGN",
        "name": null,
        "nuts3": "BG341"
      },
      "geometry": {
        "type": "Point",
        "coordinates": [
          26.61378,
          42.84169
        ]
      }
    },
    {
      "type": "Feature",
      "properties": {
        "id": "SEQ_7287__L_LMGN",
        "name": null,
        "nuts3": "BG342"
      },
      "geometry": {
        "type": "Point",
        "coordinates": [
          26.36186,
          42.7733
        ]
      }
    },
    {
      "type": "Feature",
      "properties": {
        "id": "SEQ_7297__L_LMGN",
        "name": null,
        "nuts3": "BG344"
      },
      "geometry": {
        "type": "Point",
        "coordinates": [
          25.87393,
          42.43567
        ]
      }
    },
    {
      "type": "Feature",
      "properties": {
        "id": "SEQ_7309__L_LMGN",
        "name": null,
        "nuts3": "BG421"
      },
      "geometry": {
        "type": "Point",
        "coordinates": [
          25.11813,
          42.32755
        ]
      }
    },
    {
      "type": "Feature",
      "properties": {
        "id": "SEQ_7363__L_LMGN",
        "name": null,
        "nuts3": null
      },
      "geometry": {
        "type": "Point",
        "coordinates": [
          39.20327,
          45.21364
        ]
      }
    },
    {
      "type": "Feature",
      "properties": {
        "id": "SEQ_7519__L_LMGN",
        "name": null,
        "nuts3": null
      },
      "geometry": {
        "type": "Point",
        "coordinates": [
          3.76596,
          32.27045
        ]
      }
    },
    {
      "type": "Feature",
      "properties": {
        "id": "SEQ_7521__L_LMGN",
        "name": null,
        "nuts3": null
      },
      "geometry": {
        "type": "Point",
        "coordinates": [
          3.86062,
          32.22182
        ]
      }
    },
    {
      "type": "Feature",
      "properties": {
        "id": "SEQ_7529__L_LMGN",
        "name": null,
        "nuts3": null
      },
      "geometry": {
        "type": "Point",
        "coordinates": [
          4.27725,
          32.00944
        ]
      }
    },
    {
      "type": "Feature",
      "properties": {
        "id": "SEQ_7533__L_LMGN",
        "name": null,
        "nuts3": null
      },
      "geometry": {
        "type": "Point",
        "coordinates": [
          4.48039,
          31.90728
        ]
      }
    },
    {
      "type": "Feature",
      "properties": {
        "id": "SEQ_7535__L_LMGN",
        "name": null,
        "nuts3": null
      },
      "geometry": {
        "type": "Point",
        "coordinates": [
          4.58306,
          31.85655
        ]
      }
    },
    {
      "type": "Feature",
      "properties": {
        "id": "SEQ_7541__L_LMGN",
        "name": null,
        "nuts3": null
      },
      "geometry": {
        "type": "Point",
        "coordinates": [
          4.89311,
          31.69795
        ]
      }
    },
    {
      "type": "Feature",
      "properties": {
        "id": "SEQ_7551__L_LMGN",
        "name": null,
        "nuts3": null
      },
      "geometry": {
        "type": "Point",
        "coordinates": [
          5.3992,
          31.43987
        ]
      }
    },
    {
      "type": "Feature",
      "properties": {
        "id": "SEQ_7563__L_LMGN",
        "name": null,
        "nuts3": null
      },
      "geometry": {
        "type": "Point",
        "coordinates": [
          6.07917,
          31.36506
        ]
      }
    },
    {
      "type": "Feature",
      "properties": {
        "id": "SEQ_7577__L_LMGN",
        "name": null,
        "nuts3": null
      },
      "geometry": {
        "type": "Point",
        "coordinates": [
          6.6269,
          30.90619
        ]
      }
    },
    {
      "type": "Feature",
      "properties": {
        "id": "SEQ_7717__L_LMGN",
        "name": null,
        "nuts3": "PL228"
      },
      "geometry": {
        "type": "Point",
        "coordinates": [
          18.68287,
          50.53219
        ]
      }
    },
    {
      "type": "Feature",
      "properties": {
        "id": "SEQ_7939__L_LMGN",
        "name": null,
        "nuts3": "BE224"
      },
      "geometry": {
        "type": "Point",
        "coordinates": [
          5.10895,
          50.7797
        ]
      }
    },
    {
      "type": "Feature",
      "properties": {
        "id": "N_281_L_LMGN",
        "name": null,
        "nuts3": null
      },
      "geometry": {
        "type": "Point",
        "coordinates": [
          38.95163,
          43.9211
        ]
      }
    },
    {
      "type": "Feature",
      "properties": {
        "id": "SEQ_8113__L_LMGN",
        "name": null,
        "nuts3": null
      },
      "geometry": {
        "type": "Point",
        "coordinates": [
          39.1952,
          43.86124
        ]
      }
    },
    {
      "type": "Feature",
      "properties": {
        "id": "SEQ_4980_p",
        "name": null,
        "nuts3": "BE310"
      },
      "geometry": {
        "type": "Point",
        "coordinates": [
          4.46934,
          50.74657
        ]
      }
    },
    {
      "type": "Feature",
      "properties": {
        "id": "SEQ_8227__L_LMGN",
        "name": null,
        "nuts3": "BE310"
      },
      "geometry": {
        "type": "Point",
        "coordinates": [
          4.37403,
          50.69461
        ]
      }
    },
    {
      "type": "Feature",
      "properties": {
        "id": "N_248_L_LMGN",
        "name": null,
        "nuts3": null
      },
      "geometry": {
        "type": "Point",
        "coordinates": [
          39.0774,
          46.18262
        ]
      }
    },
    {
      "type": "Feature",
      "properties": {
        "id": "SEQ_8265__L_LMGN",
        "name": null,
        "nuts3": null
      },
      "geometry": {
        "type": "Point",
        "coordinates": [
          40.79741,
          45.00262
        ]
      }
    },
    {
      "type": "Feature",
      "properties": {
        "id": "SEQ_8285__L_LMGN",
        "name": null,
        "nuts3": null
      },
      "geometry": {
        "type": "Point",
        "coordinates": [
          40.16714,
          45.49031
        ]
      }
    },
    {
      "type": "Feature",
      "properties": {
        "id": "SEQ_5010_p",
        "name": null,
        "nuts3": "TRC22"
      },
      "geometry": {
        "type": "Point",
        "coordinates": [
          40.00738,
          37.77395
        ]
      }
    },
    {
      "type": "Feature",
      "properties": {
        "id": "N_297_L_LMGN",
        "name": null,
        "nuts3": null
      },
      "geometry": {
        "type": "Point",
        "coordinates": [
          30.1439,
          31.59939
        ]
      }
    },
    {
      "type": "Feature",
      "properties": {
        "id": "N_298_L_LMGN",
        "name": null,
        "nuts3": null
      },
      "geometry": {
        "type": "Point",
        "coordinates": [
          30.11768,
          31.55862
        ]
      }
    },
    {
      "type": "Feature",
      "properties": {
        "id": "N_258_M_LMGN",
        "name": null,
        "nuts3": null
      },
      "geometry": {
        "type": "Point",
        "coordinates": [
          42.38307,
          49.89535
        ]
      }
    },
    {
      "type": "Feature",
      "properties": {
        "id": "N_782_M_LMGN",
        "name": null,
        "nuts3": "PL229"
      },
      "geometry": {
        "type": "Point",
        "coordinates": [
          18.55669,
          50.39257
        ]
      }
    },
    {
      "type": "Feature",
      "properties": {
        "id": "SEQ_1179__M_LMGN",
        "name": null,
        "nuts3": null
      },
      "geometry": {
        "type": "Point",
        "coordinates": [
          34.03443,
          56.98298
        ]
      }
    },
    {
      "type": "Feature",
      "properties": {
        "id": "SEQ_5058_p",
        "name": null,
        "nuts3": "ITI19"
      },
      "geometry": {
        "type": "Point",
        "coordinates": [
          11.75403,
          42.97939
        ]
      }
    },
    {
      "type": "Feature",
      "properties": {
        "id": "SEQ_8971__M_LMGN",
        "name": null,
        "nuts3": "ITI1A"
      },
      "geometry": {
        "type": "Point",
        "coordinates": [
          11.50401,
          42.95226
        ]
      }
    },
    {
      "type": "Feature",
      "properties": {
        "id": "SEQ_5955__M_LMGN",
        "name": null,
        "nuts3": null
      },
      "geometry": {
        "type": "Point",
        "coordinates": [
          47.44613,
          58.42198
        ]
      }
    },
    {
      "type": "Feature",
      "properties": {
        "id": "SEQ_7763__M_LMGN",
        "name": null,
        "nuts3": "PL418"
      },
      "geometry": {
        "type": "Point",
        "coordinates": [
          17.01747,
          52.57942
        ]
      }
    },
    {
      "type": "Feature",
      "properties": {
        "id": "SEQ_5151__M_LMGN",
        "name": null,
        "nuts3": null
      },
      "geometry": {
        "type": "Point",
        "coordinates": [
          28.64906,
          53.50185
        ]
      }
    },
    {
      "type": "Feature",
      "properties": {
        "id": "N_893_M_LMGN",
        "name": null,
        "nuts3": "FRF33"
      },
      "geometry": {
        "type": "Point",
        "coordinates": [
          6.79809,
          48.65301
        ]
      }
    },
    {
      "type": "Feature",
      "properties": {
        "id": "SEQ_4003__M_LMGN",
        "name": null,
        "nuts3": null
      },
      "geometry": {
        "type": "Point",
        "coordinates": [
          38.48752,
          57.2644
        ]
      }
    },
    {
      "type": "Feature",
      "properties": {
        "id": "SEQ_10789__M_LMGN",
        "name": null,
        "nuts3": "FRF11"
      },
      "geometry": {
        "type": "Point",
        "coordinates": [
          7.08927,
          49.02305
        ]
      }
    },
    {
      "type": "Feature",
      "properties": {
        "id": "SEQ_5979__M_LMGN",
        "name": null,
        "nuts3": null
      },
      "geometry": {
        "type": "Point",
        "coordinates": [
          45.32286,
          57.39068
        ]
      }
    },
    {
      "type": "Feature",
      "properties": {
        "id": "SEQ_2383__M_LMGN",
        "name": null,
        "nuts3": null
      },
      "geometry": {
        "type": "Point",
        "coordinates": [
          41.9163,
          55.1378
        ]
      }
    },
    {
      "type": "Feature",
      "properties": {
        "id": "SEQ_7527__M_LMGN",
        "name": null,
        "nuts3": null
      },
      "geometry": {
        "type": "Point",
        "coordinates": [
          45.99934,
          51.30575
        ]
      }
    },
    {
      "type": "Feature",
      "properties": {
        "id": "SEQ_2715__M_LMGN",
        "name": null,
        "nuts3": null
      },
      "geometry": {
        "type": "Point",
        "coordinates": [
          39.54273,
          53.91095
        ]
      }
    },
    {
      "type": "Feature",
      "properties": {
        "id": "N_70_M_LMGN",
        "name": null,
        "nuts3": null
      },
      "geometry": {
        "type": "Point",
        "coordinates": [
          5.46983,
          31.49195
        ]
      }
    },
    {
      "type": "Feature",
      "properties": {
        "id": "SEQ_5971__M_LMGN",
        "name": null,
        "nuts3": null
      },
      "geometry": {
        "type": "Point",
        "coordinates": [
          46.02758,
          57.73011
        ]
      }
    },
    {
      "type": "Feature",
      "properties": {
        "id": "N_253_M_LMGN",
        "name": null,
        "nuts3": null
      },
      "geometry": {
        "type": "Point",
        "coordinates": [
          32.50888,
          31.47466
        ]
      }
    },
    {
      "type": "Feature",
      "properties": {
        "id": "SEQ_353__M_LMGN",
        "name": null,
        "nuts3": null
      },
      "geometry": {
        "type": "Point",
        "coordinates": [
          50.62583,
          65.73383
        ]
      }
    },
    {
      "type": "Feature",
      "properties": {
        "id": "SEQ_8225__M_LMGN",
        "name": null,
        "nuts3": "FRC13"
      },
      "geometry": {
        "type": "Point",
        "coordinates": [
          4.90098,
          46.89368
        ]
      }
    },
    {
      "type": "Feature",
      "properties": {
        "id": "SEQ_9501__M_LMGN",
        "name": null,
        "nuts3": null
      },
      "geometry": {
        "type": "Point",
        "coordinates": [
          37.32879,
          54.76068
        ]
      }
    },
    {
      "type": "Feature",
      "properties": {
        "id": "SEQ_2769__M_LMGN",
        "name": null,
        "nuts3": null
      },
      "geometry": {
        "type": "Point",
        "coordinates": [
          2.60663,
          33.3832
        ]
      }
    },
    {
      "type": "Feature",
      "properties": {
        "id": "SEQ_3813__M_LMGN",
        "name": null,
        "nuts3": null
      },
      "geometry": {
        "type": "Point",
        "coordinates": [
          40.07725,
          45.50424
        ]
      }
    },
    {
      "type": "Feature",
      "properties": {
        "id": "SEQ_5963__M_LMGN",
        "name": null,
        "nuts3": null
      },
      "geometry": {
        "type": "Point",
        "coordinates": [
          46.74712,
          58.07708
        ]
      }
    },
    {
      "type": "Feature",
      "properties": {
        "id": "SEQ_5989__M_LMGN",
        "name": null,
        "nuts3": null
      },
      "geometry": {
        "type": "Point",
        "coordinates": [
          44.45163,
          56.91747
        ]
      }
    },
    {
      "type": "Feature",
      "properties": {
        "id": "N_123_M_LMGN",
        "name": null,
        "nuts3": null
      },
      "geometry": {
        "type": "Point",
        "coordinates": [
          37.2335,
          58.32979
        ]
      }
    },
    {
      "type": "Feature",
      "properties": {
        "id": "SEQ_3825__M_LMGN",
        "name": null,
        "nuts3": null
      },
      "geometry": {
        "type": "Point",
        "coordinates": [
          40.85646,
          46.08132
        ]
      }
    },
    {
      "type": "Feature",
      "properties": {
        "id": "N_915_M_LMGN",
        "name": null,
        "nuts3": "FRF22"
      },
      "geometry": {
        "type": "Point",
        "coordinates": [
          4.02526,
          48.59666
        ]
      }
    },
    {
      "type": "Feature",
      "properties": {
        "id": "SEQ_6515__M_LMGN",
        "name": null,
        "nuts3": "PL524"
      },
      "geometry": {
        "type": "Point",
        "coordinates": [
          17.95563,
          50.66851
        ]
      }
    },
    {
      "type": "Feature",
      "properties": {
        "id": "SEQ_2785__M_LMGN",
        "name": null,
        "nuts3": null
      },
      "geometry": {
        "type": "Point",
        "coordinates": [
          1.88771,
          34.08674
        ]
      }
    },
    {
      "type": "Feature",
      "properties": {
        "id": "SEQ_10581__M_LMGN",
        "name": null,
        "nuts3": "PL417"
      },
      "geometry": {
        "type": "Point",
        "coordinates": [
          16.89227,
          51.73626
        ]
      }
    },
    {
      "type": "Feature",
      "properties": {
        "id": "SEQ_3725__M_LMGN",
        "name": null,
        "nuts3": null
      },
      "geometry": {
        "type": "Point",
        "coordinates": [
          29.66407,
          31.68699
        ]
      }
    },
    {
      "type": "Feature",
      "properties": {
        "id": "N_748_M_LMGN",
        "name": null,
        "nuts3": null
      },
      "geometry": {
        "type": "Point",
        "coordinates": [
          39.45941,
          45.28336
        ]
      }
    },
    {
      "type": "Feature",
      "properties": {
        "id": "SEQ_5154_p",
        "name": null,
        "nuts3": "FRE11"
      },
      "geometry": {
        "type": "Point",
        "coordinates": [
          3.27057,
          50.40787
        ]
      }
    },
    {
      "type": "Feature",
      "properties": {
        "id": "SEQ_6069__M_LMGN",
        "name": null,
        "nuts3": null
      },
      "geometry": {
        "type": "Point",
        "coordinates": [
          49.89743,
          60.46019
        ]
      }
    },
    {
      "type": "Feature",
      "properties": {
        "id": "SEQ_109__M_LMGN",
        "name": null,
        "nuts3": null
      },
      "geometry": {
        "type": "Point",
        "coordinates": [
          54.45127,
          52.62185
        ]
      }
    },
    {
      "type": "Feature",
      "properties": {
        "id": "SEQ_121__M_LMGN",
        "name": null,
        "nuts3": null
      },
      "geometry": {
        "type": "Point",
        "coordinates": [
          54.16087,
          53.57478
        ]
      }
    },
    {
      "type": "Feature",
      "properties": {
        "id": "N_9_M_LMGN",
        "name": null,
        "nuts3": null
      },
      "geometry": {
        "type": "Point",
        "coordinates": [
          53.92082,
          54.36729
        ]
      }
    },
    {
      "type": "Feature",
      "properties": {
        "id": "N_14_M_LMGN",
        "name": null,
        "nuts3": "FI197"
      },
      "geometry": {
        "type": "Point",
        "coordinates": [
          23.09504,
          61.75636
        ]
      }
    },
    {
      "type": "Feature",
      "properties": {
        "id": "N_21_M_LMGN",
        "name": null,
        "nuts3": "TR100"
      },
      "geometry": {
        "type": "Point",
        "coordinates": [
          28.46512,
          41.1916
        ]
      }
    },
    {
      "type": "Feature",
      "properties": {
        "id": "N_32_M_LMGN",
        "name": null,
        "nuts3": null
      },
      "geometry": {
        "type": "Point",
        "coordinates": [
          50.29858,
          64.62775
        ]
      }
    },
    {
      "type": "Feature",
      "properties": {
        "id": "N_48_M_LMGN",
        "name": null,
        "nuts3": null
      },
      "geometry": {
        "type": "Point",
        "coordinates": [
          30.45163,
          32.56166
        ]
      }
    },
    {
      "type": "Feature",
      "properties": {
        "id": "N_53_M_LMGN",
        "name": null,
        "nuts3": null
      },
      "geometry": {
        "type": "Point",
        "coordinates": [
          46.49827,
          47.65347
        ]
      }
    },
    {
      "type": "Feature",
      "properties": {
        "id": "N_54_M_LMGN",
        "name": null,
        "nuts3": null
      },
      "geometry": {
        "type": "Point",
        "coordinates": [
          45.90603,
          47.21913
        ]
      }
    },
    {
      "type": "Feature",
      "properties": {
        "id": "N_80_M_LMGN",
        "name": null,
        "nuts3": "PT181"
      },
      "geometry": {
        "type": "Point",
        "coordinates": [
          -8.79009,
          37.94417
        ]
      }
    },
    {
      "type": "Feature",
      "properties": {
        "id": "N_83_M_LMGN",
        "name": null,
        "nuts3": null
      },
      "geometry": {
        "type": "Point",
        "coordinates": [
          53.28342,
          58.9166
        ]
      }
    },
    {
      "type": "Feature",
      "properties": {
        "id": "N_85_M_LMGN",
        "name": null,
        "nuts3": null
      },
      "geometry": {
        "type": "Point",
        "coordinates": [
          50.47452,
          63.95043
        ]
      }
    },
    {
      "type": "Feature",
      "properties": {
        "id": "N_12_M_LMGN",
        "name": null,
        "nuts3": null
      },
      "geometry": {
        "type": "Point",
        "coordinates": [
          49.00232,
          41.9666
        ]
      }
    },
    {
      "type": "Feature",
      "properties": {
        "id": "Prod_74",
        "name": null,
        "nuts3": null
      },
      "geometry": {
        "type": "Point",
        "coordinates": [
          30.36658,
          32.72161
        ]
      }
    },
    {
      "type": "Feature",
      "properties": {
        "id": "Prod_35",
        "name": null,
        "nuts3": null
      },
      "geometry": {
        "type": "Point",
        "coordinates": [
          29.44032,
          32.33194
        ]
      }
    },
    {
      "type": "Feature",
      "properties": {
        "id": "SEQ_5336_p",
        "name": null,
        "nuts3": null
      },
      "geometry": {
        "type": "Point",
        "coordinates": [
          30.01593,
          32.20733
        ]
      }
    },
    {
      "type": "Feature",
      "properties": {
        "id": "N_93_M_LMGN",
        "name": null,
        "nuts3": null
      },
      "geometry": {
        "type": "Point",
        "coordinates": [
          30.07447,
          32.09257
        ]
      }
    },
    {
      "type": "Feature",
      "properties": {
        "id": "N_98_M_LMGN",
        "name": null,
        "nuts3": null
      },
      "geometry": {
        "type": "Point",
        "coordinates": [
          31.39257,
          31.62052
        ]
      }
    },
    {
      "type": "Feature",
      "properties": {
        "id": "N_102_M_LMGN",
        "name": null,
        "nuts3": "TR711"
      },
      "geometry": {
        "type": "Point",
        "coordinates": [
          33.62428,
          39.60464
        ]
      }
    },
    {
      "type": "Feature",
      "properties": {
        "id": "SEQ_971__M_LMGN",
        "name": null,
        "nuts3": null
      },
      "geometry": {
        "type": "Point",
        "coordinates": [
          31.98181,
          32.46714
        ]
      }
    },
    {
      "type": "Feature",
      "properties": {
        "id": "N_106_M_LMGN",
        "name": null,
        "nuts3": null
      },
      "geometry": {
        "type": "Point",
        "coordinates": [
          32.16956,
          32.18274
        ]
      }
    },
    {
      "type": "Feature",
      "properties": {
        "id": "N_117_M_LMGN",
        "name": null,
        "nuts3": null
      },
      "geometry": {
        "type": "Point",
        "coordinates": [
          43.98921,
          44.09366
        ]
      }
    },
    {
      "type": "Feature",
      "properties": {
        "id": "N_118_M_LMGN",
        "name": null,
        "nuts3": null
      },
      "geometry": {
        "type": "Point",
        "coordinates": [
          45.84641,
          46.28214
        ]
      }
    },
    {
      "type": "Feature",
      "properties": {
        "id": "N_53_L_LMGN",
        "name": null,
        "nuts3": null
      },
      "geometry": {
        "type": "Point",
        "coordinates": [
          31.88137,
          54.9158
        ]
      }
    },
    {
      "type": "Feature",
      "properties": {
        "id": "SEQ_1183__M_LMGN",
        "name": null,
        "nuts3": null
      },
      "geometry": {
        "type": "Point",
        "coordinates": [
          34.39285,
          57.1258
        ]
      }
    },
    {
      "type": "Feature",
      "properties": {
        "id": "N_122_M_LMGN",
        "name": null,
        "nuts3": null
      },
      "geometry": {
        "type": "Point",
        "coordinates": [
          37.19097,
          58.26813
        ]
      }
    },
    {
      "type": "Feature",
      "properties": {
        "id": "N_125_M_LMGN",
        "name": null,
        "nuts3": null
      },
      "geometry": {
        "type": "Point",
        "coordinates": [
          35.93165,
          54.29448
        ]
      }
    },
    {
      "type": "Feature",
      "properties": {
        "id": "N_128_M_LMGN",
        "name": null,
        "nuts3": "PL418"
      },
      "geometry": {
        "type": "Point",
        "coordinates": [
          17.03693,
          52.45511
        ]
      }
    },
    {
      "type": "Feature",
      "properties": {
        "id": "SEQ_5420_p",
        "name": null,
        "nuts3": "PL418"
      },
      "geometry": {
        "type": "Point",
        "coordinates": [
          16.76872,
          52.457
        ]
      }
    },
    {
      "type": "Feature",
      "properties": {
        "id": "SEQ_2327__S_LMGN",
        "name": null,
        "nuts3": "ES111"
      },
      "geometry": {
        "type": "Point",
        "coordinates": [
          -8.13156,
          43.45017
        ]
      }
    },
    {
      "type": "Feature",
      "properties": {
        "id": "N_136_M_LMGN",
        "name": null,
        "nuts3": "ES111"
      },
      "geometry": {
        "type": "Point",
        "coordinates": [
          -8.09761,
          43.35769
        ]
      }
    },
    {
      "type": "Feature",
      "properties": {
        "id": "N_147_M_LMGN",
        "name": null,
        "nuts3": "RO221"
      },
      "geometry": {
        "type": "Point",
        "coordinates": [
          27.79054,
          45.30556
        ]
      }
    },
    {
      "type": "Feature",
      "properties": {
        "id": "N_148_M_LMGN",
        "name": null,
        "nuts3": "RO222"
      },
      "geometry": {
        "type": "Point",
        "coordinates": [
          27.01128,
          45.08708
        ]
      }
    },
    {
      "type": "Feature",
      "properties": {
        "id": "N_149_M_LMGN",
        "name": null,
        "nuts3": "RO222"
      },
      "geometry": {
        "type": "Point",
        "coordinates": [
          26.94354,
          45.02006
        ]
      }
    },
    {
      "type": "Feature",
      "properties": {
        "id": "SEQ_5445_p",
        "name": null,
        "nuts3": "RO222"
      },
      "geometry": {
        "type": "Point",
        "coordinates": [
          26.78213,
          44.92279
        ]
      }
    },
    {
      "type": "Feature",
      "properties": {
        "id": "SEQ_5446_p",
        "name": null,
        "nuts3": "RO222"
      },
      "geometry": {
        "type": "Point",
        "coordinates": [
          26.64969,
          44.84392
        ]
      }
    },
    {
      "type": "Feature",
      "properties": {
        "id": "N_150_M_LMGN",
        "name": null,
        "nuts3": "RO315"
      },
      "geometry": {
        "type": "Point",
        "coordinates": [
          26.37524,
          44.6903
        ]
      }
    },
    {
      "type": "Feature",
      "properties": {
        "id": "N_168_M_LMGN",
        "name": null,
        "nuts3": null
      },
      "geometry": {
        "type": "Point",
        "coordinates": [
          44.18042,
          42.53567
        ]
      }
    },
    {
      "type": "Feature",
      "properties": {
        "id": "N_175_M_LMGN",
        "name": null,
        "nuts3": null
      },
      "geometry": {
        "type": "Point",
        "coordinates": [
          29.17464,
          31.42745
        ]
      }
    },
    {
      "type": "Feature",
      "properties": {
        "id": "SEQ_1771__M_LMGN",
        "name": null,
        "nuts3": "TR631"
      },
      "geometry": {
        "type": "Point",
        "coordinates": [
          36.24035,
          36.77025
        ]
      }
    },
    {
      "type": "Feature",
      "properties": {
        "id": "N_179_M_LMGN",
        "name": null,
        "nuts3": null
      },
      "geometry": {
        "type": "Point",
        "coordinates": [
          31.2251,
          32.18903
        ]
      }
    },
    {
      "type": "Feature",
      "properties": {
        "id": "SEQ_5492_p",
        "name": null,
        "nuts3": null
      },
      "geometry": {
        "type": "Point",
        "coordinates": [
          31.20659,
          32.3827
        ]
      }
    },
    {
      "type": "Feature",
      "properties": {
        "id": "Prod_44",
        "name": null,
        "nuts3": null
      },
      "geometry": {
        "type": "Point",
        "coordinates": [
          31.04055,
          32.5665
        ]
      }
    },
    {
      "type": "Feature",
      "properties": {
        "id": "SEQ_1813__M_LMGN",
        "name": null,
        "nuts3": null
      },
      "geometry": {
        "type": "Point",
        "coordinates": [
          28.86595,
          47.6058
        ]
      }
    },
    {
      "type": "Feature",
      "properties": {
        "id": "SEQ_1857__M_LMGN",
        "name": null,
        "nuts3": null
      },
      "geometry": {
        "type": "Point",
        "coordinates": [
          38.06729,
          58.72755
        ]
      }
    },
    {
      "type": "Feature",
      "properties": {
        "id": "SEQ_1895__M_LMGN",
        "name": null,
        "nuts3": null
      },
      "geometry": {
        "type": "Point",
        "coordinates": [
          34.72014,
          54.4345
        ]
      }
    },
    {
      "type": "Feature",
      "properties": {
        "id": "SEQ_1897__M_LMGN",
        "name": null,
        "nuts3": null
      },
      "geometry": {
        "type": "Point",
        "coordinates": [
          34.86209,
          54.54166
        ]
      }
    },
    {
      "type": "Feature",
      "properties": {
        "id": "N_212_M_LMGN",
        "name": null,
        "nuts3": "RO211"
      },
      "geometry": {
        "type": "Point",
        "coordinates": [
          26.66176,
          46.17725
        ]
      }
    },
    {
      "type": "Feature",
      "properties": {
        "id": "SEQ_1987__M_LMGN",
        "name": null,
        "nuts3": "RO211"
      },
      "geometry": {
        "type": "Point",
        "coordinates": [
          26.52772,
          46.12935
        ]
      }
    },
    {
      "type": "Feature",
      "properties": {
        "id": "N_2217_S_LMGN",
        "name": null,
        "nuts3": "RO123"
      },
      "geometry": {
        "type": "Point",
        "coordinates": [
          26.24864,
          46.01516
        ]
      }
    },
    {
      "type": "Feature",
      "properties": {
        "id": "N_1437_S_LMGN",
        "name": null,
        "nuts3": null
      },
      "geometry": {
        "type": "Point",
        "coordinates": [
          3.82341,
          32.15596
        ]
      }
    },
    {
      "type": "Feature",
      "properties": {
        "id": "N_228_M_LMGN",
        "name": null,
        "nuts3": null
      },
      "geometry": {
        "type": "Point",
        "coordinates": [
          50.19039,
          54.23671
        ]
      }
    },
    {
      "type": "Feature",
      "properties": {
        "id": "N_230_M_LMGN",
        "name": null,
        "nuts3": null
      },
      "geometry": {
        "type": "Point",
        "coordinates": [
          51.13609,
          49.44971
        ]
      }
    },
    {
      "type": "Feature",
      "properties": {
        "id": "N_231_M_LMGN",
        "name": null,
        "nuts3": null
      },
      "geometry": {
        "type": "Point",
        "coordinates": [
          47.56821,
          55.75337
        ]
      }
    },
    {
      "type": "Feature",
      "properties": {
        "id": "N_232_M_LMGN",
        "name": null,
        "nuts3": null
      },
      "geometry": {
        "type": "Point",
        "coordinates": [
          46.12525,
          54.87908
        ]
      }
    },
    {
      "type": "Feature",
      "properties": {
        "id": "N_237_M_LMGN",
        "name": null,
        "nuts3": null
      },
      "geometry": {
        "type": "Point",
        "coordinates": [
          42.87826,
          52.96478
        ]
      }
    },
    {
      "type": "Feature",
      "properties": {
        "id": "N_238_M_LMGN",
        "name": null,
        "nuts3": null
      },
      "geometry": {
        "type": "Point",
        "coordinates": [
          41.49201,
          55.51711
        ]
      }
    },
    {
      "type": "Feature",
      "properties": {
        "id": "N_239_M_LMGN",
        "name": null,
        "nuts3": null
      },
      "geometry": {
        "type": "Point",
        "coordinates": [
          44.19153,
          42.43235
        ]
      }
    },
    {
      "type": "Feature",
      "properties": {
        "id": "N_240_M_LMGN",
        "name": null,
        "nuts3": null
      },
      "geometry": {
        "type": "Point",
        "coordinates": [
          44.35822,
          42.25509
        ]
      }
    },
    {
      "type": "Feature",
      "properties": {
        "id": "N_246_M_LMGN",
        "name": null,
        "nuts3": null
      },
      "geometry": {
        "type": "Point",
        "coordinates": [
          30.05925,
          31.82158
        ]
      }
    },
    {
      "type": "Feature",
      "properties": {
        "id": "N_247_M_LMGN",
        "name": null,
        "nuts3": null
      },
      "geometry": {
        "type": "Point",
        "coordinates": [
          30.36188,
          31.79042
        ]
      }
    },
    {
      "type": "Feature",
      "properties": {
        "id": "N_248_M_LMGN",
        "name": null,
        "nuts3": null
      },
      "geometry": {
        "type": "Point",
        "coordinates": [
          31.17752,
          31.62773
        ]
      }
    },
    {
      "type": "Feature",
      "properties": {
        "id": "N_252_M_LMGN",
        "name": null,
        "nuts3": null
      },
      "geometry": {
        "type": "Point",
        "coordinates": [
          32.78105,
          31.55392
        ]
      }
    },
    {
      "type": "Feature",
      "properties": {
        "id": "N_166_M_LMGN",
        "name": null,
        "nuts3": null
      },
      "geometry": {
        "type": "Point",
        "coordinates": [
          44.70482,
          40.86694
        ]
      }
    },
    {
      "type": "Feature",
      "properties": {
        "id": "N_259_M_LMGN",
        "name": null,
        "nuts3": null
      },
      "geometry": {
        "type": "Point",
        "coordinates": [
          44.42936,
          45.77503
        ]
      }
    },
    {
      "type": "Feature",
      "properties": {
        "id": "N_260_M_LMGN",
        "name": null,
        "nuts3": null
      },
      "geometry": {
        "type": "Point",
        "coordinates": [
          45.8779,
          47.16107
        ]
      }
    },
    {
      "type": "Feature",
      "properties": {
        "id": "N_271_M_LMGN",
        "name": null,
        "nuts3": null
      },
      "geometry": {
        "type": "Point",
        "coordinates": [
          42.8216,
          52.89403
        ]
      }
    },
    {
      "type": "Feature",
      "properties": {
        "id": "N_272_M_LMGN",
        "name": null,
        "nuts3": null
      },
      "geometry": {
        "type": "Point",
        "coordinates": [
          39.10577,
          54.11246
        ]
      }
    },
    {
      "type": "Feature",
      "properties": {
        "id": "N_275_M_LMGN",
        "name": null,
        "nuts3": null
      },
      "geometry": {
        "type": "Point",
        "coordinates": [
          35.55681,
          54.81365
        ]
      }
    },
    {
      "type": "Feature",
      "properties": {
        "id": "N_273_M_LMGN",
        "name": null,
        "nuts3": null
      },
      "geometry": {
        "type": "Point",
        "coordinates": [
          35.64321,
          54.90854
        ]
      }
    },
    {
      "type": "Feature",
      "properties": {
        "id": "SEQ_2775__M_LMGN",
        "name": null,
        "nuts3": null
      },
      "geometry": {
        "type": "Point",
        "coordinates": [
          2.35418,
          33.67466
        ]
      }
    },
    {
      "type": "Feature",
      "properties": {
        "id": "SEQ_2791__M_LMGN",
        "name": null,
        "nuts3": null
      },
      "geometry": {
        "type": "Point",
        "coordinates": [
          1.53152,
          34.22329
        ]
      }
    },
    {
      "type": "Feature",
      "properties": {
        "id": "SEQ_2817__M_LMGN",
        "name": null,
        "nuts3": null
      },
      "geometry": {
        "type": "Point",
        "coordinates": [
          0.03013,
          34.40696
        ]
      }
    },
    {
      "type": "Feature",
      "properties": {
        "id": "SEQ_2835__M_LMGN",
        "name": null,
        "nuts3": null
      },
      "geometry": {
        "type": "Point",
        "coordinates": [
          -1.08783,
          34.58862
        ]
      }
    },
    {
      "type": "Feature",
      "properties": {
        "id": "SEQ_5750_p",
        "name": null,
        "nuts3": "ITF12"
      },
      "geometry": {
        "type": "Point",
        "coordinates": [
          13.81179,
          42.54174
        ]
      }
    },
    {
      "type": "Feature",
      "properties": {
        "id": "SEQ_3209__M_LMGN",
        "name": null,
        "nuts3": "BG313"
      },
      "geometry": {
        "type": "Point",
        "coordinates": [
          23.72452,
          43.11781
        ]
      }
    },
    {
      "type": "Feature",
      "properties": {
        "id": "N_325_M_LMGN",
        "name": null,
        "nuts3": "BG333"
      },
      "geometry": {
        "type": "Point",
        "coordinates": [
          26.69536,
          42.94422
        ]
      }
    },
    {
      "type": "Feature",
      "properties": {
        "id": "N_340_M_LMGN",
        "name": null,
        "nuts3": "ES213"
      },
      "geometry": {
        "type": "Point",
        "coordinates": [
          -3.10804,
          43.34045
        ]
      }
    },
    {
      "type": "Feature",
      "properties": {
        "id": "SEQ_3317__M_LMGN",
        "name": null,
        "nuts3": "ES213"
      },
      "geometry": {
        "type": "Point",
        "coordinates": [
          -2.94547,
          43.20995
        ]
      }
    },
    {
      "type": "Feature",
      "properties": {
        "id": "SEQ_3319__M_LMGN",
        "name": null,
        "nuts3": "ES213"
      },
      "geometry": {
        "type": "Point",
        "coordinates": [
          -2.85548,
          43.17488
        ]
      }
    },
    {
      "type": "Feature",
      "properties": {
        "id": "SEQ_3335__M_LMGN",
        "name": null,
        "nuts3": "FRL04"
      },
      "geometry": {
        "type": "Point",
        "coordinates": [
          5.16677,
          43.52135
        ]
      }
    },
    {
      "type": "Feature",
      "properties": {
        "id": "N_342_M_LMGN",
        "name": null,
        "nuts3": "FRL04"
      },
      "geometry": {
        "type": "Point",
        "coordinates": [
          5.32805,
          43.46989
        ]
      }
    },
    {
      "type": "Feature",
      "properties": {
        "id": "N_345_M_LMGN",
        "name": null,
        "nuts3": null
      },
      "geometry": {
        "type": "Point",
        "coordinates": [
          54.57042,
          65.70366
        ]
      }
    },
    {
      "type": "Feature",
      "properties": {
        "id": "N_347_M_LMGN",
        "name": null,
        "nuts3": null
      },
      "geometry": {
        "type": "Point",
        "coordinates": [
          53.95277,
          56.78533
        ]
      }
    },
    {
      "type": "Feature",
      "properties": {
        "id": "N_348_M_LMGN",
        "name": null,
        "nuts3": null
      },
      "geometry": {
        "type": "Point",
        "coordinates": [
          50.39164,
          56.04997
        ]
      }
    },
    {
      "type": "Feature",
      "properties": {
        "id": "N_349_M_LMGN",
        "name": null,
        "nuts3": null
      },
      "geometry": {
        "type": "Point",
        "coordinates": [
          50.14971,
          57.00945
        ]
      }
    },
    {
      "type": "Feature",
      "properties": {
        "id": "SEQ_3415__M_LMGN",
        "name": null,
        "nuts3": null
      },
      "geometry": {
        "type": "Point",
        "coordinates": [
          50.12131,
          57.15956
        ]
      }
    },
    {
      "type": "Feature",
      "properties": {
        "id": "N_350_M_LMGN",
        "name": null,
        "nuts3": null
      },
      "geometry": {
        "type": "Point",
        "coordinates": [
          50.03212,
          57.56003
        ]
      }
    },
    {
      "type": "Feature",
      "properties": {
        "id": "SEQ_3447__M_LMGN",
        "name": null,
        "nuts3": null
      },
      "geometry": {
        "type": "Point",
        "coordinates": [
          48.09792,
          56.17979
        ]
      }
    },
    {
      "type": "Feature",
      "properties": {
        "id": "N_351_M_LMGN",
        "name": null,
        "nuts3": null
      },
      "geometry": {
        "type": "Point",
        "coordinates": [
          47.67542,
          55.83287
        ]
      }
    },
    {
      "type": "Feature",
      "properties": {
        "id": "N_352_M_LMGN",
        "name": null,
        "nuts3": null
      },
      "geometry": {
        "type": "Point",
        "coordinates": [
          50.78867,
          62.33031
        ]
      }
    },
    {
      "type": "Feature",
      "properties": {
        "id": "N_353_M_LMGN",
        "name": null,
        "nuts3": null
      },
      "geometry": {
        "type": "Point",
        "coordinates": [
          50.9531,
          62.0544
        ]
      }
    },
    {
      "type": "Feature",
      "properties": {
        "id": "N_354_M_LMGN",
        "name": null,
        "nuts3": null
      },
      "geometry": {
        "type": "Point",
        "coordinates": [
          48.25053,
          60.36577
        ]
      }
    },
    {
      "type": "Feature",
      "properties": {
        "id": "N_356_M_LMGN",
        "name": null,
        "nuts3": null
      },
      "geometry": {
        "type": "Point",
        "coordinates": [
          44.84133,
          52.23922
        ]
      }
    },
    {
      "type": "Feature",
      "properties": {
        "id": "SEQ_3557__M_LMGN",
        "name": null,
        "nuts3": null
      },
      "geometry": {
        "type": "Point",
        "coordinates": [
          45.16135,
          52.4717
        ]
      }
    },
    {
      "type": "Feature",
      "properties": {
        "id": "N_358_M_LMGN",
        "name": null,
        "nuts3": null
      },
      "geometry": {
        "type": "Point",
        "coordinates": [
          43.82646,
          56.87106
        ]
      }
    },
    {
      "type": "Feature",
      "properties": {
        "id": "N_359_M_LMGN",
        "name": null,
        "nuts3": null
      },
      "geometry": {
        "type": "Point",
        "coordinates": [
          44.23009,
          45.45252
        ]
      }
    },
    {
      "type": "Feature",
      "properties": {
        "id": "N_361_M_LMGN",
        "name": null,
        "nuts3": null
      },
      "geometry": {
        "type": "Point",
        "coordinates": [
          35.45123,
          32.72717
        ]
      }
    },
    {
      "type": "Feature",
      "properties": {
        "id": "Prod_34",
        "name": null,
        "nuts3": null
      },
      "geometry": {
        "type": "Point",
        "coordinates": [
          29.93669,
          32.11804
        ]
      }
    },
    {
      "type": "Feature",
      "properties": {
        "id": "N_370_M_LMGN",
        "name": null,
        "nuts3": null
      },
      "geometry": {
        "type": "Point",
        "coordinates": [
          30.26553,
          32.00185
        ]
      }
    },
    {
      "type": "Feature",
      "properties": {
        "id": "N_373_M_LMGN",
        "name": null,
        "nuts3": null
      },
      "geometry": {
        "type": "Point",
        "coordinates": [
          32.42675,
          31.48582
        ]
      }
    },
    {
      "type": "Feature",
      "properties": {
        "id": "Prod_41",
        "name": null,
        "nuts3": null
      },
      "geometry": {
        "type": "Point",
        "coordinates": [
          33.09009,
          31.95676
        ]
      }
    },
    {
      "type": "Feature",
      "properties": {
        "id": "N_376_M_LMGN",
        "name": null,
        "nuts3": null
      },
      "geometry": {
        "type": "Point",
        "coordinates": [
          32.8229,
          31.93676
        ]
      }
    },
    {
      "type": "Feature",
      "properties": {
        "id": "SEQ_5944_p",
        "name": null,
        "nuts3": null
      },
      "geometry": {
        "type": "Point",
        "coordinates": [
          41.09677,
          46.73778
        ]
      }
    },
    {
      "type": "Feature",
      "properties": {
        "id": "SEQ_5961_p",
        "name": null,
        "nuts3": null
      },
      "geometry": {
        "type": "Point",
        "coordinates": [
          42.967,
          49.14409
        ]
      }
    },
    {
      "type": "Feature",
      "properties": {
        "id": "INET_N_721",
        "name": null,
        "nuts3": "LV007"
      },
      "geometry": {
        "type": "Point",
        "coordinates": [
          24.696409,
          57.169567
        ]
      }
    },
    {
      "type": "Feature",
      "properties": {
        "id": "N_387_M_LMGN",
        "name": null,
        "nuts3": null
      },
      "geometry": {
        "type": "Point",
        "coordinates": [
          40.92164,
          56.46843
        ]
      }
    },
    {
      "type": "Feature",
      "properties": {
        "id": "N_389_M_LMGN",
        "name": null,
        "nuts3": null
      },
      "geometry": {
        "type": "Point",
        "coordinates": [
          40.17657,
          56.13232
        ]
      }
    },
    {
      "type": "Feature",
      "properties": {
        "id": "SEQ_3981__M_LMGN",
        "name": null,
        "nuts3": null
      },
      "geometry": {
        "type": "Point",
        "coordinates": [
          40.03069,
          56.24261
        ]
      }
    },
    {
      "type": "Feature",
      "properties": {
        "id": "SEQ_3997__M_LMGN",
        "name": null,
        "nuts3": null
      },
      "geometry": {
        "type": "Point",
        "coordinates": [
          38.86997,
          56.8864
        ]
      }
    },
    {
      "type": "Feature",
      "properties": {
        "id": "SEQ_4007__M_LMGN",
        "name": null,
        "nuts3": null
      },
      "geometry": {
        "type": "Point",
        "coordinates": [
          38.18553,
          57.44902
        ]
      }
    },
    {
      "type": "Feature",
      "properties": {
        "id": "N_403_M_LMGN",
        "name": null,
        "nuts3": "RO415"
      },
      "geometry": {
        "type": "Point",
        "coordinates": [
          24.29239,
          44.81489
        ]
      }
    },
    {
      "type": "Feature",
      "properties": {
        "id": "NutsCons_100",
        "name": null,
        "nuts3": "UKF16"
      },
      "geometry": {
        "type": "Point",
        "coordinates": [
          -1.012317,
          52.954778
        ]
      }
    },
    {
      "type": "Feature",
      "properties": {
        "id": "N_412_M_LMGN",
        "name": null,
        "nuts3": "UKJ14"
      },
      "geometry": {
        "type": "Point",
        "coordinates": [
          -1.28242,
          51.60058
        ]
      }
    },
    {
      "type": "Feature",
      "properties": {
        "id": "Stor_EU_57",
        "name": null,
        "nuts3": "UKJ11"
      },
      "geometry": {
        "type": "Point",
        "coordinates": [
          -0.81412,
          51.39126
        ]
      }
    },
    {
      "type": "Feature",
      "properties": {
        "id": "SEQ_4483__M_LMGN",
        "name": null,
        "nuts3": "RO322"
      },
      "geometry": {
        "type": "Point",
        "coordinates": [
          26.3784,
          44.52648
        ]
      }
    },
    {
      "type": "Feature",
      "properties": {
        "id": "N_423_M_LMGN",
        "name": null,
        "nuts3": "RO316"
      },
      "geometry": {
        "type": "Point",
        "coordinates": [
          25.81139,
          45.29261
        ]
      }
    },
    {
      "type": "Feature",
      "properties": {
        "id": "SEQ_9663__S_LMGN",
        "name": null,
        "nuts3": "RO125"
      },
      "geometry": {
        "type": "Point",
        "coordinates": [
          24.63015,
          46.39514
        ]
      }
    },
    {
      "type": "Feature",
      "properties": {
        "id": "N_425_M_LMGN",
        "name": null,
        "nuts3": "RO125"
      },
      "geometry": {
        "type": "Point",
        "coordinates": [
          24.68671,
          46.25701
        ]
      }
    },
    {
      "type": "Feature",
      "properties": {
        "id": "SEQ_4497__M_LMGN",
        "name": null,
        "nuts3": "RO124"
      },
      "geometry": {
        "type": "Point",
        "coordinates": [
          24.95289,
          46.28576
        ]
      }
    },
    {
      "type": "Feature",
      "properties": {
        "id": "SEQ_4501__M_LMGN",
        "name": null,
        "nuts3": "RO124"
      },
      "geometry": {
        "type": "Point",
        "coordinates": [
          25.19144,
          46.24077
        ]
      }
    },
    {
      "type": "Feature",
      "properties": {
        "id": "INET_N_225",
        "name": null,
        "nuts3": "RO221"
      },
      "geometry": {
        "type": "Point",
        "coordinates": [
          27.9235,
          45.166
        ]
      }
    },
    {
      "type": "Feature",
      "properties": {
        "id": "SEQ_11107__S_LMGN",
        "name": null,
        "nuts3": "ITC33"
      },
      "geometry": {
        "type": "Point",
        "coordinates": [
          8.95094,
          44.47069
        ]
      }
    },
    {
      "type": "Feature",
      "properties": {
        "id": "N_432_M_LMGN",
        "name": null,
        "nuts3": "ITC18"
      },
      "geometry": {
        "type": "Point",
        "coordinates": [
          8.79519,
          44.50445
        ]
      }
    },
    {
      "type": "Feature",
      "properties": {
        "id": "N_1954_S_LMGN",
        "name": null,
        "nuts3": "FRK28"
      },
      "geometry": {
        "type": "Point",
        "coordinates": [
          6.27049,
          46.1943
        ]
      }
    },
    {
      "type": "Feature",
      "properties": {
        "id": "SEQ_4521__M_LMGN",
        "name": null,
        "nuts3": "FRK28"
      },
      "geometry": {
        "type": "Point",
        "coordinates": [
          6.20556,
          46.07655
        ]
      }
    },
    {
      "type": "Feature",
      "properties": {
        "id": "N_436_M_LMGN",
        "name": null,
        "nuts3": null
      },
      "geometry": {
        "type": "Point",
        "coordinates": [
          50.55931,
          61.88037
        ]
      }
    },
    {
      "type": "Feature",
      "properties": {
        "id": "N_437_M_LMGN",
        "name": null,
        "nuts3": null
      },
      "geometry": {
        "type": "Point",
        "coordinates": [
          50.38534,
          61.68812
        ]
      }
    },
    {
      "type": "Feature",
      "properties": {
        "id": "N_438_M_LMGN",
        "name": null,
        "nuts3": null
      },
      "geometry": {
        "type": "Point",
        "coordinates": [
          43.21282,
          56.82595
        ]
      }
    },
    {
      "type": "Feature",
      "properties": {
        "id": "SEQ_4655__M_LMGN",
        "name": null,
        "nuts3": null
      },
      "geometry": {
        "type": "Point",
        "coordinates": [
          47.80087,
          54.31373
        ]
      }
    },
    {
      "type": "Feature",
      "properties": {
        "id": "SEQ_4657__M_LMGN",
        "name": null,
        "nuts3": null
      },
      "geometry": {
        "type": "Point",
        "coordinates": [
          47.57049,
          54.27392
        ]
      }
    },
    {
      "type": "Feature",
      "properties": {
        "id": "SEQ_4661__M_LMGN",
        "name": null,
        "nuts3": null
      },
      "geometry": {
        "type": "Point",
        "coordinates": [
          47.11327,
          54.16755
        ]
      }
    },
    {
      "type": "Feature",
      "properties": {
        "id": "N_440_M_LMGN",
        "name": null,
        "nuts3": null
      },
      "geometry": {
        "type": "Point",
        "coordinates": [
          46.36695,
          54.13324
        ]
      }
    },
    {
      "type": "Feature",
      "properties": {
        "id": "SEQ_4675__M_LMGN",
        "name": null,
        "nuts3": null
      },
      "geometry": {
        "type": "Point",
        "coordinates": [
          46.28536,
          54.63349
        ]
      }
    },
    {
      "type": "Feature",
      "properties": {
        "id": "N_441_M_LMGN",
        "name": null,
        "nuts3": null
      },
      "geometry": {
        "type": "Point",
        "coordinates": [
          46.10785,
          54.73391
        ]
      }
    },
    {
      "type": "Feature",
      "properties": {
        "id": "IGU_N_123",
        "name": null,
        "nuts3": null
      },
      "geometry": {
        "type": "Point",
        "coordinates": [
          43.7566,
          44.711
        ]
      }
    },
    {
      "type": "Feature",
      "properties": {
        "id": "SEQ_4701__M_LMGN",
        "name": null,
        "nuts3": null
      },
      "geometry": {
        "type": "Point",
        "coordinates": [
          44.36225,
          41.8843
        ]
      }
    },
    {
      "type": "Feature",
      "properties": {
        "id": "N_363_M_LMGN",
        "name": null,
        "nuts3": null
      },
      "geometry": {
        "type": "Point",
        "coordinates": [
          34.57178,
          33.25527
        ]
      }
    },
    {
      "type": "Feature",
      "properties": {
        "id": "IGU_N_152",
        "name": null,
        "nuts3": null
      },
      "geometry": {
        "type": "Point",
        "coordinates": [
          43.9,
          47.17
        ]
      }
    },
    {
      "type": "Feature",
      "properties": {
        "id": "NutsCons_58",
        "name": null,
        "nuts3": "LT022"
      },
      "geometry": {
        "type": "Point",
        "coordinates": [
          24.214971,
          55.186768
        ]
      }
    },
    {
      "type": "Feature",
      "properties": {
        "id": "N_465_M_LMGN",
        "name": null,
        "nuts3": null
      },
      "geometry": {
        "type": "Point",
        "coordinates": [
          42.96201,
          52.95264
        ]
      }
    },
    {
      "type": "Feature",
      "properties": {
        "id": "N_466_M_LMGN",
        "name": null,
        "nuts3": null
      },
      "geometry": {
        "type": "Point",
        "coordinates": [
          45.00718,
          54.20158
        ]
      }
    },
    {
      "type": "Feature",
      "properties": {
        "id": "N_467_M_LMGN",
        "name": null,
        "nuts3": null
      },
      "geometry": {
        "type": "Point",
        "coordinates": [
          40.66957,
          55.83919
        ]
      }
    },
    {
      "type": "Feature",
      "properties": {
        "id": "N_469_M_LMGN",
        "name": null,
        "nuts3": null
      },
      "geometry": {
        "type": "Point",
        "coordinates": [
          40.76752,
          55.79073
        ]
      }
    },
    {
      "type": "Feature",
      "properties": {
        "id": "SEQ_6169_p",
        "name": null,
        "nuts3": null
      },
      "geometry": {
        "type": "Point",
        "coordinates": [
          41.10314,
          55.66576
        ]
      }
    },
    {
      "type": "Feature",
      "properties": {
        "id": "SEQ_4997__M_LMGN",
        "name": null,
        "nuts3": null
      },
      "geometry": {
        "type": "Point",
        "coordinates": [
          31.80242,
          51.01216
        ]
      }
    },
    {
      "type": "Feature",
      "properties": {
        "id": "SEQ_5185__M_LMGN",
        "name": null,
        "nuts3": null
      },
      "geometry": {
        "type": "Point",
        "coordinates": [
          25.387,
          53.92077
        ]
      }
    },
    {
      "type": "Feature",
      "properties": {
        "id": "N_491_M_LMGN",
        "name": null,
        "nuts3": "PL524"
      },
      "geometry": {
        "type": "Point",
        "coordinates": [
          17.90813,
          50.53244
        ]
      }
    },
    {
      "type": "Feature",
      "properties": {
        "id": "SEQ_5255__M_LMGN",
        "name": null,
        "nuts3": "PL524"
      },
      "geometry": {
        "type": "Point",
        "coordinates": [
          17.81665,
          50.62027
        ]
      }
    },
    {
      "type": "Feature",
      "properties": {
        "id": "SEQ_5259__M_LMGN",
        "name": null,
        "nuts3": "PL523"
      },
      "geometry": {
        "type": "Point",
        "coordinates": [
          17.52488,
          50.7734
        ]
      }
    },
    {
      "type": "Feature",
      "properties": {
        "id": "N_492_M_LMGN",
        "name": null,
        "nuts3": "PL518"
      },
      "geometry": {
        "type": "Point",
        "coordinates": [
          17.12018,
          50.99059
        ]
      }
    },
    {
      "type": "Feature",
      "properties": {
        "id": "SEQ_5273__M_LMGN",
        "name": null,
        "nuts3": "RO122"
      },
      "geometry": {
        "type": "Point",
        "coordinates": [
          25.61551,
          45.61242
        ]
      }
    },
    {
      "type": "Feature",
      "properties": {
        "id": "N_494_M_LMGN",
        "name": null,
        "nuts3": "RO122"
      },
      "geometry": {
        "type": "Point",
        "coordinates": [
          25.06998,
          45.73759
        ]
      }
    },
    {
      "type": "Feature",
      "properties": {
        "id": "N_495_M_LMGN",
        "name": null,
        "nuts3": "RO311"
      },
      "geometry": {
        "type": "Point",
        "coordinates": [
          24.89884,
          45.45594
        ]
      }
    },
    {
      "type": "Feature",
      "properties": {
        "id": "N_438_S_LMGN",
        "name": null,
        "nuts3": "RO311"
      },
      "geometry": {
        "type": "Point",
        "coordinates": [
          24.72509,
          44.65378
        ]
      }
    },
    {
      "type": "Feature",
      "properties": {
        "id": "Stor_EU_14",
        "name": null,
        "nuts3": "HU331"
      },
      "geometry": {
        "type": "Point",
        "coordinates": [
          19.42797,
          46.31072
        ]
      }
    },
    {
      "type": "Feature",
      "properties": {
        "id": "N_505_M_LMGN",
        "name": null,
        "nuts3": "RO113"
      },
      "geometry": {
        "type": "Point",
        "coordinates": [
          24.09812,
          46.847
        ]
      }
    },
    {
      "type": "Feature",
      "properties": {
        "id": "N_506_M_LMGN",
        "name": null,
        "nuts3": "RO125"
      },
      "geometry": {
        "type": "Point",
        "coordinates": [
          24.53888,
          46.78292
        ]
      }
    },
    {
      "type": "Feature",
      "properties": {
        "id": "SEQ_6250_p",
        "name": null,
        "nuts3": "UKK12"
      },
      "geometry": {
        "type": "Point",
        "coordinates": [
          -2.43545,
          51.54194
        ]
      }
    },
    {
      "type": "Feature",
      "properties": {
        "id": "SEQ_6255_p",
        "name": null,
        "nuts3": "UKK43"
      },
      "geometry": {
        "type": "Point",
        "coordinates": [
          -3.54377,
          50.68551
        ]
      }
    },
    {
      "type": "Feature",
      "properties": {
        "id": "INET_N_911",
        "name": null,
        "nuts3": "UKK43"
      },
      "geometry": {
        "type": "Point",
        "coordinates": [
          -4.0118,
          50.3882
        ]
      }
    },
    {
      "type": "Feature",
      "properties": {
        "id": "N_527_M_LMGN",
        "name": null,
        "nuts3": null
      },
      "geometry": {
        "type": "Point",
        "coordinates": [
          29.17565,
          40.83185
        ]
      }
    },
    {
      "type": "Feature",
      "properties": {
        "id": "N_318_M_LMGN",
        "name": null,
        "nuts3": null
      },
      "geometry": {
        "type": "Point",
        "coordinates": [
          29.4412,
          40.71919
        ]
      }
    },
    {
      "type": "Feature",
      "properties": {
        "id": "SEQ_5643__M_LMGN",
        "name": null,
        "nuts3": "RO316"
      },
      "geometry": {
        "type": "Point",
        "coordinates": [
          25.87913,
          45.09979
        ]
      }
    },
    {
      "type": "Feature",
      "properties": {
        "id": "SEQ_5647__M_LMGN",
        "name": null,
        "nuts3": "RO316"
      },
      "geometry": {
        "type": "Point",
        "coordinates": [
          26.02374,
          44.93101
        ]
      }
    },
    {
      "type": "Feature",
      "properties": {
        "id": "SEQ_5651__M_LMGN",
        "name": null,
        "nuts3": "RO322"
      },
      "geometry": {
        "type": "Point",
        "coordinates": [
          26.06064,
          44.71978
        ]
      }
    },
    {
      "type": "Feature",
      "properties": {
        "id": "SEQ_5661__M_LMGN",
        "name": null,
        "nuts3": "RO113"
      },
      "geometry": {
        "type": "Point",
        "coordinates": [
          23.99146,
          46.97884
        ]
      }
    },
    {
      "type": "Feature",
      "properties": {
        "id": "SEQ_5673__M_LMGN",
        "name": null,
        "nuts3": "RO114"
      },
      "geometry": {
        "type": "Point",
        "coordinates": [
          23.40685,
          47.48853
        ]
      }
    },
    {
      "type": "Feature",
      "properties": {
        "id": "N_529_M_LMGN",
        "name": null,
        "nuts3": "RO125"
      },
      "geometry": {
        "type": "Point",
        "coordinates": [
          24.11719,
          46.33658
        ]
      }
    },
    {
      "type": "Feature",
      "properties": {
        "id": "N_530_M_LMGN",
        "name": null,
        "nuts3": "RO125"
      },
      "geometry": {
        "type": "Point",
        "coordinates": [
          24.01651,
          46.44923
        ]
      }
    },
    {
      "type": "Feature",
      "properties": {
        "id": "SEQ_5687__M_LMGN",
        "name": null,
        "nuts3": "RO214"
      },
      "geometry": {
        "type": "Point",
        "coordinates": [
          26.64204,
          46.90698
        ]
      }
    },
    {
      "type": "Feature",
      "properties": {
        "id": "SEQ_5701__M_LMGN",
        "name": null,
        "nuts3": "RO224"
      },
      "geometry": {
        "type": "Point",
        "coordinates": [
          27.45472,
          45.68334
        ]
      }
    },
    {
      "type": "Feature",
      "properties": {
        "id": "SEQ_5705__M_LMGN",
        "name": null,
        "nuts3": "RO226"
      },
      "geometry": {
        "type": "Point",
        "coordinates": [
          27.20008,
          45.92778
        ]
      }
    },
    {
      "type": "Feature",
      "properties": {
        "id": "SEQ_5709__M_LMGN",
        "name": null,
        "nuts3": "RO211"
      },
      "geometry": {
        "type": "Point",
        "coordinates": [
          26.87383,
          46.10361
        ]
      }
    },
    {
      "type": "Feature",
      "properties": {
        "id": "SEQ_6302_p",
        "name": null,
        "nuts3": "ES241"
      },
      "geometry": {
        "type": "Point",
        "coordinates": [
          -0.36605,
          42.58816
        ]
      }
    },
    {
      "type": "Feature",
      "properties": {
        "id": "N_687_S_LMGN",
        "name": null,
        "nuts3": "ITC32"
      },
      "geometry": {
        "type": "Point",
        "coordinates": [
          8.2566,
          44.31357
        ]
      }
    },
    {
      "type": "Feature",
      "properties": {
        "id": "N_569_M_LMGN",
        "name": null,
        "nuts3": null
      },
      "geometry": {
        "type": "Point",
        "coordinates": [
          48.91374,
          60.49588
        ]
      }
    },
    {
      "type": "Feature",
      "properties": {
        "id": "N_570_M_LMGN",
        "name": null,
        "nuts3": null
      },
      "geometry": {
        "type": "Point",
        "coordinates": [
          44.05755,
          56.93108
        ]
      }
    },
    {
      "type": "Feature",
      "properties": {
        "id": "N_571_M_LMGN",
        "name": null,
        "nuts3": null
      },
      "geometry": {
        "type": "Point",
        "coordinates": [
          50.12779,
          57.62389
        ]
      }
    },
    {
      "type": "Feature",
      "properties": {
        "id": "SEQ_6095__M_LMGN",
        "name": null,
        "nuts3": null
      },
      "geometry": {
        "type": "Point",
        "coordinates": [
          48.02631,
          55.38828
        ]
      }
    },
    {
      "type": "Feature",
      "properties": {
        "id": "N_575_M_LMGN",
        "name": null,
        "nuts3": null
      },
      "geometry": {
        "type": "Point",
        "coordinates": [
          46.27238,
          54.04584
        ]
      }
    },
    {
      "type": "Feature",
      "properties": {
        "id": "N_579_M_LMGN",
        "name": null,
        "nuts3": null
      },
      "geometry": {
        "type": "Point",
        "coordinates": [
          39.83464,
          44.71703
        ]
      }
    },
    {
      "type": "Feature",
      "properties": {
        "id": "SEQ_6305__M_LMGN",
        "name": null,
        "nuts3": null
      },
      "geometry": {
        "type": "Point",
        "coordinates": [
          32.30352,
          32.14186
        ]
      }
    },
    {
      "type": "Feature",
      "properties": {
        "id": "SEQ_6433_p",
        "name": null,
        "nuts3": "LT028"
      },
      "geometry": {
        "type": "Point",
        "coordinates": [
          22.37507,
          55.90953
        ]
      }
    },
    {
      "type": "Feature",
      "properties": {
        "id": "N_591_M_LMGN",
        "name": null,
        "nuts3": null
      },
      "geometry": {
        "type": "Point",
        "coordinates": [
          38.96746,
          54.13666
        ]
      }
    },
    {
      "type": "Feature",
      "properties": {
        "id": "N_592_M_LMGN",
        "name": null,
        "nuts3": null
      },
      "geometry": {
        "type": "Point",
        "coordinates": [
          39.78099,
          55.77441
        ]
      }
    },
    {
      "type": "Feature",
      "properties": {
        "id": "N_593_M_LMGN",
        "name": null,
        "nuts3": null
      },
      "geometry": {
        "type": "Point",
        "coordinates": [
          38.18309,
          55.06827
        ]
      }
    },
    {
      "type": "Feature",
      "properties": {
        "id": "N_597_M_LMGN",
        "name": null,
        "nuts3": null
      },
      "geometry": {
        "type": "Point",
        "coordinates": [
          35.7958,
          55.81639
        ]
      }
    },
    {
      "type": "Feature",
      "properties": {
        "id": "N_598_M_LMGN",
        "name": null,
        "nuts3": null
      },
      "geometry": {
        "type": "Point",
        "coordinates": [
          35.8776,
          55.90445
        ]
      }
    },
    {
      "type": "Feature",
      "properties": {
        "id": "N_599_M_LMGN",
        "name": null,
        "nuts3": null
      },
      "geometry": {
        "type": "Point",
        "coordinates": [
          35.74704,
          54.97682
        ]
      }
    },
    {
      "type": "Feature",
      "properties": {
        "id": "SEQ_6523__M_LMGN",
        "name": null,
        "nuts3": "BE335"
      },
      "geometry": {
        "type": "Point",
        "coordinates": [
          5.81363,
          50.64539
        ]
      }
    },
    {
      "type": "Feature",
      "properties": {
        "id": "SEQ_6533__M_LMGN",
        "name": null,
        "nuts3": "BE342"
      },
      "geometry": {
        "type": "Point",
        "coordinates": [
          5.90379,
          50.17681
        ]
      }
    },
    {
      "type": "Feature",
      "properties": {
        "id": "N_603_M_LMGN",
        "name": null,
        "nuts3": "LU000"
      },
      "geometry": {
        "type": "Point",
        "coordinates": [
          6.09922,
          49.56037
        ]
      }
    },
    {
      "type": "Feature",
      "properties": {
        "id": "SEQ_6547__M_LMGN",
        "name": null,
        "nuts3": "LU000"
      },
      "geometry": {
        "type": "Point",
        "coordinates": [
          5.91481,
          49.55627
        ]
      }
    },
    {
      "type": "Feature",
      "properties": {
        "id": "SEQ_6563__M_LMGN",
        "name": null,
        "nuts3": "BE351"
      },
      "geometry": {
        "type": "Point",
        "coordinates": [
          5.26099,
          50.31299
        ]
      }
    },
    {
      "type": "Feature",
      "properties": {
        "id": "INET_N_1408",
        "name": null,
        "nuts3": "ITH56"
      },
      "geometry": {
        "type": "Point",
        "coordinates": [
          11.899334,
          44.799498
        ]
      }
    },
    {
      "type": "Feature",
      "properties": {
        "id": "SEQ_6633__M_LMGN",
        "name": null,
        "nuts3": "RO423"
      },
      "geometry": {
        "type": "Point",
        "coordinates": [
          22.97413,
          45.71548
        ]
      }
    },
    {
      "type": "Feature",
      "properties": {
        "id": "SEQ_6639__M_LMGN",
        "name": null,
        "nuts3": "RO121"
      },
      "geometry": {
        "type": "Point",
        "coordinates": [
          23.35182,
          46.02448
        ]
      }
    },
    {
      "type": "Feature",
      "properties": {
        "id": "SEQ_6641__M_LMGN",
        "name": null,
        "nuts3": "RO121"
      },
      "geometry": {
        "type": "Point",
        "coordinates": [
          23.54028,
          46.12422
        ]
      }
    },
    {
      "type": "Feature",
      "properties": {
        "id": "SEQ_6643__M_LMGN",
        "name": null,
        "nuts3": "RO121"
      },
      "geometry": {
        "type": "Point",
        "coordinates": [
          23.69585,
          46.24526
        ]
      }
    },
    {
      "type": "Feature",
      "properties": {
        "id": "N_610_M_LMGN",
        "name": null,
        "nuts3": "HU211"
      },
      "geometry": {
        "type": "Point",
        "coordinates": [
          18.77002,
          47.03446
        ]
      }
    },
    {
      "type": "Feature",
      "properties": {
        "id": "N_613_M_LMGN",
        "name": null,
        "nuts3": "HU211"
      },
      "geometry": {
        "type": "Point",
        "coordinates": [
          18.8117,
          47.21779
        ]
      }
    },
    {
      "type": "Feature",
      "properties": {
        "id": "SEQ_5861__S_LMGN",
        "name": null,
        "nuts3": "RO113"
      },
      "geometry": {
        "type": "Point",
        "coordinates": [
          23.86118,
          46.7406
        ]
      }
    },
    {
      "type": "Feature",
      "properties": {
        "id": "SEQ_6703__M_LMGN",
        "name": null,
        "nuts3": "RO311"
      },
      "geometry": {
        "type": "Point",
        "coordinates": [
          24.93176,
          45.1507
        ]
      }
    },
    {
      "type": "Feature",
      "properties": {
        "id": "N_639_M_LMGN",
        "name": null,
        "nuts3": "TR100"
      },
      "geometry": {
        "type": "Point",
        "coordinates": [
          28.4597,
          41.10583
        ]
      }
    },
    {
      "type": "Feature",
      "properties": {
        "id": "SEQ_7063__M_LMGN",
        "name": null,
        "nuts3": "FRE23"
      },
      "geometry": {
        "type": "Point",
        "coordinates": [
          2.92271,
          49.88498
        ]
      }
    },
    {
      "type": "Feature",
      "properties": {
        "id": "SEQ_6526_p",
        "name": null,
        "nuts3": "ITC4B"
      },
      "geometry": {
        "type": "Point",
        "coordinates": [
          10.76917,
          45.14364
        ]
      }
    },
    {
      "type": "Feature",
      "properties": {
        "id": "N_662_M_LMGN",
        "name": null,
        "nuts3": null
      },
      "geometry": {
        "type": "Point",
        "coordinates": [
          50.15453,
          56.14918
        ]
      }
    },
    {
      "type": "Feature",
      "properties": {
        "id": "N_663_M_LMGN",
        "name": null,
        "nuts3": null
      },
      "geometry": {
        "type": "Point",
        "coordinates": [
          50.15165,
          56.32092
        ]
      }
    },
    {
      "type": "Feature",
      "properties": {
        "id": "SEQ_7323__M_LMGN",
        "name": null,
        "nuts3": null
      },
      "geometry": {
        "type": "Point",
        "coordinates": [
          47.43371,
          56.31957
        ]
      }
    },
    {
      "type": "Feature",
      "properties": {
        "id": "N_665_M_LMGN",
        "name": null,
        "nuts3": null
      },
      "geometry": {
        "type": "Point",
        "coordinates": [
          47.49563,
          55.85757
        ]
      }
    },
    {
      "type": "Feature",
      "properties": {
        "id": "N_670_M_LMGN",
        "name": null,
        "nuts3": null
      },
      "geometry": {
        "type": "Point",
        "coordinates": [
          43.00845,
          52.8492
        ]
      }
    },
    {
      "type": "Feature",
      "properties": {
        "id": "N_671_M_LMGN",
        "name": null,
        "nuts3": null
      },
      "geometry": {
        "type": "Point",
        "coordinates": [
          44.26734,
          52.52091
        ]
      }
    },
    {
      "type": "Feature",
      "properties": {
        "id": "Prod_51",
        "name": null,
        "nuts3": null
      },
      "geometry": {
        "type": "Point",
        "coordinates": [
          32.83319,
          32.19238
        ]
      }
    },
    {
      "type": "Feature",
      "properties": {
        "id": "SEQ_7563__M_LMGN",
        "name": null,
        "nuts3": "RO221"
      },
      "geometry": {
        "type": "Point",
        "coordinates": [
          27.96324,
          45.3172
        ]
      }
    },
    {
      "type": "Feature",
      "properties": {
        "id": "NutsCons_10",
        "name": null,
        "nuts3": "EE004"
      },
      "geometry": {
        "type": "Point",
        "coordinates": [
          23.63862,
          58.569498
        ]
      }
    },
    {
      "type": "Feature",
      "properties": {
        "id": "SEQ_7663__M_LMGN",
        "name": null,
        "nuts3": null
      },
      "geometry": {
        "type": "Point",
        "coordinates": [
          38.65908,
          54.28885
        ]
      }
    },
    {
      "type": "Feature",
      "properties": {
        "id": "SEQ_7685__M_LMGN",
        "name": null,
        "nuts3": null
      },
      "geometry": {
        "type": "Point",
        "coordinates": [
          37.42265,
          54.47217
        ]
      }
    },
    {
      "type": "Feature",
      "properties": {
        "id": "N_684_M_LMGN",
        "name": null,
        "nuts3": null
      },
      "geometry": {
        "type": "Point",
        "coordinates": [
          37.19666,
          54.72539
        ]
      }
    },
    {
      "type": "Feature",
      "properties": {
        "id": "N_685_M_LMGN",
        "name": null,
        "nuts3": null
      },
      "geometry": {
        "type": "Point",
        "coordinates": [
          35.98701,
          55.25464
        ]
      }
    },
    {
      "type": "Feature",
      "properties": {
        "id": "N_687_M_LMGN",
        "name": null,
        "nuts3": null
      },
      "geometry": {
        "type": "Point",
        "coordinates": [
          36.39633,
          55.75639
        ]
      }
    },
    {
      "type": "Feature",
      "properties": {
        "id": "N_2062_S_LMGN",
        "name": null,
        "nuts3": "PL427"
      },
      "geometry": {
        "type": "Point",
        "coordinates": [
          15.39828,
          53.13567
        ]
      }
    },
    {
      "type": "Feature",
      "properties": {
        "id": "SEQ_7761__M_LMGN",
        "name": null,
        "nuts3": "PL418"
      },
      "geometry": {
        "type": "Point",
        "coordinates": [
          16.98547,
          52.69922
        ]
      }
    },
    {
      "type": "Feature",
      "properties": {
        "id": "SEQ_7767__M_LMGN",
        "name": null,
        "nuts3": "PL418"
      },
      "geometry": {
        "type": "Point",
        "coordinates": [
          17.10428,
          52.3058
        ]
      }
    },
    {
      "type": "Feature",
      "properties": {
        "id": "SEQ_7769__M_LMGN",
        "name": null,
        "nuts3": "PL418"
      },
      "geometry": {
        "type": "Point",
        "coordinates": [
          17.05167,
          52.18141
        ]
      }
    },
    {
      "type": "Feature",
      "properties": {
        "id": "SEQ_7771__M_LMGN",
        "name": null,
        "nuts3": "PL418"
      },
      "geometry": {
        "type": "Point",
        "coordinates": [
          17.06575,
          52.01722
        ]
      }
    },
    {
      "type": "Feature",
      "properties": {
        "id": "N_692_M_LMGN",
        "name": null,
        "nuts3": "PL417"
      },
      "geometry": {
        "type": "Point",
        "coordinates": [
          17.04868,
          51.85006
        ]
      }
    },
    {
      "type": "Feature",
      "properties": {
        "id": "SEQ_6694_p",
        "name": null,
        "nuts3": "ITI43"
      },
      "geometry": {
        "type": "Point",
        "coordinates": [
          12.40059,
          41.79839
        ]
      }
    },
    {
      "type": "Feature",
      "properties": {
        "id": "SEQ_7857__M_LMGN",
        "name": null,
        "nuts3": "ITI43"
      },
      "geometry": {
        "type": "Point",
        "coordinates": [
          12.75491,
          41.60609
        ]
      }
    },
    {
      "type": "Feature",
      "properties": {
        "id": "N_709_M_LMGN",
        "name": null,
        "nuts3": "PL229"
      },
      "geometry": {
        "type": "Point",
        "coordinates": [
          18.50782,
          50.34019
        ]
      }
    },
    {
      "type": "Feature",
      "properties": {
        "id": "SEQ_7929__M_LMGN",
        "name": null,
        "nuts3": "RO125"
      },
      "geometry": {
        "type": "Point",
        "coordinates": [
          24.73917,
          46.09157
        ]
      }
    },
    {
      "type": "Feature",
      "properties": {
        "id": "SEQ_7933__M_LMGN",
        "name": null,
        "nuts3": "RO122"
      },
      "geometry": {
        "type": "Point",
        "coordinates": [
          24.92303,
          45.83031
        ]
      }
    },
    {
      "type": "Feature",
      "properties": {
        "id": "SEQ_8189__M_LMGN",
        "name": null,
        "nuts3": "FRC23"
      },
      "geometry": {
        "type": "Point",
        "coordinates": [
          6.23948,
          47.69082
        ]
      }
    },
    {
      "type": "Feature",
      "properties": {
        "id": "SEQ_8219__M_LMGN",
        "name": null,
        "nuts3": "FRC11"
      },
      "geometry": {
        "type": "Point",
        "coordinates": [
          4.99125,
          47.33502
        ]
      }
    },
    {
      "type": "Feature",
      "properties": {
        "id": "SEQ_8229__M_LMGN",
        "name": null,
        "nuts3": "FRC13"
      },
      "geometry": {
        "type": "Point",
        "coordinates": [
          5.01048,
          46.6104
        ]
      }
    },
    {
      "type": "Feature",
      "properties": {
        "id": "N_744_M_LMGN",
        "name": null,
        "nuts3": null
      },
      "geometry": {
        "type": "Point",
        "coordinates": [
          50.25733,
          56.27673
        ]
      }
    },
    {
      "type": "Feature",
      "properties": {
        "id": "N_745_M_LMGN",
        "name": null,
        "nuts3": null
      },
      "geometry": {
        "type": "Point",
        "coordinates": [
          50.28354,
          56.16017
        ]
      }
    },
    {
      "type": "Feature",
      "properties": {
        "id": "SEQ_8355__M_LMGN",
        "name": null,
        "nuts3": null
      },
      "geometry": {
        "type": "Point",
        "coordinates": [
          50.42101,
          54.51818
        ]
      }
    },
    {
      "type": "Feature",
      "properties": {
        "id": "SEQ_8359__M_LMGN",
        "name": null,
        "nuts3": null
      },
      "geometry": {
        "type": "Point",
        "coordinates": [
          50.50188,
          54.7708
        ]
      }
    },
    {
      "type": "Feature",
      "properties": {
        "id": "SEQ_8415__M_LMGN",
        "name": null,
        "nuts3": null
      },
      "geometry": {
        "type": "Point",
        "coordinates": [
          44.1975,
          57.0566
        ]
      }
    },
    {
      "type": "Feature",
      "properties": {
        "id": "SEQ_8595__M_LMGN",
        "name": null,
        "nuts3": null
      },
      "geometry": {
        "type": "Point",
        "coordinates": [
          43.50128,
          52.28526
        ]
      }
    },
    {
      "type": "Feature",
      "properties": {
        "id": "N_763_M_LMGN",
        "name": null,
        "nuts3": null
      },
      "geometry": {
        "type": "Point",
        "coordinates": [
          38.82917,
          54.82969
        ]
      }
    },
    {
      "type": "Feature",
      "properties": {
        "id": "SEQ_8769__M_LMGN",
        "name": null,
        "nuts3": null
      },
      "geometry": {
        "type": "Point",
        "coordinates": [
          36.80585,
          55.06699
        ]
      }
    },
    {
      "type": "Feature",
      "properties": {
        "id": "N_766_M_LMGN",
        "name": null,
        "nuts3": null
      },
      "geometry": {
        "type": "Point",
        "coordinates": [
          36.01264,
          54.77269
        ]
      }
    },
    {
      "type": "Feature",
      "properties": {
        "id": "SEQ_9213__S_LMGN",
        "name": null,
        "nuts3": "PL518"
      },
      "geometry": {
        "type": "Point",
        "coordinates": [
          16.86213,
          51.05451
        ]
      }
    },
    {
      "type": "Feature",
      "properties": {
        "id": "SEQ_8797__M_LMGN",
        "name": null,
        "nuts3": "FRL05"
      },
      "geometry": {
        "type": "Point",
        "coordinates": [
          6.00168,
          43.42247
        ]
      }
    },
    {
      "type": "Feature",
      "properties": {
        "id": "SEQ_8801__M_LMGN",
        "name": null,
        "nuts3": "FRL05"
      },
      "geometry": {
        "type": "Point",
        "coordinates": [
          6.23207,
          43.50827
        ]
      }
    },
    {
      "type": "Feature",
      "properties": {
        "id": "SEQ_8811__M_LMGN",
        "name": null,
        "nuts3": "FRL03"
      },
      "geometry": {
        "type": "Point",
        "coordinates": [
          6.83721,
          43.64093
        ]
      }
    },
    {
      "type": "Feature",
      "properties": {
        "id": "SEQ_13941__S_LMGN",
        "name": null,
        "nuts3": "FRL03"
      },
      "geometry": {
        "type": "Point",
        "coordinates": [
          7.34658,
          43.74452
        ]
      }
    },
    {
      "type": "Feature",
      "properties": {
        "id": "SEQ_9021__M_LMGN",
        "name": null,
        "nuts3": "PL524"
      },
      "geometry": {
        "type": "Point",
        "coordinates": [
          18.14414,
          50.37833
        ]
      }
    },
    {
      "type": "Feature",
      "properties": {
        "id": "SEQ_9023__M_LMGN",
        "name": null,
        "nuts3": "PL524"
      },
      "geometry": {
        "type": "Point",
        "coordinates": [
          18.00704,
          50.42933
        ]
      }
    },
    {
      "type": "Feature",
      "properties": {
        "id": "SEQ_9143__M_LMGN",
        "name": null,
        "nuts3": null
      },
      "geometry": {
        "type": "Point",
        "coordinates": [
          28.50865,
          40.91556
        ]
      }
    },
    {
      "type": "Feature",
      "properties": {
        "id": "SEQ_9145__M_LMGN",
        "name": null,
        "nuts3": null
      },
      "geometry": {
        "type": "Point",
        "coordinates": [
          28.30664,
          40.95667
        ]
      }
    },
    {
      "type": "Feature",
      "properties": {
        "id": "N_1332_S_LMGN",
        "name": null,
        "nuts3": "RO125"
      },
      "geometry": {
        "type": "Point",
        "coordinates": [
          24.73307,
          46.82158
        ]
      }
    },
    {
      "type": "Feature",
      "properties": {
        "id": "SEQ_9163__M_LMGN",
        "name": null,
        "nuts3": "RO125"
      },
      "geometry": {
        "type": "Point",
        "coordinates": [
          24.19336,
          46.49662
        ]
      }
    },
    {
      "type": "Feature",
      "properties": {
        "id": "SEQ_9247__M_LMGN",
        "name": null,
        "nuts3": "FRG01"
      },
      "geometry": {
        "type": "Point",
        "coordinates": [
          -1.89524,
          47.21881
        ]
      }
    },
    {
      "type": "Feature",
      "properties": {
        "id": "N_819_M_LMGN",
        "name": null,
        "nuts3": "ITC42"
      },
      "geometry": {
        "type": "Point",
        "coordinates": [
          9.05867,
          45.7364
        ]
      }
    },
    {
      "type": "Feature",
      "properties": {
        "id": "N_820_M_LMGN",
        "name": null,
        "nuts3": "ITC4C"
      },
      "geometry": {
        "type": "Point",
        "coordinates": [
          9.04858,
          45.30512
        ]
      }
    },
    {
      "type": "Feature",
      "properties": {
        "id": "SEQ_9357__M_LMGN",
        "name": null,
        "nuts3": null
      },
      "geometry": {
        "type": "Point",
        "coordinates": [
          51.55761,
          45.21557
        ]
      }
    },
    {
      "type": "Feature",
      "properties": {
        "id": "SEQ_9363__M_LMGN",
        "name": null,
        "nuts3": null
      },
      "geometry": {
        "type": "Point",
        "coordinates": [
          51.67273,
          44.92853
        ]
      }
    },
    {
      "type": "Feature",
      "properties": {
        "id": "SEQ_9367__M_LMGN",
        "name": null,
        "nuts3": null
      },
      "geometry": {
        "type": "Point",
        "coordinates": [
          51.70679,
          44.71626
        ]
      }
    },
    {
      "type": "Feature",
      "properties": {
        "id": "SEQ_9371__M_LMGN",
        "name": null,
        "nuts3": null
      },
      "geometry": {
        "type": "Point",
        "coordinates": [
          51.73954,
          44.50806
        ]
      }
    },
    {
      "type": "Feature",
      "properties": {
        "id": "SEQ_9375__M_LMGN",
        "name": null,
        "nuts3": null
      },
      "geometry": {
        "type": "Point",
        "coordinates": [
          51.77722,
          44.29634
        ]
      }
    },
    {
      "type": "Feature",
      "properties": {
        "id": "SEQ_1155__S_LMGN",
        "name": null,
        "nuts3": null
      },
      "geometry": {
        "type": "Point",
        "coordinates": [
          51.82212,
          44.07956
        ]
      }
    },
    {
      "type": "Feature",
      "properties": {
        "id": "SEQ_6956_p",
        "name": null,
        "nuts3": null
      },
      "geometry": {
        "type": "Point",
        "coordinates": [
          34.97314,
          32.05732
        ]
      }
    },
    {
      "type": "Feature",
      "properties": {
        "id": "SEQ_6957_p",
        "name": null,
        "nuts3": null
      },
      "geometry": {
        "type": "Point",
        "coordinates": [
          34.8158,
          32.03768
        ]
      }
    },
    {
      "type": "Feature",
      "properties": {
        "id": "SEQ_9389__M_LMGN",
        "name": null,
        "nuts3": null
      },
      "geometry": {
        "type": "Point",
        "coordinates": [
          34.5099,
          31.87903
        ]
      }
    },
    {
      "type": "Feature",
      "properties": {
        "id": "N_837_M_LMGN",
        "name": null,
        "nuts3": null
      },
      "geometry": {
        "type": "Point",
        "coordinates": [
          36.17234,
          55.3762
        ]
      }
    },
    {
      "type": "Feature",
      "properties": {
        "id": "N_838_M_LMGN",
        "name": null,
        "nuts3": null
      },
      "geometry": {
        "type": "Point",
        "coordinates": [
          35.89854,
          54.75385
        ]
      }
    },
    {
      "type": "Feature",
      "properties": {
        "id": "SEQ_17907__S_LMGN",
        "name": null,
        "nuts3": "FRL01"
      },
      "geometry": {
        "type": "Point",
        "coordinates": [
          5.93357,
          43.79614
        ]
      }
    },
    {
      "type": "Feature",
      "properties": {
        "id": "INET_N_308",
        "name": null,
        "nuts3": "RO121"
      },
      "geometry": {
        "type": "Point",
        "coordinates": [
          24.208115,
          46.23695
        ]
      }
    },
    {
      "type": "Feature",
      "properties": {
        "id": "INET_N_1742",
        "name": null,
        "nuts3": "ES211"
      },
      "geometry": {
        "type": "Point",
        "coordinates": [
          -2.6667,
          42.85
        ]
      }
    },
    {
      "type": "Feature",
      "properties": {
        "id": "N_878_M_LMGN",
        "name": null,
        "nuts3": null
      },
      "geometry": {
        "type": "Point",
        "coordinates": [
          36.54599,
          56.02341
        ]
      }
    },
    {
      "type": "Feature",
      "properties": {
        "id": "SEQ_7065_p",
        "name": null,
        "nuts3": "NL310"
      },
      "geometry": {
        "type": "Point",
        "coordinates": [
          5.06875,
          52.06289
        ]
      }
    },
    {
      "type": "Feature",
      "properties": {
        "id": "SEQ_7069_p",
        "name": null,
        "nuts3": "NL221"
      },
      "geometry": {
        "type": "Point",
        "coordinates": [
          6.07198,
          52.46576
        ]
      }
    },
    {
      "type": "Feature",
      "properties": {
        "id": "SEQ_7071_p",
        "name": null,
        "nuts3": "NL131"
      },
      "geometry": {
        "type": "Point",
        "coordinates": [
          6.41908,
          53.11639
        ]
      }
    },
    {
      "type": "Feature",
      "properties": {
        "id": "SEQ_18137__S_LMGN",
        "name": null,
        "nuts3": "HU211"
      },
      "geometry": {
        "type": "Point",
        "coordinates": [
          18.21156,
          46.96687
        ]
      }
    },
    {
      "type": "Feature",
      "properties": {
        "id": "SEQ_10351__M_LMGN",
        "name": null,
        "nuts3": null
      },
      "geometry": {
        "type": "Point",
        "coordinates": [
          38.4184,
          53.89335
        ]
      }
    },
    {
      "type": "Feature",
      "properties": {
        "id": "SEQ_10361__M_LMGN",
        "name": null,
        "nuts3": null
      },
      "geometry": {
        "type": "Point",
        "coordinates": [
          37.53983,
          53.53439
        ]
      }
    },
    {
      "type": "Feature",
      "properties": {
        "id": "Prod_2",
        "name": null,
        "nuts3": null
      },
      "geometry": {
        "type": "Point",
        "coordinates": [
          12.49689,
          34.39425
        ]
      }
    },
    {
      "type": "Feature",
      "properties": {
        "id": "SEQ_10515__M_LMGN",
        "name": null,
        "nuts3": null
      },
      "geometry": {
        "type": "Point",
        "coordinates": [
          36.71315,
          56.15591
        ]
      }
    },
    {
      "type": "Feature",
      "properties": {
        "id": "SEQ_10531__M_LMGN",
        "name": null,
        "nuts3": null
      },
      "geometry": {
        "type": "Point",
        "coordinates": [
          38.19819,
          56.32351
        ]
      }
    },
    {
      "type": "Feature",
      "properties": {
        "id": "N_899_M_LMGN",
        "name": null,
        "nuts3": null
      },
      "geometry": {
        "type": "Point",
        "coordinates": [
          36.68842,
          55.86031
        ]
      }
    },
    {
      "type": "Feature",
      "properties": {
        "id": "SEQ_10573__M_LMGN",
        "name": null,
        "nuts3": "PL417"
      },
      "geometry": {
        "type": "Point",
        "coordinates": [
          17.19967,
          51.86665
        ]
      }
    },
    {
      "type": "Feature",
      "properties": {
        "id": "N_1544_S_LMGN",
        "name": null,
        "nuts3": "PL516"
      },
      "geometry": {
        "type": "Point",
        "coordinates": [
          16.15602,
          51.54489
        ]
      }
    },
    {
      "type": "Feature",
      "properties": {
        "id": "N_2830_M_LMGN",
        "name": null,
        "nuts3": "PL417"
      },
      "geometry": {
        "type": "Point",
        "coordinates": [
          16.69123,
          51.70834
        ]
      }
    },
    {
      "type": "Feature",
      "properties": {
        "id": "SEQ_10587__M_LMGN",
        "name": null,
        "nuts3": "PL518"
      },
      "geometry": {
        "type": "Point",
        "coordinates": [
          16.74472,
          51.45111
        ]
      }
    },
    {
      "type": "Feature",
      "properties": {
        "id": "N_2832_M_LMGN",
        "name": null,
        "nuts3": "PL417"
      },
      "geometry": {
        "type": "Point",
        "coordinates": [
          16.84676,
          51.58668
        ]
      }
    },
    {
      "type": "Feature",
      "properties": {
        "id": "SEQ_10595__M_LMGN",
        "name": null,
        "nuts3": "PL518"
      },
      "geometry": {
        "type": "Point",
        "coordinates": [
          17.22161,
          51.58855
        ]
      }
    },
    {
      "type": "Feature",
      "properties": {
        "id": "N_902_M_LMGN",
        "name": null,
        "nuts3": "PL518"
      },
      "geometry": {
        "type": "Point",
        "coordinates": [
          17.45183,
          51.57771
        ]
      }
    },
    {
      "type": "Feature",
      "properties": {
        "id": "SEQ_10697__M_LMGN",
        "name": null,
        "nuts3": "FRF32"
      },
      "geometry": {
        "type": "Point",
        "coordinates": [
          5.32712,
          48.66314
        ]
      }
    },
    {
      "type": "Feature",
      "properties": {
        "id": "SEQ_10743__M_LMGN",
        "name": null,
        "nuts3": null
      },
      "geometry": {
        "type": "Point",
        "coordinates": [
          52.91438,
          43.20274
        ]
      }
    },
    {
      "type": "Feature",
      "properties": {
        "id": "SEQ_1193__S_LMGN",
        "name": null,
        "nuts3": null
      },
      "geometry": {
        "type": "Point",
        "coordinates": [
          53.30025,
          43.07207
        ]
      }
    },
    {
      "type": "Feature",
      "properties": {
        "id": "SEQ_10767__M_LMGN",
        "name": null,
        "nuts3": null
      },
      "geometry": {
        "type": "Point",
        "coordinates": [
          36.43001,
          54.32688
        ]
      }
    },
    {
      "type": "Feature",
      "properties": {
        "id": "SEQ_10819__M_LMGN",
        "name": null,
        "nuts3": "FRH01"
      },
      "geometry": {
        "type": "Point",
        "coordinates": [
          -2.1028,
          48.42761
        ]
      }
    },
    {
      "type": "Feature",
      "properties": {
        "id": "SEQ_10881__M_LMGN",
        "name": null,
        "nuts3": "ITC12"
      },
      "geometry": {
        "type": "Point",
        "coordinates": [
          8.23448,
          45.35374
        ]
      }
    },
    {
      "type": "Feature",
      "properties": {
        "id": "INET_N_464",
        "name": null,
        "nuts3": "LT011"
      },
      "geometry": {
        "type": "Point",
        "coordinates": [
          24.6474,
          54.7701
        ]
      }
    },
    {
      "type": "Feature",
      "properties": {
        "id": "N_1923_S_LMGN",
        "name": null,
        "nuts3": "PL225"
      },
      "geometry": {
        "type": "Point",
        "coordinates": [
          18.97191,
          49.8759
        ]
      }
    },
    {
      "type": "Feature",
      "properties": {
        "id": "N_1470_S_LMGN",
        "name": null,
        "nuts3": "PT11A"
      },
      "geometry": {
        "type": "Point",
        "coordinates": [
          -8.4508,
          41.07128
        ]
      }
    },
    {
      "type": "Feature",
      "properties": {
        "id": "N_201_S_LMGN",
        "name": null,
        "nuts3": null
      },
      "geometry": {
        "type": "Point",
        "coordinates": [
          30.30747,
          59.77959
        ]
      }
    },
    {
      "type": "Feature",
      "properties": {
        "id": "SEQ_7244_p",
        "name": null,
        "nuts3": "ES616"
      },
      "geometry": {
        "type": "Point",
        "coordinates": [
          -4.2211,
          37.73709
        ]
      }
    },
    {
      "type": "Feature",
      "properties": {
        "id": "N_9_S_LMGN",
        "name": null,
        "nuts3": null
      },
      "geometry": {
        "type": "Point",
        "coordinates": [
          11.85863,
          57.50926
        ]
      }
    },
    {
      "type": "Feature",
      "properties": {
        "id": "SEQ_9863__S_LMGN",
        "name": null,
        "nuts3": "FRG05"
      },
      "geometry": {
        "type": "Point",
        "coordinates": [
          -1.18272,
          46.86066
        ]
      }
    },
    {
      "type": "Feature",
      "properties": {
        "id": "SEQ_3239__S_LMGN",
        "name": null,
        "nuts3": null
      },
      "geometry": {
        "type": "Point",
        "coordinates": [
          38.44078,
          53.84091
        ]
      }
    },
    {
      "type": "Feature",
      "properties": {
        "id": "INET_N_1244",
        "name": null,
        "nuts3": "PT16I"
      },
      "geometry": {
        "type": "Point",
        "coordinates": [
          -8.1113,
          39.4689
        ]
      }
    },
    {
      "type": "Feature",
      "properties": {
        "id": "N_78_S_LMGN",
        "name": null,
        "nuts3": "UKD11"
      },
      "geometry": {
        "type": "Point",
        "coordinates": [
          -3.47774,
          54.41522
        ]
      }
    },
    {
      "type": "Feature",
      "properties": {
        "id": "SEQ_3187__S_LMGN",
        "name": null,
        "nuts3": null
      },
      "geometry": {
        "type": "Point",
        "coordinates": [
          42.50383,
          52.55439
        ]
      }
    },
    {
      "type": "Feature",
      "properties": {
        "id": "N_19_S_LMGN",
        "name": null,
        "nuts3": null
      },
      "geometry": {
        "type": "Point",
        "coordinates": [
          48.3132,
          56.14248
        ]
      }
    },
    {
      "type": "Feature",
      "properties": {
        "id": "N_30_S_LMGN",
        "name": null,
        "nuts3": "NL124"
      },
      "geometry": {
        "type": "Point",
        "coordinates": [
          5.86534,
          53.36616
        ]
      }
    },
    {
      "type": "Feature",
      "properties": {
        "id": "N_32_S_LMGN",
        "name": null,
        "nuts3": null
      },
      "geometry": {
        "type": "Point",
        "coordinates": [
          3.74827,
          52.25749
        ]
      }
    },
    {
      "type": "Feature",
      "properties": {
        "id": "N_33_S_LMGN",
        "name": null,
        "nuts3": null
      },
      "geometry": {
        "type": "Point",
        "coordinates": [
          3.79747,
          52.25203
        ]
      }
    },
    {
      "type": "Feature",
      "properties": {
        "id": "N_24_S_LMGN",
        "name": null,
        "nuts3": "IE042"
      },
      "geometry": {
        "type": "Point",
        "coordinates": [
          -8.96854,
          53.31062
        ]
      }
    },
    {
      "type": "Feature",
      "properties": {
        "id": "NutsCons_117",
        "name": null,
        "nuts3": "TR622"
      },
      "geometry": {
        "type": "Point",
        "coordinates": [
          33.477808,
          36.722549
        ]
      }
    },
    {
      "type": "Feature",
      "properties": {
        "id": "INET_N_544",
        "name": null,
        "nuts3": "UKG31"
      },
      "geometry": {
        "type": "Point",
        "coordinates": [
          -1.808281,
          52.509966
        ]
      }
    },
    {
      "type": "Feature",
      "properties": {
        "id": "NutsCons_8",
        "name": null,
        "nuts3": "EL641"
      },
      "geometry": {
        "type": "Point",
        "coordinates": [
          22.78542,
          38.457599
        ]
      }
    },
    {
      "type": "Feature",
      "properties": {
        "id": "N_91_S_LMGN",
        "name": null,
        "nuts3": null
      },
      "geometry": {
        "type": "Point",
        "coordinates": [
          43.37794,
          52.26085
        ]
      }
    },
    {
      "type": "Feature",
      "properties": {
        "id": "N_133_S_LMGN",
        "name": null,
        "nuts3": null
      },
      "geometry": {
        "type": "Point",
        "coordinates": [
          15.15358,
          37.4465
        ]
      }
    },
    {
      "type": "Feature",
      "properties": {
        "id": "INET_N_1817",
        "name": null,
        "nuts3": "PL814"
      },
      "geometry": {
        "type": "Point",
        "coordinates": [
          22.5535,
          51.215
        ]
      }
    },
    {
      "type": "Feature",
      "properties": {
        "id": "SEQ_7546_p",
        "name": null,
        "nuts3": "RO411"
      },
      "geometry": {
        "type": "Point",
        "coordinates": [
          23.87042,
          44.49428
        ]
      }
    },
    {
      "type": "Feature",
      "properties": {
        "id": "IGU_N_139",
        "name": null,
        "nuts3": null
      },
      "geometry": {
        "type": "Point",
        "coordinates": [
          35.7656,
          49.285989
        ]
      }
    },
    {
      "type": "Feature",
      "properties": {
        "id": "N_214_S_LMGN",
        "name": null,
        "nuts3": null
      },
      "geometry": {
        "type": "Point",
        "coordinates": [
          39.40777,
          53.71147
        ]
      }
    },
    {
      "type": "Feature",
      "properties": {
        "id": "N_216_S_LMGN",
        "name": null,
        "nuts3": null
      },
      "geometry": {
        "type": "Point",
        "coordinates": [
          38.23312,
          53.97045
        ]
      }
    },
    {
      "type": "Feature",
      "properties": {
        "id": "N_289_S_LMGN",
        "name": null,
        "nuts3": null
      },
      "geometry": {
        "type": "Point",
        "coordinates": [
          30.03146,
          59.82368
        ]
      }
    },
    {
      "type": "Feature",
      "properties": {
        "id": "SEQ_7622_p",
        "name": null,
        "nuts3": null
      },
      "geometry": {
        "type": "Point",
        "coordinates": [
          30.0613,
          59.71527
        ]
      }
    },
    {
      "type": "Feature",
      "properties": {
        "id": "SEQ_2157__S_LMGN",
        "name": null,
        "nuts3": null
      },
      "geometry": {
        "type": "Point",
        "coordinates": [
          28.33231,
          43.09121
        ]
      }
    },
    {
      "type": "Feature",
      "properties": {
        "id": "SEQ_7635_p",
        "name": null,
        "nuts3": null
      },
      "geometry": {
        "type": "Point",
        "coordinates": [
          28.4765,
          43.02831
        ]
      }
    },
    {
      "type": "Feature",
      "properties": {
        "id": "Prod_38",
        "name": null,
        "nuts3": null
      },
      "geometry": {
        "type": "Point",
        "coordinates": [
          29.95703,
          43.55604
        ]
      }
    },
    {
      "type": "Feature",
      "properties": {
        "id": "INET_N_1113",
        "name": null,
        "nuts3": "ES111"
      },
      "geometry": {
        "type": "Point",
        "coordinates": [
          -8.253,
          43.4578
        ]
      }
    },
    {
      "type": "Feature",
      "properties": {
        "id": "N_349_S_LMGN",
        "name": null,
        "nuts3": null
      },
      "geometry": {
        "type": "Point",
        "coordinates": [
          6.29828,
          35.77231
        ]
      }
    },
    {
      "type": "Feature",
      "properties": {
        "id": "Stor_NonEU_4",
        "name": null,
        "nuts3": null
      },
      "geometry": {
        "type": "Point",
        "coordinates": [
          45.41419,
          39.52194
        ]
      }
    },
    {
      "type": "Feature",
      "properties": {
        "id": "N_399_S_LMGN",
        "name": null,
        "nuts3": null
      },
      "geometry": {
        "type": "Point",
        "coordinates": [
          41.53496,
          45.50736
        ]
      }
    },
    {
      "type": "Feature",
      "properties": {
        "id": "N_407_S_LMGN",
        "name": null,
        "nuts3": "PL634"
      },
      "geometry": {
        "type": "Point",
        "coordinates": [
          18.47612,
          54.59765
        ]
      }
    },
    {
      "type": "Feature",
      "properties": {
        "id": "N_415_S_LMGN",
        "name": null,
        "nuts3": "PL824"
      },
      "geometry": {
        "type": "Point",
        "coordinates": [
          21.68267,
          50.54021
        ]
      }
    },
    {
      "type": "Feature",
      "properties": {
        "id": "SEQ_7719_p",
        "name": null,
        "nuts3": "PL824"
      },
      "geometry": {
        "type": "Point",
        "coordinates": [
          22.30105,
          50.33959
        ]
      }
    },
    {
      "type": "Feature",
      "properties": {
        "id": "N_416_S_LMGN",
        "name": null,
        "nuts3": "PL822"
      },
      "geometry": {
        "type": "Point",
        "coordinates": [
          22.45293,
          50.08873
        ]
      }
    },
    {
      "type": "Feature",
      "properties": {
        "id": "N_430_S_LMGN",
        "name": null,
        "nuts3": "RO125"
      },
      "geometry": {
        "type": "Point",
        "coordinates": [
          24.66707,
          46.54777
        ]
      }
    },
    {
      "type": "Feature",
      "properties": {
        "id": "SEQ_2993__S_LMGN",
        "name": null,
        "nuts3": "RO125"
      },
      "geometry": {
        "type": "Point",
        "coordinates": [
          24.22813,
          46.73481
        ]
      }
    },
    {
      "type": "Feature",
      "properties": {
        "id": "N_431_S_LMGN",
        "name": null,
        "nuts3": "RO113"
      },
      "geometry": {
        "type": "Point",
        "coordinates": [
          24.02808,
          46.81675
        ]
      }
    },
    {
      "type": "Feature",
      "properties": {
        "id": "N_234_S_LMGN",
        "name": null,
        "nuts3": "MK007"
      },
      "geometry": {
        "type": "Point",
        "coordinates": [
          21.85329,
          42.00282
        ]
      }
    },
    {
      "type": "Feature",
      "properties": {
        "id": "N_459_S_LMGN",
        "name": null,
        "nuts3": null
      },
      "geometry": {
        "type": "Point",
        "coordinates": [
          40.56496,
          52.97154
        ]
      }
    },
    {
      "type": "Feature",
      "properties": {
        "id": "N_613_S_LMGN",
        "name": null,
        "nuts3": null
      },
      "geometry": {
        "type": "Point",
        "coordinates": [
          39.34096,
          53.67698
        ]
      }
    },
    {
      "type": "Feature",
      "properties": {
        "id": "INET_N_367",
        "name": null,
        "nuts3": "PL411"
      },
      "geometry": {
        "type": "Point",
        "coordinates": [
          17.499403,
          52.836586
        ]
      }
    },
    {
      "type": "Feature",
      "properties": {
        "id": "N_537_S_LMGN",
        "name": null,
        "nuts3": "TR631"
      },
      "geometry": {
        "type": "Point",
        "coordinates": [
          36.1621,
          36.87257
        ]
      }
    },
    {
      "type": "Feature",
      "properties": {
        "id": "NutsCons_116",
        "name": null,
        "nuts3": "TR723"
      },
      "geometry": {
        "type": "Point",
        "coordinates": [
          35.946848,
          39.641023
        ]
      }
    },
    {
      "type": "Feature",
      "properties": {
        "id": "SEQ_3797__S_LMGN",
        "name": null,
        "nuts3": null
      },
      "geometry": {
        "type": "Point",
        "coordinates": [
          33.0871,
          45.40522
        ]
      }
    },
    {
      "type": "Feature",
      "properties": {
        "id": "N_596_S_LMGN",
        "name": null,
        "nuts3": "RO121"
      },
      "geometry": {
        "type": "Point",
        "coordinates": [
          24.06529,
          46.18041
        ]
      }
    },
    {
      "type": "Feature",
      "properties": {
        "id": "NutsCons_101",
        "name": null,
        "nuts3": "RO113"
      },
      "geometry": {
        "type": "Point",
        "coordinates": [
          24.064087,
          46.659055
        ]
      }
    },
    {
      "type": "Feature",
      "properties": {
        "id": "N_603_S_LMGN",
        "name": null,
        "nuts3": "RO125"
      },
      "geometry": {
        "type": "Point",
        "coordinates": [
          24.66203,
          46.48601
        ]
      }
    },
    {
      "type": "Feature",
      "properties": {
        "id": "NutsCons_42",
        "name": null,
        "nuts3": "FRD11"
      },
      "geometry": {
        "type": "Point",
        "coordinates": [
          0.157973,
          49.057698
        ]
      }
    },
    {
      "type": "Feature",
      "properties": {
        "id": "NutsCons_109",
        "name": null,
        "nuts3": "MK001"
      },
      "geometry": {
        "type": "Point",
        "coordinates": [
          21.848651,
          41.595853
        ]
      }
    },
    {
      "type": "Feature",
      "properties": {
        "id": "N_755_S_LMGN",
        "name": null,
        "nuts3": "PL824"
      },
      "geometry": {
        "type": "Point",
        "coordinates": [
          21.29933,
          49.9828
        ]
      }
    },
    {
      "type": "Feature",
      "properties": {
        "id": "N_756_S_LMGN",
        "name": null,
        "nuts3": "PL217"
      },
      "geometry": {
        "type": "Point",
        "coordinates": [
          20.89884,
          50.06858
        ]
      }
    },
    {
      "type": "Feature",
      "properties": {
        "id": "N_783_S_LMGN",
        "name": null,
        "nuts3": "BE213"
      },
      "geometry": {
        "type": "Point",
        "coordinates": [
          5.12678,
          51.19597
        ]
      }
    },
    {
      "type": "Feature",
      "properties": {
        "id": "N_792_S_LMGN",
        "name": null,
        "nuts3": "BE231"
      },
      "geometry": {
        "type": "Point",
        "coordinates": [
          4.02506,
          50.89468
        ]
      }
    },
    {
      "type": "Feature",
      "properties": {
        "id": "N_818_S_LMGN",
        "name": null,
        "nuts3": "RO221"
      },
      "geometry": {
        "type": "Point",
        "coordinates": [
          27.76756,
          45.35236
        ]
      }
    },
    {
      "type": "Feature",
      "properties": {
        "id": "N_822_S_LMGN",
        "name": null,
        "nuts3": "RO126"
      },
      "geometry": {
        "type": "Point",
        "coordinates": [
          24.66951,
          45.98329
        ]
      }
    },
    {
      "type": "Feature",
      "properties": {
        "id": "N_824_S_LMGN",
        "name": null,
        "nuts3": "RO125"
      },
      "geometry": {
        "type": "Point",
        "coordinates": [
          24.32653,
          46.34617
        ]
      }
    },
    {
      "type": "Feature",
      "properties": {
        "id": "SEQ_8086_p",
        "name": null,
        "nuts3": "FRG01"
      },
      "geometry": {
        "type": "Point",
        "coordinates": [
          -2.23883,
          47.33009
        ]
      }
    },
    {
      "type": "Feature",
      "properties": {
        "id": "INET_N_108",
        "name": null,
        "nuts3": "ES522"
      },
      "geometry": {
        "type": "Point",
        "coordinates": [
          -0.2,
          40.0667
        ]
      }
    },
    {
      "type": "Feature",
      "properties": {
        "id": "N_886_S_LMGN",
        "name": null,
        "nuts3": null
      },
      "geometry": {
        "type": "Point",
        "coordinates": [
          3.49626,
          36.12326
        ]
      }
    },
    {
      "type": "Feature",
      "properties": {
        "id": "N_1487_S_LMGN",
        "name": null,
        "nuts3": "ITF32"
      },
      "geometry": {
        "type": "Point",
        "coordinates": [
          14.37847,
          41.15098
        ]
      }
    },
    {
      "type": "Feature",
      "properties": {
        "id": "N_916_S_LMGN",
        "name": null,
        "nuts3": "ITC16"
      },
      "geometry": {
        "type": "Point",
        "coordinates": [
          7.80853,
          44.40062
        ]
      }
    },
    {
      "type": "Feature",
      "properties": {
        "id": "SEQ_8130_p",
        "name": null,
        "nuts3": "ITC16"
      },
      "geometry": {
        "type": "Point",
        "coordinates": [
          7.57421,
          44.44108
        ]
      }
    },
    {
      "type": "Feature",
      "properties": {
        "id": "N_917_S_LMGN",
        "name": null,
        "nuts3": "ITC16"
      },
      "geometry": {
        "type": "Point",
        "coordinates": [
          7.78105,
          44.64098
        ]
      }
    },
    {
      "type": "Feature",
      "properties": {
        "id": "N_1198_S_LMGN",
        "name": null,
        "nuts3": "ITC20"
      },
      "geometry": {
        "type": "Point",
        "coordinates": [
          7.58821,
          45.73286
        ]
      }
    },
    {
      "type": "Feature",
      "properties": {
        "id": "N_922_S_LMGN",
        "name": null,
        "nuts3": "ITC20"
      },
      "geometry": {
        "type": "Point",
        "coordinates": [
          7.46362,
          45.73222
        ]
      }
    },
    {
      "type": "Feature",
      "properties": {
        "id": "N_967_S_LMGN",
        "name": null,
        "nuts3": "HU223"
      },
      "geometry": {
        "type": "Point",
        "coordinates": [
          17.02489,
          46.81996
        ]
      }
    },
    {
      "type": "Feature",
      "properties": {
        "id": "N_1039_S_LMGN",
        "name": null,
        "nuts3": "RO214"
      },
      "geometry": {
        "type": "Point",
        "coordinates": [
          26.6858,
          47.03018
        ]
      }
    },
    {
      "type": "Feature",
      "properties": {
        "id": "N_1042_S_LMGN",
        "name": null,
        "nuts3": "RO226"
      },
      "geometry": {
        "type": "Point",
        "coordinates": [
          27.20501,
          45.98229
        ]
      }
    },
    {
      "type": "Feature",
      "properties": {
        "id": "N_1043_S_LMGN",
        "name": null,
        "nuts3": "RO211"
      },
      "geometry": {
        "type": "Point",
        "coordinates": [
          26.77446,
          46.2692
        ]
      }
    },
    {
      "type": "Feature",
      "properties": {
        "id": "N_2215_S_LMGN",
        "name": null,
        "nuts3": "RO223"
      },
      "geometry": {
        "type": "Point",
        "coordinates": [
          28.57435,
          44.33562
        ]
      }
    },
    {
      "type": "Feature",
      "properties": {
        "id": "SEQ_7559__S_LMGN",
        "name": null,
        "nuts3": "RO223"
      },
      "geometry": {
        "type": "Point",
        "coordinates": [
          28.56517,
          44.38243
        ]
      }
    },
    {
      "type": "Feature",
      "properties": {
        "id": "N_1086_S_LMGN",
        "name": null,
        "nuts3": "FRI12"
      },
      "geometry": {
        "type": "Point",
        "coordinates": [
          -0.34334,
          44.84917
        ]
      }
    },
    {
      "type": "Feature",
      "properties": {
        "id": "N_1088_S_LMGN",
        "name": null,
        "nuts3": "FRI12"
      },
      "geometry": {
        "type": "Point",
        "coordinates": [
          -0.44344,
          44.68516
        ]
      }
    },
    {
      "type": "Feature",
      "properties": {
        "id": "N_1123_S_LMGN",
        "name": null,
        "nuts3": "BE234"
      },
      "geometry": {
        "type": "Point",
        "coordinates": [
          3.70477,
          50.98888
        ]
      }
    },
    {
      "type": "Feature",
      "properties": {
        "id": "INET_N_335",
        "name": null,
        "nuts3": "ES523"
      },
      "geometry": {
        "type": "Point",
        "coordinates": [
          -0.6167,
          38.8167
        ]
      }
    },
    {
      "type": "Feature",
      "properties": {
        "id": "N_1153_S_LMGN",
        "name": null,
        "nuts3": null
      },
      "geometry": {
        "type": "Point",
        "coordinates": [
          0.3069,
          34.9137
        ]
      }
    },
    {
      "type": "Feature",
      "properties": {
        "id": "N_1175_S_LMGN",
        "name": null,
        "nuts3": "HR062"
      },
      "geometry": {
        "type": "Point",
        "coordinates": [
          16.35233,
          46.11265
        ]
      }
    },
    {
      "type": "Feature",
      "properties": {
        "id": "INET_N_1716",
        "name": null,
        "nuts3": "ITC32"
      },
      "geometry": {
        "type": "Point",
        "coordinates": [
          8.4305,
          44.2755
        ]
      }
    },
    {
      "type": "Feature",
      "properties": {
        "id": "N_1199_S_LMGN",
        "name": null,
        "nuts3": "ITC11"
      },
      "geometry": {
        "type": "Point",
        "coordinates": [
          7.85963,
          45.43954
        ]
      }
    },
    {
      "type": "Feature",
      "properties": {
        "id": "N_547_S_LMGN",
        "name": null,
        "nuts3": null
      },
      "geometry": {
        "type": "Point",
        "coordinates": [
          32.24392,
          45.5009
        ]
      }
    },
    {
      "type": "Feature",
      "properties": {
        "id": "Prod_57",
        "name": null,
        "nuts3": null
      },
      "geometry": {
        "type": "Point",
        "coordinates": [
          31.68827,
          45.61847
        ]
      }
    },
    {
      "type": "Feature",
      "properties": {
        "id": "SEQ_8973__S_LMGN",
        "name": null,
        "nuts3": "AT335"
      },
      "geometry": {
        "type": "Point",
        "coordinates": [
          12.22717,
          47.6481
        ]
      }
    },
    {
      "type": "Feature",
      "properties": {
        "id": "SEQ_8390_p",
        "name": null,
        "nuts3": "AT122"
      },
      "geometry": {
        "type": "Point",
        "coordinates": [
          16.01205,
          48.00675
        ]
      }
    },
    {
      "type": "Feature",
      "properties": {
        "id": "N_1246_S_LMGN",
        "name": null,
        "nuts3": "HR021"
      },
      "geometry": {
        "type": "Point",
        "coordinates": [
          17.08768,
          45.89257
        ]
      }
    },
    {
      "type": "Feature",
      "properties": {
        "id": "N_1247_S_LMGN",
        "name": null,
        "nuts3": "HR065"
      },
      "geometry": {
        "type": "Point",
        "coordinates": [
          16.66144,
          45.8461
        ]
      }
    },
    {
      "type": "Feature",
      "properties": {
        "id": "N_1260_S_LMGN",
        "name": null,
        "nuts3": "PL523"
      },
      "geometry": {
        "type": "Point",
        "coordinates": [
          17.47204,
          50.64922
        ]
      }
    },
    {
      "type": "Feature",
      "properties": {
        "id": "N_1787_S_LMGN",
        "name": null,
        "nuts3": "PL514"
      },
      "geometry": {
        "type": "Point",
        "coordinates": [
          16.86213,
          51.17169
        ]
      }
    },
    {
      "type": "Feature",
      "properties": {
        "id": "N_1291_S_LMGN",
        "name": null,
        "nuts3": "BE235"
      },
      "geometry": {
        "type": "Point",
        "coordinates": [
          3.73048,
          50.88085
        ]
      }
    },
    {
      "type": "Feature",
      "properties": {
        "id": "N_1294_S_LMGN",
        "name": null,
        "nuts3": "BE211"
      },
      "geometry": {
        "type": "Point",
        "coordinates": [
          4.69468,
          51.39556
        ]
      }
    },
    {
      "type": "Feature",
      "properties": {
        "id": "N_1296_S_LMGN",
        "name": null,
        "nuts3": "FRF32"
      },
      "geometry": {
        "type": "Point",
        "coordinates": [
          5.12492,
          48.63445
        ]
      }
    },
    {
      "type": "Feature",
      "properties": {
        "id": "NutsCons_76",
        "name": null,
        "nuts3": "RO216"
      },
      "geometry": {
        "type": "Point",
        "coordinates": [
          27.593113,
          46.279722
        ]
      }
    },
    {
      "type": "Feature",
      "properties": {
        "id": "N_1323_S_LMGN",
        "name": null,
        "nuts3": "RO322"
      },
      "geometry": {
        "type": "Point",
        "coordinates": [
          25.99955,
          44.60675
        ]
      }
    },
    {
      "type": "Feature",
      "properties": {
        "id": "N_1327_S_LMGN",
        "name": null,
        "nuts3": "RO126"
      },
      "geometry": {
        "type": "Point",
        "coordinates": [
          24.54761,
          46.14745
        ]
      }
    },
    {
      "type": "Feature",
      "properties": {
        "id": "N_1330_S_LMGN",
        "name": null,
        "nuts3": "RO313"
      },
      "geometry": {
        "type": "Point",
        "coordinates": [
          25.63397,
          45.04339
        ]
      }
    },
    {
      "type": "Feature",
      "properties": {
        "id": "N_1355_S_LMGN",
        "name": null,
        "nuts3": "FRK21"
      },
      "geometry": {
        "type": "Point",
        "coordinates": [
          4.83779,
          46.29173
        ]
      }
    },
    {
      "type": "Feature",
      "properties": {
        "id": "SEQ_8481_p",
        "name": null,
        "nuts3": "FRK25"
      },
      "geometry": {
        "type": "Point",
        "coordinates": [
          4.60612,
          45.52025
        ]
      }
    },
    {
      "type": "Feature",
      "properties": {
        "id": "N_1357_S_LMGN",
        "name": null,
        "nuts3": "FRG02"
      },
      "geometry": {
        "type": "Point",
        "coordinates": [
          -0.84338,
          47.11222
        ]
      }
    },
    {
      "type": "Feature",
      "properties": {
        "id": "N_1374_S_LMGN",
        "name": null,
        "nuts3": "FRI11"
      },
      "geometry": {
        "type": "Point",
        "coordinates": [
          0.11562,
          44.99367
        ]
      }
    },
    {
      "type": "Feature",
      "properties": {
        "id": "N_1426_S_LMGN",
        "name": null,
        "nuts3": "FRD21"
      },
      "geometry": {
        "type": "Point",
        "coordinates": [
          1.68145,
          49.21616
        ]
      }
    },
    {
      "type": "Feature",
      "properties": {
        "id": "INET_N_1519",
        "name": null,
        "nuts3": "ES113"
      },
      "geometry": {
        "type": "Point",
        "coordinates": [
          -8.0086,
          42.5273
        ]
      }
    },
    {
      "type": "Feature",
      "properties": {
        "id": "INET_N_1844",
        "name": null,
        "nuts3": "PL432"
      },
      "geometry": {
        "type": "Point",
        "coordinates": [
          15.488,
          51.9513
        ]
      }
    },
    {
      "type": "Feature",
      "properties": {
        "id": "N_1557_S_LMGN",
        "name": null,
        "nuts3": "HR063"
      },
      "geometry": {
        "type": "Point",
        "coordinates": [
          17.0832,
          45.96833
        ]
      }
    },
    {
      "type": "Feature",
      "properties": {
        "id": "N_1567_S_LMGN",
        "name": null,
        "nuts3": "HU232"
      },
      "geometry": {
        "type": "Point",
        "coordinates": [
          17.16171,
          46.41097
        ]
      }
    },
    {
      "type": "Feature",
      "properties": {
        "id": "N_1568_S_LMGN",
        "name": null,
        "nuts3": "HR021"
      },
      "geometry": {
        "type": "Point",
        "coordinates": [
          17.15923,
          45.76406
        ]
      }
    },
    {
      "type": "Feature",
      "properties": {
        "id": "N_1578_S_LMGN",
        "name": null,
        "nuts3": "HU232"
      },
      "geometry": {
        "type": "Point",
        "coordinates": [
          18.11435,
          46.94632
        ]
      }
    },
    {
      "type": "Feature",
      "properties": {
        "id": "SEQ_8644_p",
        "name": null,
        "nuts3": "HU213"
      },
      "geometry": {
        "type": "Point",
        "coordinates": [
          17.82422,
          47.03435
        ]
      }
    },
    {
      "type": "Feature",
      "properties": {
        "id": "N_1582_S_LMGN",
        "name": null,
        "nuts3": "HU313"
      },
      "geometry": {
        "type": "Point",
        "coordinates": [
          19.21389,
          47.99448
        ]
      }
    },
    {
      "type": "Feature",
      "properties": {
        "id": "N_1587_S_LMGN",
        "name": null,
        "nuts3": "PL912"
      },
      "geometry": {
        "type": "Point",
        "coordinates": [
          21.00776,
          52.38752
        ]
      }
    },
    {
      "type": "Feature",
      "properties": {
        "id": "SEQ_8675_p",
        "name": null,
        "nuts3": "PL217"
      },
      "geometry": {
        "type": "Point",
        "coordinates": [
          20.90523,
          50.15856
        ]
      }
    },
    {
      "type": "Feature",
      "properties": {
        "id": "SEQ_11997__S_LMGN",
        "name": null,
        "nuts3": null
      },
      "geometry": {
        "type": "Point",
        "coordinates": [
          28.67694,
          53.55192
        ]
      }
    },
    {
      "type": "Feature",
      "properties": {
        "id": "N_1608_S_LMGN",
        "name": null,
        "nuts3": "NL124"
      },
      "geometry": {
        "type": "Point",
        "coordinates": [
          6.16567,
          53.35246
        ]
      }
    },
    {
      "type": "Feature",
      "properties": {
        "id": "INET_N_40",
        "name": null,
        "nuts3": "NL230"
      },
      "geometry": {
        "type": "Point",
        "coordinates": [
          5.2158,
          52.3883
        ]
      }
    },
    {
      "type": "Feature",
      "properties": {
        "id": "N_1619_S_LMGN",
        "name": null,
        "nuts3": "BE352"
      },
      "geometry": {
        "type": "Point",
        "coordinates": [
          4.91553,
          50.47739
        ]
      }
    },
    {
      "type": "Feature",
      "properties": {
        "id": "NutsCons_0",
        "name": null,
        "nuts3": "BE351"
      },
      "geometry": {
        "type": "Point",
        "coordinates": [
          4.840439,
          50.344435
        ]
      }
    },
    {
      "type": "Feature",
      "properties": {
        "id": "N_1640_S_LMGN",
        "name": null,
        "nuts3": "FRF31"
      },
      "geometry": {
        "type": "Point",
        "coordinates": [
          5.77281,
          49.47807
        ]
      }
    },
    {
      "type": "Feature",
      "properties": {
        "id": "N_1646_S_LMGN",
        "name": null,
        "nuts3": "CH011"
      },
      "geometry": {
        "type": "Point",
        "coordinates": [
          6.53896,
          46.50458
        ]
      }
    },
    {
      "type": "Feature",
      "properties": {
        "id": "NutsCons_78",
        "name": null,
        "nuts3": "RS217"
      },
      "geometry": {
        "type": "Point",
        "coordinates": [
          20.850428,
          43.840655
        ]
      }
    },
    {
      "type": "Feature",
      "properties": {
        "id": "N_1670_S_LMGN",
        "name": null,
        "nuts3": "RO122"
      },
      "geometry": {
        "type": "Point",
        "coordinates": [
          24.81481,
          45.91138
        ]
      }
    },
    {
      "type": "Feature",
      "properties": {
        "id": "N_1677_S_LMGN",
        "name": null,
        "nuts3": null
      },
      "geometry": {
        "type": "Point",
        "coordinates": [
          38.1569,
          53.97542
        ]
      }
    },
    {
      "type": "Feature",
      "properties": {
        "id": "SEQ_8761_p",
        "name": null,
        "nuts3": "FR106"
      },
      "geometry": {
        "type": "Point",
        "coordinates": [
          2.43482,
          48.9393
        ]
      }
    },
    {
      "type": "Feature",
      "properties": {
        "id": "N_1710_S_LMGN",
        "name": null,
        "nuts3": "FRB06"
      },
      "geometry": {
        "type": "Point",
        "coordinates": [
          1.94122,
          48.08652
        ]
      }
    },
    {
      "type": "Feature",
      "properties": {
        "id": "NutsCons_40",
        "name": null,
        "nuts3": "FRG02"
      },
      "geometry": {
        "type": "Point",
        "coordinates": [
          -0.779393,
          47.457672
        ]
      }
    },
    {
      "type": "Feature",
      "properties": {
        "id": "N_1723_S_LMGN",
        "name": null,
        "nuts3": "FRI13"
      },
      "geometry": {
        "type": "Point",
        "coordinates": [
          -0.17605,
          44.01083
        ]
      }
    },
    {
      "type": "Feature",
      "properties": {
        "id": "N_1831_S_LMGN",
        "name": null,
        "nuts3": "ITI12"
      },
      "geometry": {
        "type": "Point",
        "coordinates": [
          10.57929,
          43.85609
        ]
      }
    },
    {
      "type": "Feature",
      "properties": {
        "id": "N_1835_S_LMGN",
        "name": null,
        "nuts3": "HR063"
      },
      "geometry": {
        "type": "Point",
        "coordinates": [
          16.50029,
          46.09508
        ]
      }
    },
    {
      "type": "Feature",
      "properties": {
        "id": "N_1874_S_LMGN",
        "name": null,
        "nuts3": "FRL04"
      },
      "geometry": {
        "type": "Point",
        "coordinates": [
          5.19885,
          43.39739
        ]
      }
    },
    {
      "type": "Feature",
      "properties": {
        "id": "SEQ_8938_p",
        "name": null,
        "nuts3": null
      },
      "geometry": {
        "type": "Point",
        "coordinates": [
          40.93766,
          46.17134
        ]
      }
    },
    {
      "type": "Feature",
      "properties": {
        "id": "N_959_S_LMGN",
        "name": null,
        "nuts3": "SI036"
      },
      "geometry": {
        "type": "Point",
        "coordinates": [
          15.44423,
          45.95262
        ]
      }
    },
    {
      "type": "Feature",
      "properties": {
        "id": "INET_N_681",
        "name": null,
        "nuts3": "CZ020"
      },
      "geometry": {
        "type": "Point",
        "coordinates": [
          14.048542,
          49.657311
        ]
      }
    },
    {
      "type": "Feature",
      "properties": {
        "id": "N_1912_S_LMGN",
        "name": null,
        "nuts3": "HR021"
      },
      "geometry": {
        "type": "Point",
        "coordinates": [
          17.15235,
          45.82065
        ]
      }
    },
    {
      "type": "Feature",
      "properties": {
        "id": "N_1914_S_LMGN",
        "name": null,
        "nuts3": "HU223"
      },
      "geometry": {
        "type": "Point",
        "coordinates": [
          16.8998,
          46.63213
        ]
      }
    },
    {
      "type": "Feature",
      "properties": {
        "id": "Stor_EU_30",
        "name": null,
        "nuts3": "AT125"
      },
      "geometry": {
        "type": "Point",
        "coordinates": [
          16.48225,
          48.53708
        ]
      }
    },
    {
      "type": "Feature",
      "properties": {
        "id": "N_1918_S_LMGN",
        "name": null,
        "nuts3": "PL224"
      },
      "geometry": {
        "type": "Point",
        "coordinates": [
          19.20423,
          50.7721
        ]
      }
    },
    {
      "type": "Feature",
      "properties": {
        "id": "N_1922_S_LMGN",
        "name": null,
        "nuts3": "PL22C"
      },
      "geometry": {
        "type": "Point",
        "coordinates": [
          18.67779,
          49.96477
        ]
      }
    },
    {
      "type": "Feature",
      "properties": {
        "id": "INET_N_199",
        "name": null,
        "nuts3": "PL524"
      },
      "geometry": {
        "type": "Point",
        "coordinates": [
          18.2912,
          50.3557
        ]
      }
    },
    {
      "type": "Feature",
      "properties": {
        "id": "N_1970_S_LMGN",
        "name": null,
        "nuts3": "RO125"
      },
      "geometry": {
        "type": "Point",
        "coordinates": [
          24.31528,
          46.28977
        ]
      }
    },
    {
      "type": "Feature",
      "properties": {
        "id": "NutsCons_51",
        "name": null,
        "nuts3": "FRH01"
      },
      "geometry": {
        "type": "Point",
        "coordinates": [
          -3.180465,
          48.20515
        ]
      }
    },
    {
      "type": "Feature",
      "properties": {
        "id": "N_2015_S_LMGN",
        "name": null,
        "nuts3": "FRI15"
      },
      "geometry": {
        "type": "Point",
        "coordinates": [
          -0.42924,
          43.36189
        ]
      }
    },
    {
      "type": "Feature",
      "properties": {
        "id": "INET_N_604",
        "name": null,
        "nuts3": "PL431"
      },
      "geometry": {
        "type": "Point",
        "coordinates": [
          15.2687,
          52.7496
        ]
      }
    },
    {
      "type": "Feature",
      "properties": {
        "id": "N_2094_S_LMGN",
        "name": null,
        "nuts3": "FRI15"
      },
      "geometry": {
        "type": "Point",
        "coordinates": [
          -0.17914,
          43.26134
        ]
      }
    },
    {
      "type": "Feature",
      "properties": {
        "id": "SEQ_9119_p",
        "name": null,
        "nuts3": "HR064"
      },
      "geometry": {
        "type": "Point",
        "coordinates": [
          16.11098,
          46.01346
        ]
      }
    },
    {
      "type": "Feature",
      "properties": {
        "id": "N_2105_S_LMGN",
        "name": null,
        "nuts3": "ITC49"
      },
      "geometry": {
        "type": "Point",
        "coordinates": [
          9.66156,
          45.21105
        ]
      }
    },
    {
      "type": "Feature",
      "properties": {
        "id": "INET_N_898",
        "name": null,
        "nuts3": "ITH51"
      },
      "geometry": {
        "type": "Point",
        "coordinates": [
          9.4805,
          45.0904
        ]
      }
    },
    {
      "type": "Feature",
      "properties": {
        "id": "N_2126_S_LMGN",
        "name": null,
        "nuts3": "CH033"
      },
      "geometry": {
        "type": "Point",
        "coordinates": [
          7.92755,
          47.27667
        ]
      }
    },
    {
      "type": "Feature",
      "properties": {
        "id": "N_2144_S_LMGN",
        "name": null,
        "nuts3": "PL518"
      },
      "geometry": {
        "type": "Point",
        "coordinates": [
          16.55341,
          51.10106
        ]
      }
    },
    {
      "type": "Feature",
      "properties": {
        "id": "N_2146_S_LMGN",
        "name": null,
        "nuts3": "PL518"
      },
      "geometry": {
        "type": "Point",
        "coordinates": [
          16.78063,
          51.19701
        ]
      }
    },
    {
      "type": "Feature",
      "properties": {
        "id": "N_2148_S_LMGN",
        "name": null,
        "nuts3": "PL417"
      },
      "geometry": {
        "type": "Point",
        "coordinates": [
          17.19356,
          51.93673
        ]
      }
    },
    {
      "type": "Feature",
      "properties": {
        "id": "INET_N_441",
        "name": null,
        "nuts3": "HU120"
      },
      "geometry": {
        "type": "Point",
        "coordinates": [
          18.9169,
          47.3283
        ]
      }
    },
    {
      "type": "Feature",
      "properties": {
        "id": "N_2165_S_LMGN",
        "name": null,
        "nuts3": "HU211"
      },
      "geometry": {
        "type": "Point",
        "coordinates": [
          18.71495,
          47.11468
        ]
      }
    },
    {
      "type": "Feature",
      "properties": {
        "id": "NutsCons_105",
        "name": null,
        "nuts3": "LV009"
      },
      "geometry": {
        "type": "Point",
        "coordinates": [
          25.297189,
          56.692842
        ]
      }
    },
    {
      "type": "Feature",
      "properties": {
        "id": "SEQ_16727__S_LMGN",
        "name": null,
        "nuts3": "FRF23"
      },
      "geometry": {
        "type": "Point",
        "coordinates": [
          4.08064,
          48.87433
        ]
      }
    },
    {
      "type": "Feature",
      "properties": {
        "id": "N_2223_S_LMGN",
        "name": null,
        "nuts3": "RO124"
      },
      "geometry": {
        "type": "Point",
        "coordinates": [
          25.33862,
          46.23365
        ]
      }
    },
    {
      "type": "Feature",
      "properties": {
        "id": "N_2298_S_LMGN",
        "name": null,
        "nuts3": "FRJ26"
      },
      "geometry": {
        "type": "Point",
        "coordinates": [
          0.34485,
          43.04251
        ]
      }
    },
    {
      "type": "Feature",
      "properties": {
        "id": "N_2328_S_LMGN",
        "name": null,
        "nuts3": "CH021"
      },
      "geometry": {
        "type": "Point",
        "coordinates": [
          7.81818,
          47.26176
        ]
      }
    },
    {
      "type": "Feature",
      "properties": {
        "id": "Prod_7",
        "name": null,
        "nuts3": null
      },
      "geometry": {
        "type": "Point",
        "coordinates": [
          34.97778,
          45.51566
        ]
      }
    },
    {
      "type": "Feature",
      "properties": {
        "id": "N_2342_S_LMGN",
        "name": null,
        "nuts3": null
      },
      "geometry": {
        "type": "Point",
        "coordinates": [
          31.63397,
          45.27044
        ]
      }
    },
    {
      "type": "Feature",
      "properties": {
        "id": "SEQ_18013__S_LMGN",
        "name": null,
        "nuts3": null
      },
      "geometry": {
        "type": "Point",
        "coordinates": [
          32.01532,
          45.38203
        ]
      }
    },
    {
      "type": "Feature",
      "properties": {
        "id": "N_2402_S_LMGN",
        "name": null,
        "nuts3": "FRF11"
      },
      "geometry": {
        "type": "Point",
        "coordinates": [
          7.49552,
          48.21232
        ]
      }
    },
    {
      "type": "Feature",
      "properties": {
        "id": "INET_N_46",
        "name": null,
        "nuts3": "FRF12"
      },
      "geometry": {
        "type": "Point",
        "coordinates": [
          7.05,
          47.97
        ]
      }
    },
    {
      "type": "Feature",
      "properties": {
        "id": "N_2432_S_LMGN",
        "name": null,
        "nuts3": "FRJ24"
      },
      "geometry": {
        "type": "Point",
        "coordinates": [
          0.75115,
          43.98573
        ]
      }
    },
    {
      "type": "Feature",
      "properties": {
        "id": "N_2433_S_LMGN",
        "name": null,
        "nuts3": "FRJ24"
      },
      "geometry": {
        "type": "Point",
        "coordinates": [
          0.70615,
          43.61481
        ]
      }
    },
    {
      "type": "Feature",
      "properties": {
        "id": "INET_N_531",
        "name": null,
        "nuts3": "ES424"
      },
      "geometry": {
        "type": "Point",
        "coordinates": [
          -1.8876,
          40.8436
        ]
      }
    },
    {
      "type": "Feature",
      "properties": {
        "id": "N_2448_S_LMGN",
        "name": null,
        "nuts3": "ITI17"
      },
      "geometry": {
        "type": "Point",
        "coordinates": [
          10.43878,
          43.76566
        ]
      }
    },
    {
      "type": "Feature",
      "properties": {
        "id": "N_2455_S_LMGN",
        "name": null,
        "nuts3": "FRC11"
      },
      "geometry": {
        "type": "Point",
        "coordinates": [
          5.06245,
          47.32966
        ]
      }
    },
    {
      "type": "Feature",
      "properties": {
        "id": "NutsCons_52",
        "name": null,
        "nuts3": "AT322"
      },
      "geometry": {
        "type": "Point",
        "coordinates": [
          12.734773,
          47.496887
        ]
      }
    },
    {
      "type": "Feature",
      "properties": {
        "id": "INET_N_1414",
        "name": null,
        "nuts3": "BE323"
      },
      "geometry": {
        "type": "Point",
        "coordinates": [
          3.8248,
          50.4719
        ]
      }
    },
    {
      "type": "Feature",
      "properties": {
        "id": "N_2503_S_LMGN",
        "name": null,
        "nuts3": "RS124"
      },
      "geometry": {
        "type": "Point",
        "coordinates": [
          20.413,
          45.61213
        ]
      }
    },
    {
      "type": "Feature",
      "properties": {
        "id": "N_2504_S_LMGN",
        "name": null,
        "nuts3": "RO316"
      },
      "geometry": {
        "type": "Point",
        "coordinates": [
          25.98883,
          45.05956
        ]
      }
    },
    {
      "type": "Feature",
      "properties": {
        "id": "N_2523_S_LMGN",
        "name": null,
        "nuts3": "FRJ23"
      },
      "geometry": {
        "type": "Point",
        "coordinates": [
          1.46337,
          43.30106
        ]
      }
    },
    {
      "type": "Feature",
      "properties": {
        "id": "N_2549_S_LMGN",
        "name": null,
        "nuts3": null
      },
      "geometry": {
        "type": "Point",
        "coordinates": [
          2.91121,
          34.93511
        ]
      }
    },
    {
      "type": "Feature",
      "properties": {
        "id": "N_2555_S_LMGN",
        "name": null,
        "nuts3": "FRJ11"
      },
      "geometry": {
        "type": "Point",
        "coordinates": [
          2.05452,
          43.19444
        ]
      }
    },
    {
      "type": "Feature",
      "properties": {
        "id": "INET_N_1209",
        "name": null,
        "nuts3": "HR025"
      },
      "geometry": {
        "type": "Point",
        "coordinates": [
          18.7449,
          45.542
        ]
      }
    },
    {
      "type": "Feature",
      "properties": {
        "id": "SEQ_9601_p",
        "name": null,
        "nuts3": "RO313"
      },
      "geometry": {
        "type": "Point",
        "coordinates": [
          25.87397,
          44.74352
        ]
      }
    },
    {
      "type": "Feature",
      "properties": {
        "id": "N_2672_S_LMGN",
        "name": null,
        "nuts3": "HU333"
      },
      "geometry": {
        "type": "Point",
        "coordinates": [
          20.31523,
          46.51028
        ]
      }
    },
    {
      "type": "Feature",
      "properties": {
        "id": "INET_N_784",
        "name": null,
        "nuts3": "HU332"
      },
      "geometry": {
        "type": "Point",
        "coordinates": [
          20.71714,
          46.495789
        ]
      }
    },
    {
      "type": "Feature",
      "properties": {
        "id": "Stor_EU_18",
        "name": null,
        "nuts3": "HU333"
      },
      "geometry": {
        "type": "Point",
        "coordinates": [
          20.38494,
          46.64668
        ]
      }
    },
    {
      "type": "Feature",
      "properties": {
        "id": "INET_N_137",
        "name": null,
        "nuts3": "RS126"
      },
      "geometry": {
        "type": "Point",
        "coordinates": [
          20.47481,
          45.537223
        ]
      }
    },
    {
      "type": "Feature",
      "properties": {
        "id": "N_270_L_LMGN",
        "name": null,
        "nuts3": null
      },
      "geometry": {
        "type": "Point",
        "coordinates": [
          0.2834,
          53.37222
        ]
      }
    },
    {
      "type": "Feature",
      "properties": {
        "id": "N_153_NS_LMGN",
        "name": null,
        "nuts3": null
      },
      "geometry": {
        "type": "Point",
        "coordinates": [
          3.66928,
          52.40852
        ]
      }
    },
    {
      "type": "Feature",
      "properties": {
        "id": "N_151_NS_LMGN",
        "name": null,
        "nuts3": null
      },
      "geometry": {
        "type": "Point",
        "coordinates": [
          4.10932,
          52.16123
        ]
      }
    },
    {
      "type": "Feature",
      "properties": {
        "id": "N_3_NS_LMGN",
        "name": null,
        "nuts3": null
      },
      "geometry": {
        "type": "Point",
        "coordinates": [
          2.19056,
          51.03479
        ]
      }
    },
    {
      "type": "Feature",
      "properties": {
        "id": "N_14_NS_LMGN",
        "name": null,
        "nuts3": null
      },
      "geometry": {
        "type": "Point",
        "coordinates": [
          4.88124,
          53.4757
        ]
      }
    },
    {
      "type": "Feature",
      "properties": {
        "id": "N_33_NS_LMGN",
        "name": null,
        "nuts3": null
      },
      "geometry": {
        "type": "Point",
        "coordinates": [
          0.42801,
          53.84298
        ]
      }
    },
    {
      "type": "Feature",
      "properties": {
        "id": "N_34_NS_LMGN",
        "name": null,
        "nuts3": null
      },
      "geometry": {
        "type": "Point",
        "coordinates": [
          1.37543,
          53.8356
        ]
      }
    },
    {
      "type": "Feature",
      "properties": {
        "id": "N_35_NS_LMGN",
        "name": null,
        "nuts3": null
      },
      "geometry": {
        "type": "Point",
        "coordinates": [
          0.61428,
          53.8212
        ]
      }
    },
    {
      "type": "Feature",
      "properties": {
        "id": "N_40_NS_LMGN",
        "name": null,
        "nuts3": null
      },
      "geometry": {
        "type": "Point",
        "coordinates": [
          3.63327,
          53.37273
        ]
      }
    },
    {
      "type": "Feature",
      "properties": {
        "id": "N_47_NS_LMGN",
        "name": null,
        "nuts3": null
      },
      "geometry": {
        "type": "Point",
        "coordinates": [
          5.18428,
          59.28328
        ]
      }
    },
    {
      "type": "Feature",
      "properties": {
        "id": "NO_N_62",
        "name": null,
        "nuts3": null
      },
      "geometry": {
        "type": "Point",
        "coordinates": [
          6.947408,
          62.853276
        ]
      }
    },
    {
      "type": "Feature",
      "properties": {
        "id": "N_73_NS_LMGN",
        "name": null,
        "nuts3": null
      },
      "geometry": {
        "type": "Point",
        "coordinates": [
          3.14068,
          58.94717
        ]
      }
    },
    {
      "type": "Feature",
      "properties": {
        "id": "N_77_NS_LMGN",
        "name": null,
        "nuts3": null
      },
      "geometry": {
        "type": "Point",
        "coordinates": [
          1.71263,
          57.02266
        ]
      }
    },
    {
      "type": "Feature",
      "properties": {
        "id": "N_82_NS_LMGN",
        "name": null,
        "nuts3": null
      },
      "geometry": {
        "type": "Point",
        "coordinates": [
          3.28293,
          53.7565
        ]
      }
    },
    {
      "type": "Feature",
      "properties": {
        "id": "N_83_NS_LMGN",
        "name": null,
        "nuts3": null
      },
      "geometry": {
        "type": "Point",
        "coordinates": [
          3.17247,
          53.9748
        ]
      }
    },
    {
      "type": "Feature",
      "properties": {
        "id": "N_84_NS_LMGN",
        "name": null,
        "nuts3": null
      },
      "geometry": {
        "type": "Point",
        "coordinates": [
          3.60667,
          53.94177
        ]
      }
    },
    {
      "type": "Feature",
      "properties": {
        "id": "N_204_NS_LMGN",
        "name": null,
        "nuts3": null
      },
      "geometry": {
        "type": "Point",
        "coordinates": [
          3.94651,
          53.50821
        ]
      }
    },
    {
      "type": "Feature",
      "properties": {
        "id": "N_87_NS_LMGN",
        "name": null,
        "nuts3": null
      },
      "geometry": {
        "type": "Point",
        "coordinates": [
          6.35496,
          54.4482
        ]
      }
    },
    {
      "type": "Feature",
      "properties": {
        "id": "SEQ_10430_p",
        "name": null,
        "nuts3": null
      },
      "geometry": {
        "type": "Point",
        "coordinates": [
          7.0333,
          54.06894
        ]
      }
    },
    {
      "type": "Feature",
      "properties": {
        "id": "N_88_NS_LMGN",
        "name": null,
        "nuts3": null
      },
      "geometry": {
        "type": "Point",
        "coordinates": [
          7.25666,
          53.94168
        ]
      }
    },
    {
      "type": "Feature",
      "properties": {
        "id": "N_92_NS_LMGN",
        "name": null,
        "nuts3": null
      },
      "geometry": {
        "type": "Point",
        "coordinates": [
          2.25457,
          54.42795
        ]
      }
    },
    {
      "type": "Feature",
      "properties": {
        "id": "N_136_NS_LMGN",
        "name": null,
        "nuts3": null
      },
      "geometry": {
        "type": "Point",
        "coordinates": [
          3.18781,
          54.45646
        ]
      }
    },
    {
      "type": "Feature",
      "properties": {
        "id": "N_97_NS_LMGN",
        "name": null,
        "nuts3": null
      },
      "geometry": {
        "type": "Point",
        "coordinates": [
          0.65025,
          57.91803
        ]
      }
    },
    {
      "type": "Feature",
      "properties": {
        "id": "N_96_NS_LMGN",
        "name": null,
        "nuts3": null
      },
      "geometry": {
        "type": "Point",
        "coordinates": [
          0.24044,
          57.92696
        ]
      }
    },
    {
      "type": "Feature",
      "properties": {
        "id": "N_98_NS_LMGN",
        "name": null,
        "nuts3": null
      },
      "geometry": {
        "type": "Point",
        "coordinates": [
          1.44312,
          58.36871
        ]
      }
    },
    {
      "type": "Feature",
      "properties": {
        "id": "N_67_NS_LMGN",
        "name": null,
        "nuts3": null
      },
      "geometry": {
        "type": "Point",
        "coordinates": [
          2.13643,
          59.22918
        ]
      }
    },
    {
      "type": "Feature",
      "properties": {
        "id": "N_101_NS_LMGN",
        "name": null,
        "nuts3": null
      },
      "geometry": {
        "type": "Point",
        "coordinates": [
          1.7874,
          59.05852
        ]
      }
    },
    {
      "type": "Feature",
      "properties": {
        "id": "N_104_NS_LMGN",
        "name": null,
        "nuts3": null
      },
      "geometry": {
        "type": "Point",
        "coordinates": [
          -0.01796,
          58.24365
        ]
      }
    },
    {
      "type": "Feature",
      "properties": {
        "id": "N_106_NS_LMGN",
        "name": null,
        "nuts3": null
      },
      "geometry": {
        "type": "Point",
        "coordinates": [
          -0.88999,
          57.72512
        ]
      }
    },
    {
      "type": "Feature",
      "properties": {
        "id": "N_125_NS_LMGN",
        "name": null,
        "nuts3": null
      },
      "geometry": {
        "type": "Point",
        "coordinates": [
          3.2016,
          52.91315
        ]
      }
    },
    {
      "type": "Feature",
      "properties": {
        "id": "N_126_NS_LMGN",
        "name": null,
        "nuts3": null
      },
      "geometry": {
        "type": "Point",
        "coordinates": [
          3.20655,
          52.42262
        ]
      }
    },
    {
      "type": "Feature",
      "properties": {
        "id": "N_128_NS_LMGN",
        "name": null,
        "nuts3": null
      },
      "geometry": {
        "type": "Point",
        "coordinates": [
          3.28021,
          53.67876
        ]
      }
    },
    {
      "type": "Feature",
      "properties": {
        "id": "N_137_NS_LMGN",
        "name": null,
        "nuts3": null
      },
      "geometry": {
        "type": "Point",
        "coordinates": [
          3.06487,
          56.95779
        ]
      }
    },
    {
      "type": "Feature",
      "properties": {
        "id": "N_139_NS_LMGN",
        "name": null,
        "nuts3": null
      },
      "geometry": {
        "type": "Point",
        "coordinates": [
          3.99831,
          57.0366
        ]
      }
    },
    {
      "type": "Feature",
      "properties": {
        "id": "N_147_NS_LMGN",
        "name": null,
        "nuts3": null
      },
      "geometry": {
        "type": "Point",
        "coordinates": [
          3.2431,
          54.27421
        ]
      }
    },
    {
      "type": "Feature",
      "properties": {
        "id": "N_150_NS_LMGN",
        "name": null,
        "nuts3": null
      },
      "geometry": {
        "type": "Point",
        "coordinates": [
          3.98487,
          52.01212
        ]
      }
    },
    {
      "type": "Feature",
      "properties": {
        "id": "N_159_NS_LMGN",
        "name": null,
        "nuts3": null
      },
      "geometry": {
        "type": "Point",
        "coordinates": [
          2.52395,
          58.56345
        ]
      }
    },
    {
      "type": "Feature",
      "properties": {
        "id": "N_22_NS_LMGN",
        "name": null,
        "nuts3": null
      },
      "geometry": {
        "type": "Point",
        "coordinates": [
          6.99415,
          65.23303
        ]
      }
    },
    {
      "type": "Feature",
      "properties": {
        "id": "N_181_NS_LMGN",
        "name": null,
        "nuts3": null
      },
      "geometry": {
        "type": "Point",
        "coordinates": [
          1.84527,
          54.33347
        ]
      }
    },
    {
      "type": "Feature",
      "properties": {
        "id": "N_250_NS_LMGN",
        "name": null,
        "nuts3": null
      },
      "geometry": {
        "type": "Point",
        "coordinates": [
          0.90791,
          53.59971
        ]
      }
    },
    {
      "type": "Feature",
      "properties": {
        "id": "N_194_NS_LMGN",
        "name": null,
        "nuts3": null
      },
      "geometry": {
        "type": "Point",
        "coordinates": [
          2.83609,
          58.7381
        ]
      }
    },
    {
      "type": "Feature",
      "properties": {
        "id": "Prod_49",
        "name": null,
        "nuts3": null
      },
      "geometry": {
        "type": "Point",
        "coordinates": [
          2.87711,
          54.05486
        ]
      }
    },
    {
      "type": "Feature",
      "properties": {
        "id": "N_218_NS_LMGN",
        "name": null,
        "nuts3": null
      },
      "geometry": {
        "type": "Point",
        "coordinates": [
          1.94307,
          57.39714
        ]
      }
    },
    {
      "type": "Feature",
      "properties": {
        "id": "Prod_20",
        "name": null,
        "nuts3": null
      },
      "geometry": {
        "type": "Point",
        "coordinates": [
          0.48694,
          54.61267
        ]
      }
    },
    {
      "type": "Feature",
      "properties": {
        "id": "N_315_NS_LMGN",
        "name": null,
        "nuts3": null
      },
      "geometry": {
        "type": "Point",
        "coordinates": [
          1.55589,
          53.56942
        ]
      }
    },
    {
      "type": "Feature",
      "properties": {
        "id": "N_249_NS_LMGN",
        "name": null,
        "nuts3": null
      },
      "geometry": {
        "type": "Point",
        "coordinates": [
          0.90185,
          53.50988
        ]
      }
    },
    {
      "type": "Feature",
      "properties": {
        "id": "N_72_NS_LMGN",
        "name": null,
        "nuts3": null
      },
      "geometry": {
        "type": "Point",
        "coordinates": [
          2.52161,
          59.17722
        ]
      }
    },
    {
      "type": "Feature",
      "properties": {
        "id": "N_256_NS_LMGN",
        "name": null,
        "nuts3": null
      },
      "geometry": {
        "type": "Point",
        "coordinates": [
          1.51109,
          54.44144
        ]
      }
    },
    {
      "type": "Feature",
      "properties": {
        "id": "Prod_83",
        "name": null,
        "nuts3": null
      },
      "geometry": {
        "type": "Point",
        "coordinates": [
          2.71016,
          58.8782
        ]
      }
    },
    {
      "type": "Feature",
      "properties": {
        "id": "N_220_NS_LMGN",
        "name": null,
        "nuts3": null
      },
      "geometry": {
        "type": "Point",
        "coordinates": [
          1.82386,
          57.96576
        ]
      }
    },
    {
      "type": "Feature",
      "properties": {
        "id": "N_214_NS_LMGN",
        "name": null,
        "nuts3": null
      },
      "geometry": {
        "type": "Point",
        "coordinates": [
          2.06705,
          58.17131
        ]
      }
    },
    {
      "type": "Feature",
      "properties": {
        "id": "N_91_NS_LMGN",
        "name": null,
        "nuts3": null
      },
      "geometry": {
        "type": "Point",
        "coordinates": [
          4.67532,
          55.91725
        ]
      }
    },
    {
      "type": "Feature",
      "properties": {
        "id": "N_277_NS_LMGN",
        "name": null,
        "nuts3": null
      },
      "geometry": {
        "type": "Point",
        "coordinates": [
          1.93464,
          53.01194
        ]
      }
    },
    {
      "type": "Feature",
      "properties": {
        "id": "N_280_NS_LMGN",
        "name": null,
        "nuts3": null
      },
      "geometry": {
        "type": "Point",
        "coordinates": [
          2.0467,
          53.58074
        ]
      }
    },
    {
      "type": "Feature",
      "properties": {
        "id": "N_244_NS_LMGN",
        "name": null,
        "nuts3": null
      },
      "geometry": {
        "type": "Point",
        "coordinates": [
          1.8263,
          53.61444
        ]
      }
    },
    {
      "type": "Feature",
      "properties": {
        "id": "N_42_NS_LMGN",
        "name": null,
        "nuts3": null
      },
      "geometry": {
        "type": "Point",
        "coordinates": [
          3.16221,
          57.12507
        ]
      }
    },
    {
      "type": "Feature",
      "properties": {
        "id": "N_297_NS_LMGN",
        "name": null,
        "nuts3": null
      },
      "geometry": {
        "type": "Point",
        "coordinates": [
          2.07997,
          57.47882
        ]
      }
    },
    {
      "type": "Feature",
      "properties": {
        "id": "N_298_NS_LMGN",
        "name": null,
        "nuts3": null
      },
      "geometry": {
        "type": "Point",
        "coordinates": [
          1.89762,
          57.72736
        ]
      }
    },
    {
      "type": "Feature",
      "properties": {
        "id": "N_305_NS_LMGN",
        "name": null,
        "nuts3": null
      },
      "geometry": {
        "type": "Point",
        "coordinates": [
          2.45469,
          53.33841
        ]
      }
    },
    {
      "type": "Feature",
      "properties": {
        "id": "N_317_NS_LMGN",
        "name": null,
        "nuts3": null
      },
      "geometry": {
        "type": "Point",
        "coordinates": [
          2.09451,
          53.1051
        ]
      }
    },
    {
      "type": "Feature",
      "properties": {
        "id": "N_312_NS_LMGN",
        "name": null,
        "nuts3": null
      },
      "geometry": {
        "type": "Point",
        "coordinates": [
          1.43716,
          53.76874
        ]
      }
    },
    {
      "type": "Feature",
      "properties": {
        "id": "N_326_NS_LMGN",
        "name": null,
        "nuts3": null
      },
      "geometry": {
        "type": "Point",
        "coordinates": [
          5.73689,
          63.21569
        ]
      }
    },
    {
      "type": "Feature",
      "properties": {
        "id": "Prod_46",
        "name": null,
        "nuts3": null
      },
      "geometry": {
        "type": "Point",
        "coordinates": [
          2.7383,
          57.39842
        ]
      }
    },
    {
      "type": "Feature",
      "properties": {
        "id": "N_196_NS_LMGN",
        "name": null,
        "nuts3": null
      },
      "geometry": {
        "type": "Point",
        "coordinates": [
          2.60109,
          58.17129
        ]
      }
    },
    {
      "type": "Feature",
      "properties": {
        "id": "Prod_47",
        "name": null,
        "nuts3": null
      },
      "geometry": {
        "type": "Point",
        "coordinates": [
          1.84402,
          53.56514
        ]
      }
    },
    {
      "type": "Feature",
      "properties": {
        "id": "Prod_40",
        "name": null,
        "nuts3": null
      },
      "geometry": {
        "type": "Point",
        "coordinates": [
          2.28618,
          54.38332
        ]
      }
    },
    {
      "type": "Feature",
      "properties": {
        "id": "Prod_95",
        "name": null,
        "nuts3": null
      },
      "geometry": {
        "type": "Point",
        "coordinates": [
          1.92746,
          57.68124
        ]
      }
    },
    {
      "type": "Feature",
      "properties": {
        "id": "N_70_NS_LMGN",
        "name": null,
        "nuts3": null
      },
      "geometry": {
        "type": "Point",
        "coordinates": [
          2.17278,
          59.89567
        ]
      }
    },
    {
      "type": "Feature",
      "properties": {
        "id": "Prod_80",
        "name": null,
        "nuts3": null
      },
      "geometry": {
        "type": "Point",
        "coordinates": [
          2.96875,
          60.44403
        ]
      }
    },
    {
      "type": "Feature",
      "properties": {
        "id": "Prod_75",
        "name": null,
        "nuts3": null
      },
      "geometry": {
        "type": "Point",
        "coordinates": [
          30.5551,
          32.68294
        ]
      }
    },
    {
      "type": "Feature",
      "properties": {
        "id": "Prod_81",
        "name": null,
        "nuts3": null
      },
      "geometry": {
        "type": "Point",
        "coordinates": [
          2.2213,
          59.18114
        ]
      }
    },
    {
      "type": "Feature",
      "properties": {
        "id": "Prod_58",
        "name": null,
        "nuts3": null
      },
      "geometry": {
        "type": "Point",
        "coordinates": [
          2.14864,
          53.16142
        ]
      }
    },
    {
      "type": "Feature",
      "properties": {
        "id": "Prod_53",
        "name": null,
        "nuts3": null
      },
      "geometry": {
        "type": "Point",
        "coordinates": [
          32.27863,
          32.20794
        ]
      }
    },
    {
      "type": "Feature",
      "properties": {
        "id": "Prod_50",
        "name": null,
        "nuts3": null
      },
      "geometry": {
        "type": "Point",
        "coordinates": [
          -0.82934,
          57.78984
        ]
      }
    },
    {
      "type": "Feature",
      "properties": {
        "id": "Prod_45",
        "name": null,
        "nuts3": null
      },
      "geometry": {
        "type": "Point",
        "coordinates": [
          3.04162,
          57.15996
        ]
      }
    },
    {
      "type": "Feature",
      "properties": {
        "id": "Prod_59",
        "name": null,
        "nuts3": null
      },
      "geometry": {
        "type": "Point",
        "coordinates": [
          1.864,
          53.07406
        ]
      }
    },
    {
      "type": "Feature",
      "properties": {
        "id": "Prod_4",
        "name": null,
        "nuts3": null
      },
      "geometry": {
        "type": "Point",
        "coordinates": [
          28.39614,
          43.15453
        ]
      }
    },
    {
      "type": "Feature",
      "properties": {
        "id": "Prod_69",
        "name": null,
        "nuts3": null
      },
      "geometry": {
        "type": "Point",
        "coordinates": [
          1.99848,
          59.19034
        ]
      }
    },
    {
      "type": "Feature",
      "properties": {
        "id": "Prod_55",
        "name": null,
        "nuts3": null
      },
      "geometry": {
        "type": "Point",
        "coordinates": [
          3.25958,
          57.06002
        ]
      }
    },
    {
      "type": "Feature",
      "properties": {
        "id": "Prod_67",
        "name": null,
        "nuts3": null
      },
      "geometry": {
        "type": "Point",
        "coordinates": [
          0.7605,
          57.85582
        ]
      }
    },
    {
      "type": "Feature",
      "properties": {
        "id": "Prod_39",
        "name": null,
        "nuts3": null
      },
      "geometry": {
        "type": "Point",
        "coordinates": [
          1.27395,
          53.73811
        ]
      }
    },
    {
      "type": "Feature",
      "properties": {
        "id": "Prod_48",
        "name": null,
        "nuts3": null
      },
      "geometry": {
        "type": "Point",
        "coordinates": [
          1.93389,
          53.69984
        ]
      }
    },
    {
      "type": "Feature",
      "properties": {
        "id": "Prod_96",
        "name": null,
        "nuts3": null
      },
      "geometry": {
        "type": "Point",
        "coordinates": [
          2.70398,
          58.65086
        ]
      }
    },
    {
      "type": "Feature",
      "properties": {
        "id": "Prod_68",
        "name": null,
        "nuts3": null
      },
      "geometry": {
        "type": "Point",
        "coordinates": [
          2.02784,
          57.99441
        ]
      }
    },
    {
      "type": "Feature",
      "properties": {
        "id": "N_157_NS_LMGN",
        "name": null,
        "nuts3": null
      },
      "geometry": {
        "type": "Point",
        "coordinates": [
          4.06073,
          55.61563
        ]
      }
    },
    {
      "type": "Feature",
      "properties": {
        "id": "Prod_8",
        "name": null,
        "nuts3": null
      },
      "geometry": {
        "type": "Point",
        "coordinates": [
          4.15898,
          55.51782
        ]
      }
    },
    {
      "type": "Feature",
      "properties": {
        "id": "Prod_60",
        "name": null,
        "nuts3": null
      },
      "geometry": {
        "type": "Point",
        "coordinates": [
          4.00237,
          57.15221
        ]
      }
    },
    {
      "type": "Feature",
      "properties": {
        "id": "Prod_61",
        "name": null,
        "nuts3": null
      },
      "geometry": {
        "type": "Point",
        "coordinates": [
          3.89624,
          56.92577
        ]
      }
    },
    {
      "type": "Feature",
      "properties": {
        "id": "N_301_M_LMGN",
        "name": null,
        "nuts3": null
      },
      "geometry": {
        "type": "Point",
        "coordinates": [
          -7.91256,
          51.566
        ]
      }
    },
    {
      "type": "Feature",
      "properties": {
        "id": "Prod_12",
        "name": null,
        "nuts3": null
      },
      "geometry": {
        "type": "Point",
        "coordinates": [
          -8.01499,
          51.45021
        ]
      }
    },
    {
      "type": "Feature",
      "properties": {
        "id": "Prod_56",
        "name": null,
        "nuts3": null
      },
      "geometry": {
        "type": "Point",
        "coordinates": [
          1.8844,
          57.26519
        ]
      }
    },
    {
      "type": "Feature",
      "properties": {
        "id": "Prod_65",
        "name": null,
        "nuts3": null
      },
      "geometry": {
        "type": "Point",
        "coordinates": [
          30.55904,
          32.44425
        ]
      }
    },
    {
      "type": "Feature",
      "properties": {
        "id": "Prod_73",
        "name": null,
        "nuts3": null
      },
      "geometry": {
        "type": "Point",
        "coordinates": [
          5.48451,
          63.32893
        ]
      }
    },
    {
      "type": "Feature",
      "properties": {
        "id": "Prod_86",
        "name": null,
        "nuts3": null
      },
      "geometry": {
        "type": "Point",
        "coordinates": [
          3.51377,
          60.29139
        ]
      }
    },
    {
      "type": "Feature",
      "properties": {
        "id": "Prod_42",
        "name": null,
        "nuts3": null
      },
      "geometry": {
        "type": "Point",
        "coordinates": [
          31.79108,
          32.51472
        ]
      }
    },
    {
      "type": "Feature",
      "properties": {
        "id": "Prod_37",
        "name": null,
        "nuts3": null
      },
      "geometry": {
        "type": "Point",
        "coordinates": [
          -7.90321,
          51.39759
        ]
      }
    },
    {
      "type": "Feature",
      "properties": {
        "id": "Prod_79",
        "name": null,
        "nuts3": null
      },
      "geometry": {
        "type": "Point",
        "coordinates": [
          1.43508,
          53.40756
        ]
      }
    },
    {
      "type": "Feature",
      "properties": {
        "id": "Prod_72",
        "name": null,
        "nuts3": null
      },
      "geometry": {
        "type": "Point",
        "coordinates": [
          1.74205,
          58.46497
        ]
      }
    },
    {
      "type": "Feature",
      "properties": {
        "id": "Prod_87",
        "name": null,
        "nuts3": null
      },
      "geometry": {
        "type": "Point",
        "coordinates": [
          5.37545,
          63.31667
        ]
      }
    },
    {
      "type": "Feature",
      "properties": {
        "id": "Prod_84",
        "name": null,
        "nuts3": null
      },
      "geometry": {
        "type": "Point",
        "coordinates": [
          6.89938,
          65.03563
        ]
      }
    },
    {
      "type": "Feature",
      "properties": {
        "id": "Prod_54",
        "name": null,
        "nuts3": null
      },
      "geometry": {
        "type": "Point",
        "coordinates": [
          2.93439,
          57.2925
        ]
      }
    },
    {
      "type": "Feature",
      "properties": {
        "id": "Prod_100",
        "name": null,
        "nuts3": null
      },
      "geometry": {
        "type": "Point",
        "coordinates": [
          2.38341,
          60.07798
        ]
      }
    },
    {
      "type": "Feature",
      "properties": {
        "id": "Prod_29",
        "name": null,
        "nuts3": null
      },
      "geometry": {
        "type": "Point",
        "coordinates": [
          4.54606,
          56.1227
        ]
      }
    },
    {
      "type": "Feature",
      "properties": {
        "id": "Prod_36",
        "name": null,
        "nuts3": null
      },
      "geometry": {
        "type": "Point",
        "coordinates": [
          28.26869,
          40.73811
        ]
      }
    },
    {
      "type": "Feature",
      "properties": {
        "id": "Prod_70",
        "name": null,
        "nuts3": null
      },
      "geometry": {
        "type": "Point",
        "coordinates": [
          6.73661,
          65.0017
        ]
      }
    },
    {
      "type": "Feature",
      "properties": {
        "id": "Prod_66",
        "name": null,
        "nuts3": null
      },
      "geometry": {
        "type": "Point",
        "coordinates": [
          0.8375,
          57.6198
        ]
      }
    },
    {
      "type": "Feature",
      "properties": {
        "id": "Prod_10",
        "name": null,
        "nuts3": null
      },
      "geometry": {
        "type": "Point",
        "coordinates": [
          34.42415,
          32.12608
        ]
      }
    },
    {
      "type": "Feature",
      "properties": {
        "id": "Prod_13",
        "name": null,
        "nuts3": null
      },
      "geometry": {
        "type": "Point",
        "coordinates": [
          32.18736,
          45.13994
        ]
      }
    },
    {
      "type": "Feature",
      "properties": {
        "id": "Prod_71",
        "name": null,
        "nuts3": null
      },
      "geometry": {
        "type": "Point",
        "coordinates": [
          1.95724,
          58.5369
        ]
      }
    },
    {
      "type": "Feature",
      "properties": {
        "id": "Prod_19",
        "name": null,
        "nuts3": null
      },
      "geometry": {
        "type": "Point",
        "coordinates": [
          30.91494,
          45.31751
        ]
      }
    },
    {
      "type": "Feature",
      "properties": {
        "id": "Prod_14",
        "name": null,
        "nuts3": null
      },
      "geometry": {
        "type": "Point",
        "coordinates": [
          30.48413,
          44.3355
        ]
      }
    },
    {
      "type": "Feature",
      "properties": {
        "id": "Stor_EU_95",
        "name": null,
        "nuts3": "CZ064"
      },
      "geometry": {
        "type": "Point",
        "coordinates": [
          16.58535,
          48.85212
        ]
      }
    },
    {
      "type": "Feature",
      "properties": {
        "id": "Stor_EU_17",
        "name": null,
        "nuts3": "PL617"
      },
      "geometry": {
        "type": "Point",
        "coordinates": [
          18.33411,
          52.78045
        ]
      }
    },
    {
      "type": "Feature",
      "properties": {
        "id": "INET_N_656",
        "name": null,
        "nuts3": "UKE31"
      },
      "geometry": {
        "type": "Point",
        "coordinates": [
          -0.958426,
          53.553344
        ]
      }
    },
    {
      "type": "Feature",
      "properties": {
        "id": "Stor_EU_35",
        "name": null,
        "nuts3": null
      },
      "geometry": {
        "type": "Point",
        "coordinates": [
          1.27678,
          53.66309
        ]
      }
    },
    {
      "type": "Feature",
      "properties": {
        "id": "INET_N_216",
        "name": null,
        "nuts3": "ITC4A"
      },
      "geometry": {
        "type": "Point",
        "coordinates": [
          9.982015,
          45.287349
        ]
      }
    },
    {
      "type": "Feature",
      "properties": {
        "id": "Stor_EU_81",
        "name": null,
        "nuts3": "CZ064"
      },
      "geometry": {
        "type": "Point",
        "coordinates": [
          16.82913,
          49.0167
        ]
      }
    },
    {
      "type": "Feature",
      "properties": {
        "id": "INET_N_751",
        "name": null,
        "nuts3": "FRJ24"
      },
      "geometry": {
        "type": "Point",
        "coordinates": [
          0.166533,
          43.839
        ]
      }
    },
    {
      "type": "Feature",
      "properties": {
        "id": "NutsCons_41",
        "name": null,
        "nuts3": "FRB05"
      },
      "geometry": {
        "type": "Point",
        "coordinates": [
          1.563741,
          47.640849
        ]
      }
    },
    {
      "type": "Feature",
      "properties": {
        "id": "INET_N_1028",
        "name": null,
        "nuts3": "ES618"
      },
      "geometry": {
        "type": "Point",
        "coordinates": [
          -6.366233,
          37.067092
        ]
      }
    },
    {
      "type": "Feature",
      "properties": {
        "id": "Stor_EU_28",
        "name": null,
        "nuts3": "RO125"
      },
      "geometry": {
        "type": "Point",
        "coordinates": [
          24.89981,
          46.83371
        ]
      }
    },
    {
      "type": "Feature",
      "properties": {
        "id": "Stor_EU_43",
        "name": null,
        "nuts3": "FRF23"
      },
      "geometry": {
        "type": "Point",
        "coordinates": [
          4.23633,
          48.85437
        ]
      }
    },
    {
      "type": "Feature",
      "properties": {
        "id": "INET_N_304",
        "name": null,
        "nuts3": "FRB04"
      },
      "geometry": {
        "type": "Point",
        "coordinates": [
          1.219284,
          47.2828
        ]
      }
    },
    {
      "type": "Feature",
      "properties": {
        "id": "Stor_EU_39",
        "name": null,
        "nuts3": null
      },
      "geometry": {
        "type": "Point",
        "coordinates": [
          -7.73631,
          51.4637
        ]
      }
    },
    {
      "type": "Feature",
      "properties": {
        "id": "Stor_EU_72",
        "name": null,
        "nuts3": "AT312"
      },
      "geometry": {
        "type": "Point",
        "coordinates": [
          13.96048,
          48.12953
        ]
      }
    },
    {
      "type": "Feature",
      "properties": {
        "id": "Stor_EU_24",
        "name": null,
        "nuts3": "RO312"
      },
      "geometry": {
        "type": "Point",
        "coordinates": [
          26.55222,
          44.48203
        ]
      }
    },
    {
      "type": "Feature",
      "properties": {
        "id": "Stor_EU_108",
        "name": null,
        "nuts3": "AT311"
      },
      "geometry": {
        "type": "Point",
        "coordinates": [
          12.95932,
          48.07632
        ]
      }
    },
    {
      "type": "Feature",
      "properties": {
        "id": "INET_N_375",
        "name": null,
        "nuts3": "PL426"
      },
      "geometry": {
        "type": "Point",
        "coordinates": [
          15.881808,
          54.078486
        ]
      }
    },
    {
      "type": "Feature",
      "properties": {
        "id": "Prod_11",
        "name": null,
        "nuts3": null
      },
      "geometry": {
        "type": "Point",
        "coordinates": [
          -2.58376,
          43.87352
        ]
      }
    },
    {
      "type": "Feature",
      "properties": {
        "id": "Stor_EU_9",
        "name": null,
        "nuts3": null
      },
      "geometry": {
        "type": "Point",
        "coordinates": [
          -2.45753,
          43.76063
        ]
      }
    },
    {
      "type": "Feature",
      "properties": {
        "id": "Stor_EU_120",
        "name": null,
        "nuts3": "UKD35"
      },
      "geometry": {
        "type": "Point",
        "coordinates": [
          -2.15181,
          53.34245
        ]
      }
    },
    {
      "type": "Feature",
      "properties": {
        "id": "INET_N_325",
        "name": null,
        "nuts3": "BG313"
      },
      "geometry": {
        "type": "Point",
        "coordinates": [
          23.592123,
          43.349887
        ]
      }
    },
    {
      "type": "Feature",
      "properties": {
        "id": "Stor_EU_79",
        "name": null,
        "nuts3": "RO414"
      },
      "geometry": {
        "type": "Point",
        "coordinates": [
          24.44268,
          44.34539
        ]
      }
    },
    {
      "type": "Feature",
      "properties": {
        "id": "Stor_NonEU_28",
        "name": null,
        "nuts3": null
      },
      "geometry": {
        "type": "Point",
        "coordinates": [
          39.00977,
          47.0225
        ]
      }
    },
    {
      "type": "Feature",
      "properties": {
        "id": "Stor_NonEU_38",
        "name": null,
        "nuts3": null
      },
      "geometry": {
        "type": "Point",
        "coordinates": [
          23.92699,
          49.69013
        ]
      }
    },
    {
      "type": "Feature",
      "properties": {
        "id": "Stor_NonEU_29",
        "name": null,
        "nuts3": null
      },
      "geometry": {
        "type": "Point",
        "coordinates": [
          43.26423,
          52.16725
        ]
      }
    },
    {
      "type": "Feature",
      "properties": {
        "id": "Stor_NonEU_7",
        "name": null,
        "nuts3": "TR712"
      },
      "geometry": {
        "type": "Point",
        "coordinates": [
          33.77513,
          38.28867
        ]
      }
    },
    {
      "type": "Feature",
      "properties": {
        "id": "Stor_NonEU_24",
        "name": null,
        "nuts3": null
      },
      "geometry": {
        "type": "Point",
        "coordinates": [
          31.2498,
          51.288
        ]
      }
    },
    {
      "type": "Feature",
      "properties": {
        "id": "Stor_NonEU_18",
        "name": null,
        "nuts3": null
      },
      "geometry": {
        "type": "Point",
        "coordinates": [
          36.37638,
          54.38221
        ]
      }
    },
    {
      "type": "Feature",
      "properties": {
        "id": "Stor_NonEU_33",
        "name": null,
        "nuts3": null
      },
      "geometry": {
        "type": "Point",
        "coordinates": [
          30.89459,
          59.63338
        ]
      }
    },
    {
      "type": "Feature",
      "properties": {
        "id": "Stor_NonEU_48",
        "name": null,
        "nuts3": null
      },
      "geometry": {
        "type": "Point",
        "coordinates": [
          47.14293,
          54.09668
        ]
      }
    },
    {
      "type": "Feature",
      "properties": {
        "id": "Stor_NonEU_19",
        "name": null,
        "nuts3": null
      },
      "geometry": {
        "type": "Point",
        "coordinates": [
          47.72723,
          58.06408
        ]
      }
    },
    {
      "type": "Feature",
      "properties": {
        "id": "Stor_NonEU_17",
        "name": null,
        "nuts3": null
      },
      "geometry": {
        "type": "Point",
        "coordinates": [
          33.11412,
          45.48388
        ]
      }
    },
    {
      "type": "Feature",
      "properties": {
        "id": "Stor_NonEU_13",
        "name": null,
        "nuts3": null
      },
      "geometry": {
        "type": "Point",
        "coordinates": [
          28.76305,
          53.62853
        ]
      }
    },
    {
      "type": "Feature",
      "properties": {
        "id": "Stor_NonEU_2",
        "name": null,
        "nuts3": null
      },
      "geometry": {
        "type": "Point",
        "coordinates": [
          30.80952,
          59.75777
        ]
      }
    },
    {
      "type": "Feature",
      "properties": {
        "id": "Stor_NonEU_20",
        "name": null,
        "nuts3": null
      },
      "geometry": {
        "type": "Point",
        "coordinates": [
          54.388,
          65.76238
        ]
      }
    },
    {
      "type": "Feature",
      "properties": {
        "id": "Stor_NonEU_47",
        "name": null,
        "nuts3": null
      },
      "geometry": {
        "type": "Point",
        "coordinates": [
          47.49324,
          54.36409
        ]
      }
    },
    {
      "type": "Feature",
      "properties": {
        "id": "Stor_NonEU_41",
        "name": null,
        "nuts3": null
      },
      "geometry": {
        "type": "Point",
        "coordinates": [
          50.59712,
          54.53
        ]
      }
    },
    {
      "type": "Feature",
      "properties": {
        "id": "Stor_NonEU_39",
        "name": null,
        "nuts3": null
      },
      "geometry": {
        "type": "Point",
        "coordinates": [
          28.433,
          40.82737
        ]
      }
    },
    {
      "type": "Feature",
      "properties": {
        "id": "Stor_NonEU_9",
        "name": null,
        "nuts3": null
      },
      "geometry": {
        "type": "Point",
        "coordinates": [
          31.94569,
          50.95624
        ]
      }
    },
    {
      "type": "Feature",
      "properties": {
        "id": "Stor_NonEU_3",
        "name": null,
        "nuts3": null
      },
      "geometry": {
        "type": "Point",
        "coordinates": [
          55.71587,
          50.19153
        ]
      }
    },
    {
      "type": "Feature",
      "properties": {
        "id": "Stor_NonEU_35",
        "name": null,
        "nuts3": null
      },
      "geometry": {
        "type": "Point",
        "coordinates": [
          44.08238,
          52.17315
        ]
      }
    },
    {
      "type": "Feature",
      "properties": {
        "id": "Stor_NonEU_25",
        "name": null,
        "nuts3": null
      },
      "geometry": {
        "type": "Point",
        "coordinates": [
          34.54748,
          54.47909
        ]
      }
    },
    {
      "type": "Feature",
      "properties": {
        "id": "Stor_NonEU_1",
        "name": null,
        "nuts3": null
      },
      "geometry": {
        "type": "Point",
        "coordinates": [
          30.94571,
          59.72471
        ]
      }
    },
    {
      "type": "Feature",
      "properties": {
        "id": "Stor_NonEU_15",
        "name": null,
        "nuts3": null
      },
      "geometry": {
        "type": "Point",
        "coordinates": [
          34.65946,
          54.58964
        ]
      }
    },
    {
      "type": "Feature",
      "properties": {
        "id": "Stor_NonEU_36",
        "name": null,
        "nuts3": null
      },
      "geometry": {
        "type": "Point",
        "coordinates": [
          36.87982,
          56.06189
        ]
      }
    },
    {
      "type": "Feature",
      "properties": {
        "id": "Stor_NonEU_11",
        "name": null,
        "nuts3": null
      },
      "geometry": {
        "type": "Point",
        "coordinates": [
          54.47609,
          65.83499
        ]
      }
    },
    {
      "type": "Feature",
      "properties": {
        "id": "Stor_NonEU_27",
        "name": null,
        "nuts3": null
      },
      "geometry": {
        "type": "Point",
        "coordinates": [
          39.20045,
          45.01162
        ]
      }
    },
    {
      "type": "Feature",
      "properties": {
        "id": "Stor_NonEU_22",
        "name": null,
        "nuts3": null
      },
      "geometry": {
        "type": "Point",
        "coordinates": [
          50.79751,
          54.7822
        ]
      }
    },
    {
      "type": "Feature",
      "properties": {
        "id": "Stor_NonEU_34",
        "name": null,
        "nuts3": null
      },
      "geometry": {
        "type": "Point",
        "coordinates": [
          38.95593,
          54.65354
        ]
      }
    },
    {
      "type": "Feature",
      "properties": {
        "id": "Stor_NonEU_46",
        "name": null,
        "nuts3": null
      },
      "geometry": {
        "type": "Point",
        "coordinates": [
          39.19163,
          54.80624
        ]
      }
    },
    {
      "type": "Feature",
      "properties": {
        "id": "Stor_NonEU_45",
        "name": null,
        "nuts3": null
      },
      "geometry": {
        "type": "Point",
        "coordinates": [
          46.92544,
          54.36843
        ]
      }
    },
    {
      "type": "Feature",
      "properties": {
        "id": "Stor_NonEU_40",
        "name": null,
        "nuts3": null
      },
      "geometry": {
        "type": "Point",
        "coordinates": [
          45.51439,
          52.29442
        ]
      }
    },
    {
      "type": "Feature",
      "properties": {
        "id": "Stor_NonEU_14",
        "name": null,
        "nuts3": null
      },
      "geometry": {
        "type": "Point",
        "coordinates": [
          30.52154,
          59.32309
        ]
      }
    },
    {
      "type": "Feature",
      "properties": {
        "id": "Stor_NonEU_12",
        "name": null,
        "nuts3": null
      },
      "geometry": {
        "type": "Point",
        "coordinates": [
          48.65431,
          63.31536
        ]
      }
    },
    {
      "type": "Feature",
      "properties": {
        "id": "Stor_NonEU_43",
        "name": null,
        "nuts3": null
      },
      "geometry": {
        "type": "Point",
        "coordinates": [
          47.75092,
          54.62316
        ]
      }
    },
    {
      "type": "Feature",
      "properties": {
        "id": "SEQ_10158_p",
        "name": null,
        "nuts3": "PL617"
      },
      "geometry": {
        "type": "Point",
        "coordinates": [
          17.84988,
          52.65273
        ]
      }
    },
    {
      "type": "Feature",
      "properties": {
        "id": "SEQ_30_p",
        "name": null,
        "nuts3": "PL431"
      },
      "geometry": {
        "type": "Point",
        "coordinates": [
          14.68007,
          52.43824
        ]
      }
    },
    {
      "type": "Feature",
      "properties": {
        "id": "SEQ_342_p",
        "name": null,
        "nuts3": "BG341"
      },
      "geometry": {
        "type": "Point",
        "coordinates": [
          27.01331,
          42.11175
        ]
      }
    },
    {
      "type": "Feature",
      "properties": {
        "id": "SEQ_387_p",
        "name": null,
        "nuts3": null
      },
      "geometry": {
        "type": "Point",
        "coordinates": [
          24.45572,
          51.85144
        ]
      }
    },
    {
      "type": "Feature",
      "properties": {
        "id": "SEQ_388_p",
        "name": null,
        "nuts3": null
      },
      "geometry": {
        "type": "Point",
        "coordinates": [
          24.43957,
          51.91189
        ]
      }
    },
    {
      "type": "Feature",
      "properties": {
        "id": "SEQ_390_p",
        "name": null,
        "nuts3": null
      },
      "geometry": {
        "type": "Point",
        "coordinates": [
          24.40715,
          52.03279
        ]
      }
    },
    {
      "type": "Feature",
      "properties": {
        "id": "SEQ_593_p",
        "name": null,
        "nuts3": null
      },
      "geometry": {
        "type": "Point",
        "coordinates": [
          29.03536,
          46.47209
        ]
      }
    },
    {
      "type": "Feature",
      "properties": {
        "id": "SEQ_427_p",
        "name": null,
        "nuts3": null
      },
      "geometry": {
        "type": "Point",
        "coordinates": [
          30.47921,
          47.16397
        ]
      }
    },
    {
      "type": "Feature",
      "properties": {
        "id": "SEQ_430_p",
        "name": null,
        "nuts3": null
      },
      "geometry": {
        "type": "Point",
        "coordinates": [
          30.24104,
          47.12207
        ]
      }
    },
    {
      "type": "Feature",
      "properties": {
        "id": "SEQ_432_p",
        "name": null,
        "nuts3": null
      },
      "geometry": {
        "type": "Point",
        "coordinates": [
          30.08247,
          47.09386
        ]
      }
    },
    {
      "type": "Feature",
      "properties": {
        "id": "SEQ_435_p",
        "name": null,
        "nuts3": null
      },
      "geometry": {
        "type": "Point",
        "coordinates": [
          29.84494,
          47.05114
        ]
      }
    },
    {
      "type": "Feature",
      "properties": {
        "id": "SEQ_438_p",
        "name": null,
        "nuts3": null
      },
      "geometry": {
        "type": "Point",
        "coordinates": [
          29.60778,
          47.00793
        ]
      }
    },
    {
      "type": "Feature",
      "properties": {
        "id": "SEQ_439_p",
        "name": null,
        "nuts3": null
      },
      "geometry": {
        "type": "Point",
        "coordinates": [
          29.52882,
          46.99342
        ]
      }
    },
    {
      "type": "Feature",
      "properties": {
        "id": "INET_N_1039",
        "name": null,
        "nuts3": null
      },
      "geometry": {
        "type": "Point",
        "coordinates": [
          29.371013,
          46.964238
        ]
      }
    },
    {
      "type": "Feature",
      "properties": {
        "id": "SEQ_476_p",
        "name": null,
        "nuts3": null
      },
      "geometry": {
        "type": "Point",
        "coordinates": [
          34.99566,
          51.18219
        ]
      }
    },
    {
      "type": "Feature",
      "properties": {
        "id": "SEQ_477_p",
        "name": null,
        "nuts3": null
      },
      "geometry": {
        "type": "Point",
        "coordinates": [
          35.07138,
          51.21597
        ]
      }
    },
    {
      "type": "Feature",
      "properties": {
        "id": "SEQ_478_p",
        "name": null,
        "nuts3": null
      },
      "geometry": {
        "type": "Point",
        "coordinates": [
          35.14721,
          51.2497
        ]
      }
    },
    {
      "type": "Feature",
      "properties": {
        "id": "SEQ_482_p",
        "name": null,
        "nuts3": null
      },
      "geometry": {
        "type": "Point",
        "coordinates": [
          35.45166,
          51.38414
        ]
      }
    },
    {
      "type": "Feature",
      "properties": {
        "id": "SEQ_486_p",
        "name": null,
        "nuts3": null
      },
      "geometry": {
        "type": "Point",
        "coordinates": [
          35.75788,
          51.51779
        ]
      }
    },
    {
      "type": "Feature",
      "properties": {
        "id": "SEQ_488_p",
        "name": null,
        "nuts3": null
      },
      "geometry": {
        "type": "Point",
        "coordinates": [
          35.91167,
          51.58431
        ]
      }
    },
    {
      "type": "Feature",
      "properties": {
        "id": "SEQ_583_p",
        "name": null,
        "nuts3": null
      },
      "geometry": {
        "type": "Point",
        "coordinates": [
          28.79289,
          45.96966
        ]
      }
    },
    {
      "type": "Feature",
      "properties": {
        "id": "SEQ_584_p",
        "name": null,
        "nuts3": null
      },
      "geometry": {
        "type": "Point",
        "coordinates": [
          28.81694,
          46.01993
        ]
      }
    },
    {
      "type": "Feature",
      "properties": {
        "id": "SEQ_589_p",
        "name": null,
        "nuts3": null
      },
      "geometry": {
        "type": "Point",
        "coordinates": [
          28.93784,
          46.27118
        ]
      }
    },
    {
      "type": "Feature",
      "properties": {
        "id": "SEQ_640_p",
        "name": null,
        "nuts3": null
      },
      "geometry": {
        "type": "Point",
        "coordinates": [
          22.60744,
          48.19238
        ]
      }
    },
    {
      "type": "Feature",
      "properties": {
        "id": "SEQ_643_p",
        "name": null,
        "nuts3": null
      },
      "geometry": {
        "type": "Point",
        "coordinates": [
          39.29247,
          49.53782
        ]
      }
    },
    {
      "type": "Feature",
      "properties": {
        "id": "SEQ_648_p",
        "name": null,
        "nuts3": null
      },
      "geometry": {
        "type": "Point",
        "coordinates": [
          39.64592,
          49.56363
        ]
      }
    },
    {
      "type": "Feature",
      "properties": {
        "id": "SEQ_771_p",
        "name": null,
        "nuts3": null
      },
      "geometry": {
        "type": "Point",
        "coordinates": [
          38.80418,
          47.41309
        ]
      }
    },
    {
      "type": "Feature",
      "properties": {
        "id": "SEQ_788_p",
        "name": null,
        "nuts3": null
      },
      "geometry": {
        "type": "Point",
        "coordinates": [
          39.80406,
          47.46466
        ]
      }
    },
    {
      "type": "Feature",
      "properties": {
        "id": "SEQ_790_p",
        "name": null,
        "nuts3": null
      },
      "geometry": {
        "type": "Point",
        "coordinates": [
          39.7948,
          47.59315
        ]
      }
    },
    {
      "type": "Feature",
      "properties": {
        "id": "SEQ_793_p",
        "name": null,
        "nuts3": null
      },
      "geometry": {
        "type": "Point",
        "coordinates": [
          39.78082,
          47.78588
        ]
      }
    },
    {
      "type": "Feature",
      "properties": {
        "id": "SEQ_794_p",
        "name": null,
        "nuts3": null
      },
      "geometry": {
        "type": "Point",
        "coordinates": [
          39.77614,
          47.85013
        ]
      }
    },
    {
      "type": "Feature",
      "properties": {
        "id": "SEQ_796_p",
        "name": null,
        "nuts3": null
      },
      "geometry": {
        "type": "Point",
        "coordinates": [
          39.76674,
          47.97862
        ]
      }
    },
    {
      "type": "Feature",
      "properties": {
        "id": "SEQ_798_p",
        "name": null,
        "nuts3": null
      },
      "geometry": {
        "type": "Point",
        "coordinates": [
          39.75729,
          48.10711
        ]
      }
    },
    {
      "type": "Feature",
      "properties": {
        "id": "SEQ_800_p",
        "name": null,
        "nuts3": null
      },
      "geometry": {
        "type": "Point",
        "coordinates": [
          39.74779,
          48.23559
        ]
      }
    },
    {
      "type": "Feature",
      "properties": {
        "id": "SEQ_886_p",
        "name": null,
        "nuts3": "SI034"
      },
      "geometry": {
        "type": "Point",
        "coordinates": [
          15.67228,
          46.23421
        ]
      }
    },
    {
      "type": "Feature",
      "properties": {
        "id": "SEQ_891_p",
        "name": null,
        "nuts3": "HU313"
      },
      "geometry": {
        "type": "Point",
        "coordinates": [
          19.26114,
          48.06674
        ]
      }
    },
    {
      "type": "Feature",
      "properties": {
        "id": "SEQ_910_p",
        "name": null,
        "nuts3": "ES612"
      },
      "geometry": {
        "type": "Point",
        "coordinates": [
          -5.81756,
          36.14742
        ]
      }
    },
    {
      "type": "Feature",
      "properties": {
        "id": "SEQ_932_p",
        "name": null,
        "nuts3": "AT313"
      },
      "geometry": {
        "type": "Point",
        "coordinates": [
          13.83789,
          48.5491
        ]
      }
    },
    {
      "type": "Feature",
      "properties": {
        "id": "SEQ_998_p",
        "name": null,
        "nuts3": "LU000"
      },
      "geometry": {
        "type": "Point",
        "coordinates": [
          6.32509,
          49.54096
        ]
      }
    },
    {
      "type": "Feature",
      "properties": {
        "id": "SEQ_10420_p",
        "name": null,
        "nuts3": "SE231"
      },
      "geometry": {
        "type": "Point",
        "coordinates": [
          12.6762,
          56.84421
        ]
      }
    },
    {
      "type": "Feature",
      "properties": {
        "id": "SEQ_1093_p",
        "name": null,
        "nuts3": "ES620"
      },
      "geometry": {
        "type": "Point",
        "coordinates": [
          -0.97196,
          37.62167
        ]
      }
    },
    {
      "type": "Feature",
      "properties": {
        "id": "SEQ_1096_p",
        "name": null,
        "nuts3": "BE258"
      },
      "geometry": {
        "type": "Point",
        "coordinates": [
          2.68738,
          51.00838
        ]
      }
    },
    {
      "type": "Feature",
      "properties": {
        "id": "SEQ_1106_p",
        "name": null,
        "nuts3": "BE251"
      },
      "geometry": {
        "type": "Point",
        "coordinates": [
          3.20788,
          51.32098
        ]
      }
    },
    {
      "type": "Feature",
      "properties": {
        "id": "SEQ_1233_p",
        "name": null,
        "nuts3": "ITC34"
      },
      "geometry": {
        "type": "Point",
        "coordinates": [
          9.80607,
          44.12888
        ]
      }
    },
    {
      "type": "Feature",
      "properties": {
        "id": "SEQ_7013__L_LMGN",
        "name": null,
        "nuts3": null
      },
      "geometry": {
        "type": "Point",
        "coordinates": [
          28.46537,
          45.40087
        ]
      }
    },
    {
      "type": "Feature",
      "properties": {
        "id": "SEQ_1619_p",
        "name": null,
        "nuts3": "BE236"
      },
      "geometry": {
        "type": "Point",
        "coordinates": [
          4.06248,
          51.22885
        ]
      }
    },
    {
      "type": "Feature",
      "properties": {
        "id": "SEQ_1625_p",
        "name": null,
        "nuts3": "NL132"
      },
      "geometry": {
        "type": "Point",
        "coordinates": [
          6.82606,
          52.67805
        ]
      }
    },
    {
      "type": "Feature",
      "properties": {
        "id": "SEQ_1885_p",
        "name": null,
        "nuts3": "NL225"
      },
      "geometry": {
        "type": "Point",
        "coordinates": [
          6.80335,
          51.99243
        ]
      }
    },
    {
      "type": "Feature",
      "properties": {
        "id": "SEQ_1583_p",
        "name": null,
        "nuts3": null
      },
      "geometry": {
        "type": "Point",
        "coordinates": [
          38.27085,
          47.32323
        ]
      }
    },
    {
      "type": "Feature",
      "properties": {
        "id": "SEQ_2023_p",
        "name": null,
        "nuts3": null
      },
      "geometry": {
        "type": "Point",
        "coordinates": [
          22.71795,
          48.13751
        ]
      }
    },
    {
      "type": "Feature",
      "properties": {
        "id": "SEQ_2163_p",
        "name": null,
        "nuts3": "ES213"
      },
      "geometry": {
        "type": "Point",
        "coordinates": [
          -2.74647,
          43.43014
        ]
      }
    },
    {
      "type": "Feature",
      "properties": {
        "id": "SEQ_2195_p",
        "name": null,
        "nuts3": null
      },
      "geometry": {
        "type": "Point",
        "coordinates": [
          38.82894,
          47.22771
        ]
      }
    },
    {
      "type": "Feature",
      "properties": {
        "id": "SEQ_2255_p",
        "name": null,
        "nuts3": "ES431"
      },
      "geometry": {
        "type": "Point",
        "coordinates": [
          -6.96152,
          38.89603
        ]
      }
    },
    {
      "type": "Feature",
      "properties": {
        "id": "SEQ_2400_p",
        "name": null,
        "nuts3": null
      },
      "geometry": {
        "type": "Point",
        "coordinates": [
          46.89924,
          41.70335
        ]
      }
    },
    {
      "type": "Feature",
      "properties": {
        "id": "SEQ_2409_p",
        "name": null,
        "nuts3": null
      },
      "geometry": {
        "type": "Point",
        "coordinates": [
          46.30748,
          41.58539
        ]
      }
    },
    {
      "type": "Feature",
      "properties": {
        "id": "SEQ_2410_p",
        "name": null,
        "nuts3": null
      },
      "geometry": {
        "type": "Point",
        "coordinates": [
          46.244,
          41.5711
        ]
      }
    },
    {
      "type": "Feature",
      "properties": {
        "id": "SEQ_2709_p",
        "name": null,
        "nuts3": "UKF30"
      },
      "geometry": {
        "type": "Point",
        "coordinates": [
          0.19173,
          53.35898
        ]
      }
    },
    {
      "type": "Feature",
      "properties": {
        "id": "SEQ_3165_p",
        "name": null,
        "nuts3": "ITG19"
      },
      "geometry": {
        "type": "Point",
        "coordinates": [
          15.19153,
          37.11758
        ]
      }
    },
    {
      "type": "Feature",
      "properties": {
        "id": "SEQ_11047_p",
        "name": null,
        "nuts3": "TR211"
      },
      "geometry": {
        "type": "Point",
        "coordinates": [
          27.02147,
          40.61399
        ]
      }
    },
    {
      "type": "Feature",
      "properties": {
        "id": "SEQ_11098_p",
        "name": null,
        "nuts3": "ITI16"
      },
      "geometry": {
        "type": "Point",
        "coordinates": [
          10.47586,
          43.44001
        ]
      }
    },
    {
      "type": "Feature",
      "properties": {
        "id": "SEQ_3460_p",
        "name": null,
        "nuts3": "PL515"
      },
      "geometry": {
        "type": "Point",
        "coordinates": [
          15.06651,
          51.23989
        ]
      }
    },
    {
      "type": "Feature",
      "properties": {
        "id": "SEQ_3504_p",
        "name": null,
        "nuts3": null
      },
      "geometry": {
        "type": "Point",
        "coordinates": [
          12.34293,
          45.04144
        ]
      }
    },
    {
      "type": "Feature",
      "properties": {
        "id": "LKD_N_77",
        "name": null,
        "nuts3": "DE214"
      },
      "geometry": {
        "type": "Point",
        "coordinates": [
          12.740822,
          48.167435
        ]
      }
    },
    {
      "type": "Feature",
      "properties": {
        "id": "SEQ_11133_p",
        "name": null,
        "nuts3": "DE224"
      },
      "geometry": {
        "type": "Point",
        "coordinates": [
          13.04785,
          48.82142
        ]
      }
    },
    {
      "type": "Feature",
      "properties": {
        "id": "LKD_N_121",
        "name": null,
        "nuts3": "DE22B"
      },
      "geometry": {
        "type": "Point",
        "coordinates": [
          12.846168,
          48.934533
        ]
      }
    },
    {
      "type": "Feature",
      "properties": {
        "id": "SEQ_3535_p",
        "name": null,
        "nuts3": "PL428"
      },
      "geometry": {
        "type": "Point",
        "coordinates": [
          14.2571,
          53.86568
        ]
      }
    },
    {
      "type": "Feature",
      "properties": {
        "id": "NutsCons_71",
        "name": null,
        "nuts3": "IE042"
      },
      "geometry": {
        "type": "Point",
        "coordinates": [
          -9.432388,
          53.400645
        ]
      }
    },
    {
      "type": "Feature",
      "properties": {
        "id": "SEQ_3862_p",
        "name": null,
        "nuts3": "BE223"
      },
      "geometry": {
        "type": "Point",
        "coordinates": [
          5.74592,
          51.0019
        ]
      }
    },
    {
      "type": "Feature",
      "properties": {
        "id": "SEQ_3986_p",
        "name": null,
        "nuts3": "UKC11"
      },
      "geometry": {
        "type": "Point",
        "coordinates": [
          -1.19706,
          54.65962
        ]
      }
    },
    {
      "type": "Feature",
      "properties": {
        "id": "SEQ_3994_p",
        "name": null,
        "nuts3": "UKE12"
      },
      "geometry": {
        "type": "Point",
        "coordinates": [
          -0.02079,
          53.76147
        ]
      }
    },
    {
      "type": "Feature",
      "properties": {
        "id": "SEQ_4056_p",
        "name": null,
        "nuts3": null
      },
      "geometry": {
        "type": "Point",
        "coordinates": [
          -10.21344,
          54.16043
        ]
      }
    },
    {
      "type": "Feature",
      "properties": {
        "id": "Prod_27",
        "name": null,
        "nuts3": null
      },
      "geometry": {
        "type": "Point",
        "coordinates": [
          -10.89533,
          54.2194
        ]
      }
    },
    {
      "type": "Feature",
      "properties": {
        "id": "Prod_0",
        "name": null,
        "nuts3": null
      },
      "geometry": {
        "type": "Point",
        "coordinates": [
          -11.04853,
          54.18307
        ]
      }
    },
    {
      "type": "Feature",
      "properties": {
        "id": "SEQ_4072_p",
        "name": null,
        "nuts3": null
      },
      "geometry": {
        "type": "Point",
        "coordinates": [
          28.68445,
          44.29471
        ]
      }
    },
    {
      "type": "Feature",
      "properties": {
        "id": "Prod_17",
        "name": null,
        "nuts3": null
      },
      "geometry": {
        "type": "Point",
        "coordinates": [
          29.45083,
          44.0054
        ]
      }
    },
    {
      "type": "Feature",
      "properties": {
        "id": "Prod_76",
        "name": null,
        "nuts3": null
      },
      "geometry": {
        "type": "Point",
        "coordinates": [
          29.82418,
          43.89683
        ]
      }
    },
    {
      "type": "Feature",
      "properties": {
        "id": "Prod_77",
        "name": null,
        "nuts3": null
      },
      "geometry": {
        "type": "Point",
        "coordinates": [
          30.0326,
          43.98256
        ]
      }
    },
    {
      "type": "Feature",
      "properties": {
        "id": "SEQ_4114_p",
        "name": null,
        "nuts3": null
      },
      "geometry": {
        "type": "Point",
        "coordinates": [
          -0.1688,
          53.92732
        ]
      }
    },
    {
      "type": "Feature",
      "properties": {
        "id": "LKD_N_0",
        "name": null,
        "nuts3": "DEA1F"
      },
      "geometry": {
        "type": "Point",
        "coordinates": [
          6.428327,
          51.600642
        ]
      }
    },
    {
      "type": "Feature",
      "properties": {
        "id": "LKD_N_1",
        "name": null,
        "nuts3": "DEA14"
      },
      "geometry": {
        "type": "Point",
        "coordinates": [
          6.510393,
          51.357503
        ]
      }
    },
    {
      "type": "Feature",
      "properties": {
        "id": "LKD_N_2",
        "name": null,
        "nuts3": "DEA17"
      },
      "geometry": {
        "type": "Point",
        "coordinates": [
          6.812494,
          51.548819
        ]
      }
    },
    {
      "type": "Feature",
      "properties": {
        "id": "LKD_N_4",
        "name": null,
        "nuts3": "DEA1D"
      },
      "geometry": {
        "type": "Point",
        "coordinates": [
          6.623961,
          51.294797
        ]
      }
    },
    {
      "type": "Feature",
      "properties": {
        "id": "LKD_N_5",
        "name": null,
        "nuts3": "DEA1E"
      },
      "geometry": {
        "type": "Point",
        "coordinates": [
          6.541752,
          51.25372
        ]
      }
    },
    {
      "type": "Feature",
      "properties": {
        "id": "LKD_N_6",
        "name": null,
        "nuts3": "DEA1E"
      },
      "geometry": {
        "type": "Point",
        "coordinates": [
          6.449577,
          51.248121
        ]
      }
    },
    {
      "type": "Feature",
      "properties": {
        "id": "LKD_N_7",
        "name": null,
        "nuts3": "DEA23"
      },
      "geometry": {
        "type": "Point",
        "coordinates": [
          6.956925,
          51.021797
        ]
      }
    },
    {
      "type": "Feature",
      "properties": {
        "id": "LKD_N_8",
        "name": null,
        "nuts3": "DEA11"
      },
      "geometry": {
        "type": "Point",
        "coordinates": [
          6.898994,
          51.181398
        ]
      }
    },
    {
      "type": "Feature",
      "properties": {
        "id": "LKD_N_9",
        "name": null,
        "nuts3": "DEA1F"
      },
      "geometry": {
        "type": "Point",
        "coordinates": [
          6.626949,
          51.432235
        ]
      }
    },
    {
      "type": "Feature",
      "properties": {
        "id": "LKD_N_10",
        "name": null,
        "nuts3": "DEA36"
      },
      "geometry": {
        "type": "Point",
        "coordinates": [
          7.000275,
          51.692793
        ]
      }
    },
    {
      "type": "Feature",
      "properties": {
        "id": "LKD_N_11",
        "name": null,
        "nuts3": "DEA13"
      },
      "geometry": {
        "type": "Point",
        "coordinates": [
          6.951521,
          51.47767
        ]
      }
    },
    {
      "type": "Feature",
      "properties": {
        "id": "LKD_N_12",
        "name": null,
        "nuts3": "DEA36"
      },
      "geometry": {
        "type": "Point",
        "coordinates": [
          7.293203,
          51.549406
        ]
      }
    },
    {
      "type": "Feature",
      "properties": {
        "id": "LKD_N_13",
        "name": null,
        "nuts3": "DEA34"
      },
      "geometry": {
        "type": "Point",
        "coordinates": [
          7.01406,
          51.943899
        ]
      }
    },
    {
      "type": "Feature",
      "properties": {
        "id": "LKD_N_14",
        "name": null,
        "nuts3": "DEA17"
      },
      "geometry": {
        "type": "Point",
        "coordinates": [
          6.837924,
          51.45992
        ]
      }
    },
    {
      "type": "Feature",
      "properties": {
        "id": "LKD_N_15",
        "name": null,
        "nuts3": "DEA12"
      },
      "geometry": {
        "type": "Point",
        "coordinates": [
          6.79571,
          51.392262
        ]
      }
    },
    {
      "type": "Feature",
      "properties": {
        "id": "LKD_N_16",
        "name": null,
        "nuts3": "DEA13"
      },
      "geometry": {
        "type": "Point",
        "coordinates": [
          6.967348,
          51.379843
        ]
      }
    },
    {
      "type": "Feature",
      "properties": {
        "id": "SEQ_11396_p",
        "name": null,
        "nuts3": "DEA1A"
      },
      "geometry": {
        "type": "Point",
        "coordinates": [
          7.15069,
          51.302947
        ]
      }
    },
    {
      "type": "Feature",
      "properties": {
        "id": "LKD_N_19",
        "name": null,
        "nuts3": "DEA2B"
      },
      "geometry": {
        "type": "Point",
        "coordinates": [
          7.076187,
          51.088203
        ]
      }
    },
    {
      "type": "Feature",
      "properties": {
        "id": "SEQ_11402_p",
        "name": null,
        "nuts3": "DEA27"
      },
      "geometry": {
        "type": "Point",
        "coordinates": [
          6.928419,
          50.804215
        ]
      }
    },
    {
      "type": "Feature",
      "properties": {
        "id": "LKD_N_20",
        "name": null,
        "nuts3": "DEA22"
      },
      "geometry": {
        "type": "Point",
        "coordinates": [
          7.106203,
          50.698214
        ]
      }
    },
    {
      "type": "Feature",
      "properties": {
        "id": "LKD_N_21",
        "name": null,
        "nuts3": "DEA24"
      },
      "geometry": {
        "type": "Point",
        "coordinates": [
          7.06625,
          51.03266
        ]
      }
    },
    {
      "type": "Feature",
      "properties": {
        "id": "LKD_N_22",
        "name": null,
        "nuts3": "DEA2C"
      },
      "geometry": {
        "type": "Point",
        "coordinates": [
          7.130128,
          50.845529
        ]
      }
    },
    {
      "type": "Feature",
      "properties": {
        "id": "LKD_N_23",
        "name": null,
        "nuts3": "DEA22"
      },
      "geometry": {
        "type": "Point",
        "coordinates": [
          7.161533,
          50.736555
        ]
      }
    },
    {
      "type": "Feature",
      "properties": {
        "id": "LKD_N_25",
        "name": null,
        "nuts3": "DEA2C"
      },
      "geometry": {
        "type": "Point",
        "coordinates": [
          7.271726,
          50.645519
        ]
      }
    },
    {
      "type": "Feature",
      "properties": {
        "id": "LKD_N_26",
        "name": null,
        "nuts3": "DE723"
      },
      "geometry": {
        "type": "Point",
        "coordinates": [
          8.056946,
          50.403136
        ]
      }
    },
    {
      "type": "Feature",
      "properties": {
        "id": "LKD_N_27",
        "name": null,
        "nuts3": "DEB1A"
      },
      "geometry": {
        "type": "Point",
        "coordinates": [
          7.922593,
          50.364024
        ]
      }
    },
    {
      "type": "Feature",
      "properties": {
        "id": "SEQ_11417_p",
        "name": null,
        "nuts3": "DE712"
      },
      "geometry": {
        "type": "Point",
        "coordinates": [
          8.481329,
          50.098656
        ]
      }
    },
    {
      "type": "Feature",
      "properties": {
        "id": "LKD_N_28",
        "name": null,
        "nuts3": "DE722"
      },
      "geometry": {
        "type": "Point",
        "coordinates": [
          8.506818,
          50.535805
        ]
      }
    },
    {
      "type": "Feature",
      "properties": {
        "id": "LKD_N_36",
        "name": null,
        "nuts3": "DEA59"
      },
      "geometry": {
        "type": "Point",
        "coordinates": [
          7.891542,
          51.092737
        ]
      }
    },
    {
      "type": "Feature",
      "properties": {
        "id": "LKD_N_38",
        "name": null,
        "nuts3": "DEA5C"
      },
      "geometry": {
        "type": "Point",
        "coordinates": [
          7.640443,
          51.679284
        ]
      }
    },
    {
      "type": "Feature",
      "properties": {
        "id": "LKD_N_40",
        "name": null,
        "nuts3": "DEA34"
      },
      "geometry": {
        "type": "Point",
        "coordinates": [
          7.124878,
          52.058939
        ]
      }
    },
    {
      "type": "Feature",
      "properties": {
        "id": "LKD_N_41",
        "name": null,
        "nuts3": "DEA2A"
      },
      "geometry": {
        "type": "Point",
        "coordinates": [
          7.371067,
          51.237731
        ]
      }
    },
    {
      "type": "Feature",
      "properties": {
        "id": "LKD_N_42",
        "name": null,
        "nuts3": "DEA56"
      },
      "geometry": {
        "type": "Point",
        "coordinates": [
          7.25988,
          51.399878
        ]
      }
    },
    {
      "type": "Feature",
      "properties": {
        "id": "LKD_N_43",
        "name": null,
        "nuts3": "DEA52"
      },
      "geometry": {
        "type": "Point",
        "coordinates": [
          7.48979,
          51.546936
        ]
      }
    },
    {
      "type": "Feature",
      "properties": {
        "id": "LKD_N_44",
        "name": null,
        "nuts3": "DEA37"
      },
      "geometry": {
        "type": "Point",
        "coordinates": [
          7.200964,
          52.150065
        ]
      }
    },
    {
      "type": "Feature",
      "properties": {
        "id": "LKD_N_45",
        "name": null,
        "nuts3": "DEA38"
      },
      "geometry": {
        "type": "Point",
        "coordinates": [
          7.97959,
          51.803864
        ]
      }
    },
    {
      "type": "Feature",
      "properties": {
        "id": "LKD_N_46",
        "name": null,
        "nuts3": "DEA42"
      },
      "geometry": {
        "type": "Point",
        "coordinates": [
          8.320557,
          51.894542
        ]
      }
    },
    {
      "type": "Feature",
      "properties": {
        "id": "SEQ_11456_p",
        "name": null,
        "nuts3": "DE929"
      },
      "geometry": {
        "type": "Point",
        "coordinates": [
          9.734964,
          52.369132
        ]
      }
    },
    {
      "type": "Feature",
      "properties": {
        "id": "LKD_N_48",
        "name": null,
        "nuts3": "DE929"
      },
      "geometry": {
        "type": "Point",
        "coordinates": [
          9.911803,
          52.368132
        ]
      }
    },
    {
      "type": "Feature",
      "properties": {
        "id": "SEQ_11459_p",
        "name": null,
        "nuts3": "DEA41"
      },
      "geometry": {
        "type": "Point",
        "coordinates": [
          8.509537,
          52.050319
        ]
      }
    },
    {
      "type": "Feature",
      "properties": {
        "id": "LKD_N_50",
        "name": null,
        "nuts3": "DE94E"
      },
      "geometry": {
        "type": "Point",
        "coordinates": [
          8.303407,
          52.496313
        ]
      }
    },
    {
      "type": "Feature",
      "properties": {
        "id": "LKD_N_51",
        "name": null,
        "nuts3": "DE927"
      },
      "geometry": {
        "type": "Point",
        "coordinates": [
          8.756108,
          52.498469
        ]
      }
    },
    {
      "type": "Feature",
      "properties": {
        "id": "LKD_N_53",
        "name": null,
        "nuts3": "DE944"
      },
      "geometry": {
        "type": "Point",
        "coordinates": [
          8.011674,
          52.317116
        ]
      }
    },
    {
      "type": "Feature",
      "properties": {
        "id": "LKD_N_55",
        "name": null,
        "nuts3": "DE94E"
      },
      "geometry": {
        "type": "Point",
        "coordinates": [
          8.083304,
          52.218423
        ]
      }
    },
    {
      "type": "Feature",
      "properties": {
        "id": "SEQ_11483_p",
        "name": null,
        "nuts3": "DEA33"
      },
      "geometry": {
        "type": "Point",
        "coordinates": [
          7.588594,
          51.993288
        ]
      }
    },
    {
      "type": "Feature",
      "properties": {
        "id": "SEQ_11484_p",
        "name": null,
        "nuts3": "DEA37"
      },
      "geometry": {
        "type": "Point",
        "coordinates": [
          7.56203,
          52.23818
        ]
      }
    },
    {
      "type": "Feature",
      "properties": {
        "id": "LKD_N_57",
        "name": null,
        "nuts3": "DE277"
      },
      "geometry": {
        "type": "Point",
        "coordinates": [
          10.545235,
          48.699313
        ]
      }
    },
    {
      "type": "Feature",
      "properties": {
        "id": "LKD_N_58",
        "name": null,
        "nuts3": "DE277"
      },
      "geometry": {
        "type": "Point",
        "coordinates": [
          10.656869,
          48.580883
        ]
      }
    },
    {
      "type": "Feature",
      "properties": {
        "id": "LKD_N_59",
        "name": null,
        "nuts3": "DE278"
      },
      "geometry": {
        "type": "Point",
        "coordinates": [
          10.187765,
          48.375408
        ]
      }
    },
    {
      "type": "Feature",
      "properties": {
        "id": "LKD_N_60",
        "name": null,
        "nuts3": "DE279"
      },
      "geometry": {
        "type": "Point",
        "coordinates": [
          10.06044,
          48.408302
        ]
      }
    },
    {
      "type": "Feature",
      "properties": {
        "id": "LKD_N_61",
        "name": null,
        "nuts3": "DE279"
      },
      "geometry": {
        "type": "Point",
        "coordinates": [
          10.09573,
          48.328492
        ]
      }
    },
    {
      "type": "Feature",
      "properties": {
        "id": "SEQ_11498_p",
        "name": null,
        "nuts3": "DE271"
      },
      "geometry": {
        "type": "Point",
        "coordinates": [
          10.871326,
          48.37222
        ]
      }
    },
    {
      "type": "Feature",
      "properties": {
        "id": "LKD_N_63",
        "name": null,
        "nuts3": "DE275"
      },
      "geometry": {
        "type": "Point",
        "coordinates": [
          10.920231,
          48.458767
        ]
      }
    },
    {
      "type": "Feature",
      "properties": {
        "id": "LKD_N_66",
        "name": null,
        "nuts3": "DE218"
      },
      "geometry": {
        "type": "Point",
        "coordinates": [
          11.781149,
          48.018141
        ]
      }
    },
    {
      "type": "Feature",
      "properties": {
        "id": "SEQ_11510_p",
        "name": null,
        "nuts3": "DE21N"
      },
      "geometry": {
        "type": "Point",
        "coordinates": [
          11.174808,
          47.730578
        ]
      }
    },
    {
      "type": "Feature",
      "properties": {
        "id": "LKD_N_71",
        "name": null,
        "nuts3": "DE21K"
      },
      "geometry": {
        "type": "Point",
        "coordinates": [
          12.059479,
          47.893174
        ]
      }
    },
    {
      "type": "Feature",
      "properties": {
        "id": "LKD_N_73",
        "name": null,
        "nuts3": "DE218"
      },
      "geometry": {
        "type": "Point",
        "coordinates": [
          11.804763,
          48.20864
        ]
      }
    },
    {
      "type": "Feature",
      "properties": {
        "id": "LKD_N_74",
        "name": null,
        "nuts3": "DE21M"
      },
      "geometry": {
        "type": "Point",
        "coordinates": [
          12.37626,
          48.045615
        ]
      }
    },
    {
      "type": "Feature",
      "properties": {
        "id": "LKD_N_75",
        "name": null,
        "nuts3": "DE21K"
      },
      "geometry": {
        "type": "Point",
        "coordinates": [
          12.408215,
          47.915406
        ]
      }
    },
    {
      "type": "Feature",
      "properties": {
        "id": "LKD_N_76",
        "name": null,
        "nuts3": "DE21M"
      },
      "geometry": {
        "type": "Point",
        "coordinates": [
          12.420098,
          48.092376
        ]
      }
    },
    {
      "type": "Feature",
      "properties": {
        "id": "SEQ_11528_p",
        "name": null,
        "nuts3": "DE21K"
      },
      "geometry": {
        "type": "Point",
        "coordinates": [
          12.251441,
          48.130798
        ]
      }
    },
    {
      "type": "Feature",
      "properties": {
        "id": "SEQ_11533_p",
        "name": null,
        "nuts3": "DE21H"
      },
      "geometry": {
        "type": "Point",
        "coordinates": [
          11.689167,
          48.238382
        ]
      }
    },
    {
      "type": "Feature",
      "properties": {
        "id": "LKD_N_79",
        "name": null,
        "nuts3": "DE219"
      },
      "geometry": {
        "type": "Point",
        "coordinates": [
          11.555788,
          48.755703
        ]
      }
    },
    {
      "type": "Feature",
      "properties": {
        "id": "LKD_N_80",
        "name": null,
        "nuts3": "DE226"
      },
      "geometry": {
        "type": "Point",
        "coordinates": [
          11.698895,
          48.750927
        ]
      }
    },
    {
      "type": "Feature",
      "properties": {
        "id": "LKD_N_81",
        "name": null,
        "nuts3": "DE219"
      },
      "geometry": {
        "type": "Point",
        "coordinates": [
          11.651402,
          48.812255
        ]
      }
    },
    {
      "type": "Feature",
      "properties": {
        "id": "LKD_N_82",
        "name": null,
        "nuts3": "DE21B"
      },
      "geometry": {
        "type": "Point",
        "coordinates": [
          11.812319,
          48.401235
        ]
      }
    },
    {
      "type": "Feature",
      "properties": {
        "id": "INET_N_400",
        "name": null,
        "nuts3": "DE22C"
      },
      "geometry": {
        "type": "Point",
        "coordinates": [
          12.4634,
          48.6403
        ]
      }
    },
    {
      "type": "Feature",
      "properties": {
        "id": "LKD_N_86",
        "name": null,
        "nuts3": "DE239"
      },
      "geometry": {
        "type": "Point",
        "coordinates": [
          12.256113,
          49.211854
        ]
      }
    },
    {
      "type": "Feature",
      "properties": {
        "id": "SEQ_11556_p",
        "name": null,
        "nuts3": "DE214"
      },
      "geometry": {
        "type": "Point",
        "coordinates": [
          12.655816,
          48.173236
        ]
      }
    },
    {
      "type": "Feature",
      "properties": {
        "id": "LKD_N_87",
        "name": null,
        "nuts3": "DE275"
      },
      "geometry": {
        "type": "Point",
        "coordinates": [
          11.173176,
          48.413933
        ]
      }
    },
    {
      "type": "Feature",
      "properties": {
        "id": "SEQ_11578_p",
        "name": null,
        "nuts3": "DE80O"
      },
      "geometry": {
        "type": "Point",
        "coordinates": [
          10.739833,
          53.343505
        ]
      }
    },
    {
      "type": "Feature",
      "properties": {
        "id": "LKD_N_91",
        "name": null,
        "nuts3": "DE94F"
      },
      "geometry": {
        "type": "Point",
        "coordinates": [
          8.347535,
          52.551799
        ]
      }
    },
    {
      "type": "Feature",
      "properties": {
        "id": "LKD_N_96",
        "name": null,
        "nuts3": "DE409"
      },
      "geometry": {
        "type": "Point",
        "coordinates": [
          13.866978,
          52.536457
        ]
      }
    },
    {
      "type": "Feature",
      "properties": {
        "id": "LKD_N_99",
        "name": null,
        "nuts3": "DED45"
      },
      "geometry": {
        "type": "Point",
        "coordinates": [
          12.612611,
          50.781515
        ]
      }
    },
    {
      "type": "Feature",
      "properties": {
        "id": "SEQ_11633_p",
        "name": null,
        "nuts3": "DEG0L"
      },
      "geometry": {
        "type": "Point",
        "coordinates": [
          12.029793,
          50.794432
        ]
      }
    },
    {
      "type": "Feature",
      "properties": {
        "id": "SEQ_11634_p",
        "name": null,
        "nuts3": "DEG0J"
      },
      "geometry": {
        "type": "Point",
        "coordinates": [
          11.714321,
          50.824251
        ]
      }
    },
    {
      "type": "Feature",
      "properties": {
        "id": "SEQ_11635_p",
        "name": null,
        "nuts3": "DEG0G"
      },
      "geometry": {
        "type": "Point",
        "coordinates": [
          11.374292,
          50.905943
        ]
      }
    },
    {
      "type": "Feature",
      "properties": {
        "id": "SEQ_11636_p",
        "name": null,
        "nuts3": "DEG0F"
      },
      "geometry": {
        "type": "Point",
        "coordinates": [
          11.075456,
          50.872017
        ]
      }
    },
    {
      "type": "Feature",
      "properties": {
        "id": "SEQ_11639_p",
        "name": null,
        "nuts3": "DEG0P"
      },
      "geometry": {
        "type": "Point",
        "coordinates": [
          10.425933,
          50.900716
        ]
      }
    },
    {
      "type": "Feature",
      "properties": {
        "id": "SEQ_11640_p",
        "name": null,
        "nuts3": "DEG0P"
      },
      "geometry": {
        "type": "Point",
        "coordinates": [
          10.266475,
          50.81697
        ]
      }
    },
    {
      "type": "Feature",
      "properties": {
        "id": "LKD_N_102",
        "name": null,
        "nuts3": "DE732"
      },
      "geometry": {
        "type": "Point",
        "coordinates": [
          9.656208,
          50.684748
        ]
      }
    },
    {
      "type": "Feature",
      "properties": {
        "id": "LKD_N_103",
        "name": null,
        "nuts3": "DE94C"
      },
      "geometry": {
        "type": "Point",
        "coordinates": [
          7.324345,
          53.27081
        ]
      }
    },
    {
      "type": "Feature",
      "properties": {
        "id": "LKD_N_105",
        "name": null,
        "nuts3": "DE94C"
      },
      "geometry": {
        "type": "Point",
        "coordinates": [
          7.344144,
          53.200758
        ]
      }
    },
    {
      "type": "Feature",
      "properties": {
        "id": "LKD_N_107",
        "name": null,
        "nuts3": "DEA43"
      },
      "geometry": {
        "type": "Point",
        "coordinates": [
          8.483277,
          52.202537
        ]
      }
    },
    {
      "type": "Feature",
      "properties": {
        "id": "SEQ_11656_p",
        "name": null,
        "nuts3": "DEA45"
      },
      "geometry": {
        "type": "Point",
        "coordinates": [
          8.761779,
          51.869276
        ]
      }
    },
    {
      "type": "Feature",
      "properties": {
        "id": "SEQ_11660_p",
        "name": null,
        "nuts3": "DE734"
      },
      "geometry": {
        "type": "Point",
        "coordinates": [
          9.181568,
          51.209884
        ]
      }
    },
    {
      "type": "Feature",
      "properties": {
        "id": "SEQ_11664_p",
        "name": null,
        "nuts3": "DE732"
      },
      "geometry": {
        "type": "Point",
        "coordinates": [
          9.650855,
          50.473314
        ]
      }
    },
    {
      "type": "Feature",
      "properties": {
        "id": "LKD_N_110",
        "name": null,
        "nuts3": "DE719"
      },
      "geometry": {
        "type": "Point",
        "coordinates": [
          9.424897,
          50.379228
        ]
      }
    },
    {
      "type": "Feature",
      "properties": {
        "id": "LKD_N_112",
        "name": null,
        "nuts3": "DE716"
      },
      "geometry": {
        "type": "Point",
        "coordinates": [
          8.770964,
          49.821352
        ]
      }
    },
    {
      "type": "Feature",
      "properties": {
        "id": "LKD_N_113",
        "name": null,
        "nuts3": "DE717"
      },
      "geometry": {
        "type": "Point",
        "coordinates": [
          8.466271,
          49.813338
        ]
      }
    },
    {
      "type": "Feature",
      "properties": {
        "id": "INET_N_653",
        "name": null,
        "nuts3": "DE939"
      },
      "geometry": {
        "type": "Point",
        "coordinates": [
          9.482867,
          53.435469
        ]
      }
    },
    {
      "type": "Feature",
      "properties": {
        "id": "SEQ_11678_p",
        "name": null,
        "nuts3": "DEA42"
      },
      "geometry": {
        "type": "Point",
        "coordinates": [
          8.403387,
          51.874408
        ]
      }
    },
    {
      "type": "Feature",
      "properties": {
        "id": "SEQ_11680_p",
        "name": null,
        "nuts3": "DEA5B"
      },
      "geometry": {
        "type": "Point",
        "coordinates": [
          7.86191,
          51.544386
        ]
      }
    },
    {
      "type": "Feature",
      "properties": {
        "id": "INET_N_434",
        "name": null,
        "nuts3": "DEA11"
      },
      "geometry": {
        "type": "Point",
        "coordinates": [
          6.7319,
          51.2212
        ]
      }
    },
    {
      "type": "Feature",
      "properties": {
        "id": "LKD_N_116",
        "name": null,
        "nuts3": "DEA27"
      },
      "geometry": {
        "type": "Point",
        "coordinates": [
          6.777766,
          50.853041
        ]
      }
    },
    {
      "type": "Feature",
      "properties": {
        "id": "LKD_N_117",
        "name": null,
        "nuts3": "DEA26"
      },
      "geometry": {
        "type": "Point",
        "coordinates": [
          6.392669,
          50.788562
        ]
      }
    },
    {
      "type": "Feature",
      "properties": {
        "id": "LKD_N_122",
        "name": null,
        "nuts3": "DE22B"
      },
      "geometry": {
        "type": "Point",
        "coordinates": [
          12.710627,
          48.975265
        ]
      }
    },
    {
      "type": "Feature",
      "properties": {
        "id": "LKD_N_123",
        "name": null,
        "nuts3": "DE22B"
      },
      "geometry": {
        "type": "Point",
        "coordinates": [
          12.604223,
          49.033174
        ]
      }
    },
    {
      "type": "Feature",
      "properties": {
        "id": "LKD_N_124",
        "name": null,
        "nuts3": "DE235"
      },
      "geometry": {
        "type": "Point",
        "coordinates": [
          12.455546,
          49.114122
        ]
      }
    },
    {
      "type": "Feature",
      "properties": {
        "id": "LKD_N_125",
        "name": null,
        "nuts3": "DE239"
      },
      "geometry": {
        "type": "Point",
        "coordinates": [
          12.093572,
          49.299596
        ]
      }
    },
    {
      "type": "Feature",
      "properties": {
        "id": "LKD_N_126",
        "name": null,
        "nuts3": "DE239"
      },
      "geometry": {
        "type": "Point",
        "coordinates": [
          12.135993,
          49.554659
        ]
      }
    },
    {
      "type": "Feature",
      "properties": {
        "id": "LKD_N_128",
        "name": null,
        "nuts3": "DE25B"
      },
      "geometry": {
        "type": "Point",
        "coordinates": [
          11.165275,
          49.371161
        ]
      }
    },
    {
      "type": "Feature",
      "properties": {
        "id": "SEQ_11706_p",
        "name": null,
        "nuts3": "DE254"
      },
      "geometry": {
        "type": "Point",
        "coordinates": [
          11.081736,
          49.36526
        ]
      }
    },
    {
      "type": "Feature",
      "properties": {
        "id": "LKD_N_129",
        "name": null,
        "nuts3": "DE25A"
      },
      "geometry": {
        "type": "Point",
        "coordinates": [
          10.71987,
          49.503317
        ]
      }
    },
    {
      "type": "Feature",
      "properties": {
        "id": "LKD_N_130",
        "name": null,
        "nuts3": "DE25A"
      },
      "geometry": {
        "type": "Point",
        "coordinates": [
          10.484354,
          49.573783
        ]
      }
    },
    {
      "type": "Feature",
      "properties": {
        "id": "LKD_N_131",
        "name": null,
        "nuts3": "DE26C"
      },
      "geometry": {
        "type": "Point",
        "coordinates": [
          9.767452,
          49.767193
        ]
      }
    },
    {
      "type": "Feature",
      "properties": {
        "id": "LKD_N_132",
        "name": null,
        "nuts3": "DE715"
      },
      "geometry": {
        "type": "Point",
        "coordinates": [
          8.478981,
          49.721242
        ]
      }
    },
    {
      "type": "Feature",
      "properties": {
        "id": "LKD_N_133",
        "name": null,
        "nuts3": "DEB3B"
      },
      "geometry": {
        "type": "Point",
        "coordinates": [
          8.224932,
          49.623996
        ]
      }
    },
    {
      "type": "Feature",
      "properties": {
        "id": "LKD_N_137",
        "name": null,
        "nuts3": "DEA28"
      },
      "geometry": {
        "type": "Point",
        "coordinates": [
          6.611012,
          50.410391
        ]
      }
    },
    {
      "type": "Feature",
      "properties": {
        "id": "LKD_N_140",
        "name": null,
        "nuts3": "DEB24"
      },
      "geometry": {
        "type": "Point",
        "coordinates": [
          6.789284,
          50.250417
        ]
      }
    },
    {
      "type": "Feature",
      "properties": {
        "id": "LKD_N_141",
        "name": null,
        "nuts3": "DEB24"
      },
      "geometry": {
        "type": "Point",
        "coordinates": [
          6.951183,
          50.128054
        ]
      }
    },
    {
      "type": "Feature",
      "properties": {
        "id": "LKD_N_142",
        "name": null,
        "nuts3": "DEB22"
      },
      "geometry": {
        "type": "Point",
        "coordinates": [
          7.19279,
          49.959259
        ]
      }
    },
    {
      "type": "Feature",
      "properties": {
        "id": "LKD_N_143",
        "name": null,
        "nuts3": "DEB15"
      },
      "geometry": {
        "type": "Point",
        "coordinates": [
          7.315278,
          49.870153
        ]
      }
    },
    {
      "type": "Feature",
      "properties": {
        "id": "LKD_N_144",
        "name": null,
        "nuts3": "DEB15"
      },
      "geometry": {
        "type": "Point",
        "coordinates": [
          7.376451,
          49.749549
        ]
      }
    },
    {
      "type": "Feature",
      "properties": {
        "id": "LKD_N_145",
        "name": null,
        "nuts3": "DEB3G"
      },
      "geometry": {
        "type": "Point",
        "coordinates": [
          7.531062,
          49.630411
        ]
      }
    },
    {
      "type": "Feature",
      "properties": {
        "id": "LKD_N_146",
        "name": null,
        "nuts3": "DEB3G"
      },
      "geometry": {
        "type": "Point",
        "coordinates": [
          7.55516,
          49.523751
        ]
      }
    },
    {
      "type": "Feature",
      "properties": {
        "id": "LKD_N_148",
        "name": null,
        "nuts3": "DEB3K"
      },
      "geometry": {
        "type": "Point",
        "coordinates": [
          7.697399,
          49.297184
        ]
      }
    },
    {
      "type": "Feature",
      "properties": {
        "id": "LKD_N_149",
        "name": null,
        "nuts3": "DEB3K"
      },
      "geometry": {
        "type": "Point",
        "coordinates": [
          7.83243,
          49.20805
        ]
      }
    },
    {
      "type": "Feature",
      "properties": {
        "id": "LKD_N_150",
        "name": null,
        "nuts3": "DEB3H"
      },
      "geometry": {
        "type": "Point",
        "coordinates": [
          8.055782,
          49.106691
        ]
      }
    },
    {
      "type": "Feature",
      "properties": {
        "id": "LKD_N_151",
        "name": null,
        "nuts3": "DEB3E"
      },
      "geometry": {
        "type": "Point",
        "coordinates": [
          8.180301,
          49.019947
        ]
      }
    },
    {
      "type": "Feature",
      "properties": {
        "id": "LKD_N_152",
        "name": null,
        "nuts3": "DE124"
      },
      "geometry": {
        "type": "Point",
        "coordinates": [
          8.225166,
          48.923732
        ]
      }
    },
    {
      "type": "Feature",
      "properties": {
        "id": "LKD_N_153",
        "name": null,
        "nuts3": "DE134"
      },
      "geometry": {
        "type": "Point",
        "coordinates": [
          7.833856,
          48.523994
        ]
      }
    },
    {
      "type": "Feature",
      "properties": {
        "id": "LKD_N_155",
        "name": null,
        "nuts3": "DE139"
      },
      "geometry": {
        "type": "Point",
        "coordinates": [
          7.827246,
          47.616503
        ]
      }
    },
    {
      "type": "Feature",
      "properties": {
        "id": "LKD_N_156",
        "name": null,
        "nuts3": "DEB3D"
      },
      "geometry": {
        "type": "Point",
        "coordinates": [
          8.085055,
          49.561198
        ]
      }
    },
    {
      "type": "Feature",
      "properties": {
        "id": "LKD_N_157",
        "name": null,
        "nuts3": "DEB3F"
      },
      "geometry": {
        "type": "Point",
        "coordinates": [
          7.890747,
          49.507522
        ]
      }
    },
    {
      "type": "Feature",
      "properties": {
        "id": "LKD_N_158",
        "name": null,
        "nuts3": "DEB3K"
      },
      "geometry": {
        "type": "Point",
        "coordinates": [
          7.468072,
          49.25495
        ]
      }
    },
    {
      "type": "Feature",
      "properties": {
        "id": "LKD_N_160",
        "name": null,
        "nuts3": "DE126"
      },
      "geometry": {
        "type": "Point",
        "coordinates": [
          8.4355,
          49.57269
        ]
      }
    },
    {
      "type": "Feature",
      "properties": {
        "id": "SEQ_11797_p",
        "name": null,
        "nuts3": "DEB3I"
      },
      "geometry": {
        "type": "Point",
        "coordinates": [
          8.373377,
          49.406316
        ]
      }
    },
    {
      "type": "Feature",
      "properties": {
        "id": "LKD_N_162",
        "name": null,
        "nuts3": "DE122"
      },
      "geometry": {
        "type": "Point",
        "coordinates": [
          8.316901,
          49.0319
        ]
      }
    },
    {
      "type": "Feature",
      "properties": {
        "id": "LKD_N_163",
        "name": null,
        "nuts3": "DE947"
      },
      "geometry": {
        "type": "Point",
        "coordinates": [
          7.428634,
          53.644992
        ]
      }
    },
    {
      "type": "Feature",
      "properties": {
        "id": "LKD_N_164",
        "name": null,
        "nuts3": "DE94H"
      },
      "geometry": {
        "type": "Point",
        "coordinates": [
          7.904586,
          53.51155
        ]
      }
    },
    {
      "type": "Feature",
      "properties": {
        "id": "LKD_N_166",
        "name": null,
        "nuts3": "DEE04"
      },
      "geometry": {
        "type": "Point",
        "coordinates": [
          11.031503,
          52.824593
        ]
      }
    },
    {
      "type": "Feature",
      "properties": {
        "id": "LKD_N_167",
        "name": null,
        "nuts3": "DE94C"
      },
      "geometry": {
        "type": "Point",
        "coordinates": [
          7.485275,
          53.26013
        ]
      }
    },
    {
      "type": "Feature",
      "properties": {
        "id": "SEQ_11815_p",
        "name": null,
        "nuts3": "DE94G"
      },
      "geometry": {
        "type": "Point",
        "coordinates": [
          8.334917,
          53.196165
        ]
      }
    },
    {
      "type": "Feature",
      "properties": {
        "id": "LKD_N_168",
        "name": null,
        "nuts3": "DE94F"
      },
      "geometry": {
        "type": "Point",
        "coordinates": [
          8.334259,
          52.808309
        ]
      }
    },
    {
      "type": "Feature",
      "properties": {
        "id": "LKD_N_169",
        "name": null,
        "nuts3": "DE922"
      },
      "geometry": {
        "type": "Point",
        "coordinates": [
          8.807959,
          52.676187
        ]
      }
    },
    {
      "type": "Feature",
      "properties": {
        "id": "LKD_N_170",
        "name": null,
        "nuts3": "DE94F"
      },
      "geometry": {
        "type": "Point",
        "coordinates": [
          8.248557,
          52.814603
        ]
      }
    },
    {
      "type": "Feature",
      "properties": {
        "id": "LKD_N_174",
        "name": null,
        "nuts3": "DEF05"
      },
      "geometry": {
        "type": "Point",
        "coordinates": [
          9.369836,
          54.153612
        ]
      }
    },
    {
      "type": "Feature",
      "properties": {
        "id": "INET_N_814",
        "name": null,
        "nuts3": "DEF02"
      },
      "geometry": {
        "type": "Point",
        "coordinates": [
          10.200844,
          54.266597
        ]
      }
    },
    {
      "type": "Feature",
      "properties": {
        "id": "LKD_N_180",
        "name": null,
        "nuts3": "DE939"
      },
      "geometry": {
        "type": "Point",
        "coordinates": [
          9.447571,
          53.53543
        ]
      }
    },
    {
      "type": "Feature",
      "properties": {
        "id": "LKD_N_181",
        "name": null,
        "nuts3": "DE939"
      },
      "geometry": {
        "type": "Point",
        "coordinates": [
          9.463833,
          53.657411
        ]
      }
    },
    {
      "type": "Feature",
      "properties": {
        "id": "LKD_N_182",
        "name": null,
        "nuts3": "DE933"
      },
      "geometry": {
        "type": "Point",
        "coordinates": [
          9.603748,
          53.342175
        ]
      }
    },
    {
      "type": "Feature",
      "properties": {
        "id": "LKD_N_184",
        "name": null,
        "nuts3": "DE933"
      },
      "geometry": {
        "type": "Point",
        "coordinates": [
          10.05526,
          53.383131
        ]
      }
    },
    {
      "type": "Feature",
      "properties": {
        "id": "LKD_N_185",
        "name": null,
        "nuts3": "DEF0F"
      },
      "geometry": {
        "type": "Point",
        "coordinates": [
          10.242541,
          53.584832
        ]
      }
    },
    {
      "type": "Feature",
      "properties": {
        "id": "LKD_N_193",
        "name": null,
        "nuts3": "DE93A"
      },
      "geometry": {
        "type": "Point",
        "coordinates": [
          10.705556,
          52.963948
        ]
      }
    },
    {
      "type": "Feature",
      "properties": {
        "id": "SEQ_11867_p",
        "name": null,
        "nuts3": "DEE04"
      },
      "geometry": {
        "type": "Point",
        "coordinates": [
          10.985528,
          52.817002
        ]
      }
    },
    {
      "type": "Feature",
      "properties": {
        "id": "LKD_N_507",
        "name": null,
        "nuts3": "DE40A"
      },
      "geometry": {
        "type": "Point",
        "coordinates": [
          13.368296,
          52.723668
        ]
      }
    },
    {
      "type": "Feature",
      "properties": {
        "id": "LKD_N_196",
        "name": null,
        "nuts3": "DE94D"
      },
      "geometry": {
        "type": "Point",
        "coordinates": [
          8.499221,
          53.034081
        ]
      }
    },
    {
      "type": "Feature",
      "properties": {
        "id": "LKD_N_197",
        "name": null,
        "nuts3": "DE501"
      },
      "geometry": {
        "type": "Point",
        "coordinates": [
          8.714443,
          53.164232
        ]
      }
    },
    {
      "type": "Feature",
      "properties": {
        "id": "LKD_N_198",
        "name": null,
        "nuts3": "DE94C"
      },
      "geometry": {
        "type": "Point",
        "coordinates": [
          7.584639,
          53.169788
        ]
      }
    },
    {
      "type": "Feature",
      "properties": {
        "id": "LKD_N_199",
        "name": null,
        "nuts3": "DE947"
      },
      "geometry": {
        "type": "Point",
        "coordinates": [
          7.093251,
          53.412719
        ]
      }
    },
    {
      "type": "Feature",
      "properties": {
        "id": "LKD_N_200",
        "name": null,
        "nuts3": "DE949"
      },
      "geometry": {
        "type": "Point",
        "coordinates": [
          7.266157,
          52.558254
        ]
      }
    },
    {
      "type": "Feature",
      "properties": {
        "id": "LKD_N_201",
        "name": null,
        "nuts3": "DE949"
      },
      "geometry": {
        "type": "Point",
        "coordinates": [
          7.317079,
          52.440895
        ]
      }
    },
    {
      "type": "Feature",
      "properties": {
        "id": "Stor_EU_88",
        "name": null,
        "nuts3": "DE94B"
      },
      "geometry": {
        "type": "Point",
        "coordinates": [
          6.86959,
          52.50606
        ]
      }
    },
    {
      "type": "Feature",
      "properties": {
        "id": "LKD_N_204",
        "name": null,
        "nuts3": "DE93B"
      },
      "geometry": {
        "type": "Point",
        "coordinates": [
          9.290891,
          52.929865
        ]
      }
    },
    {
      "type": "Feature",
      "properties": {
        "id": "LKD_N_205",
        "name": null,
        "nuts3": "DE927"
      },
      "geometry": {
        "type": "Point",
        "coordinates": [
          9.245955,
          52.785016
        ]
      }
    },
    {
      "type": "Feature",
      "properties": {
        "id": "LKD_N_206",
        "name": null,
        "nuts3": "DE927"
      },
      "geometry": {
        "type": "Point",
        "coordinates": [
          9.263047,
          52.680351
        ]
      }
    },
    {
      "type": "Feature",
      "properties": {
        "id": "LKD_N_207",
        "name": null,
        "nuts3": "DE922"
      },
      "geometry": {
        "type": "Point",
        "coordinates": [
          8.890641,
          52.656803
        ]
      }
    },
    {
      "type": "Feature",
      "properties": {
        "id": "LKD_N_208",
        "name": null,
        "nuts3": "DE927"
      },
      "geometry": {
        "type": "Point",
        "coordinates": [
          9.130456,
          52.600633
        ]
      }
    },
    {
      "type": "Feature",
      "properties": {
        "id": "LKD_N_209",
        "name": null,
        "nuts3": "DE929"
      },
      "geometry": {
        "type": "Point",
        "coordinates": [
          9.865478,
          52.518056
        ]
      }
    },
    {
      "type": "Feature",
      "properties": {
        "id": "LKD_N_210",
        "name": null,
        "nuts3": "DE93B"
      },
      "geometry": {
        "type": "Point",
        "coordinates": [
          9.369985,
          52.931642
        ]
      }
    },
    {
      "type": "Feature",
      "properties": {
        "id": "INET_N_212",
        "name": null,
        "nuts3": "DE938"
      },
      "geometry": {
        "type": "Point",
        "coordinates": [
          9.65,
          52.9
        ]
      }
    },
    {
      "type": "Feature",
      "properties": {
        "id": "SEQ_11912_p",
        "name": null,
        "nuts3": "DE931"
      },
      "geometry": {
        "type": "Point",
        "coordinates": [
          10.186525,
          52.694735
        ]
      }
    },
    {
      "type": "Feature",
      "properties": {
        "id": "LKD_N_217",
        "name": null,
        "nuts3": "DE938"
      },
      "geometry": {
        "type": "Point",
        "coordinates": [
          10.106537,
          53.022223
        ]
      }
    },
    {
      "type": "Feature",
      "properties": {
        "id": "SEQ_11916_p",
        "name": null,
        "nuts3": "DE929"
      },
      "geometry": {
        "type": "Point",
        "coordinates": [
          10.079837,
          52.384528
        ]
      }
    },
    {
      "type": "Feature",
      "properties": {
        "id": "LKD_N_218",
        "name": null,
        "nuts3": "DE914"
      },
      "geometry": {
        "type": "Point",
        "coordinates": [
          10.444147,
          52.385988
        ]
      }
    },
    {
      "type": "Feature",
      "properties": {
        "id": "LKD_N_222",
        "name": null,
        "nuts3": "DE948"
      },
      "geometry": {
        "type": "Point",
        "coordinates": [
          7.832023,
          53.148544
        ]
      }
    },
    {
      "type": "Feature",
      "properties": {
        "id": "LKD_N_233",
        "name": null,
        "nuts3": "DEA34"
      },
      "geometry": {
        "type": "Point",
        "coordinates": [
          7.129816,
          52.137442
        ]
      }
    },
    {
      "type": "Feature",
      "properties": {
        "id": "LKD_N_224",
        "name": null,
        "nuts3": "DE922"
      },
      "geometry": {
        "type": "Point",
        "coordinates": [
          8.406804,
          52.461193
        ]
      }
    },
    {
      "type": "Feature",
      "properties": {
        "id": "SEQ_11942_p",
        "name": null,
        "nuts3": "DEA43"
      },
      "geometry": {
        "type": "Point",
        "coordinates": [
          8.586115,
          52.244188
        ]
      }
    },
    {
      "type": "Feature",
      "properties": {
        "id": "SEQ_11947_p",
        "name": null,
        "nuts3": "DE922"
      },
      "geometry": {
        "type": "Point",
        "coordinates": [
          8.422934,
          52.614224
        ]
      }
    },
    {
      "type": "Feature",
      "properties": {
        "id": "SEQ_11950_p",
        "name": null,
        "nuts3": "DE256"
      },
      "geometry": {
        "type": "Point",
        "coordinates": [
          10.63448,
          49.10556
        ]
      }
    },
    {
      "type": "Feature",
      "properties": {
        "id": "LKD_N_228",
        "name": null,
        "nuts3": "DE226"
      },
      "geometry": {
        "type": "Point",
        "coordinates": [
          11.741713,
          48.894176
        ]
      }
    },
    {
      "type": "Feature",
      "properties": {
        "id": "LKD_N_229",
        "name": null,
        "nuts3": "DE21K"
      },
      "geometry": {
        "type": "Point",
        "coordinates": [
          12.360186,
          48.125529
        ]
      }
    },
    {
      "type": "Feature",
      "properties": {
        "id": "LKD_N_231",
        "name": null,
        "nuts3": "DE733"
      },
      "geometry": {
        "type": "Point",
        "coordinates": [
          9.990669,
          50.901903
        ]
      }
    },
    {
      "type": "Feature",
      "properties": {
        "id": "SEQ_11979_p",
        "name": null,
        "nuts3": "DE71E"
      },
      "geometry": {
        "type": "Point",
        "coordinates": [
          8.975239,
          50.396881
        ]
      }
    },
    {
      "type": "Feature",
      "properties": {
        "id": "SEQ_11985_p",
        "name": null,
        "nuts3": "DE717"
      },
      "geometry": {
        "type": "Point",
        "coordinates": [
          8.40433,
          49.8985
        ]
      }
    },
    {
      "type": "Feature",
      "properties": {
        "id": "SEQ_11990_p",
        "name": null,
        "nuts3": "DE714"
      },
      "geometry": {
        "type": "Point",
        "coordinates": [
          8.289212,
          50.051692
        ]
      }
    },
    {
      "type": "Feature",
      "properties": {
        "id": "SEQ_11992_p",
        "name": null,
        "nuts3": "DEB3B"
      },
      "geometry": {
        "type": "Point",
        "coordinates": [
          8.431599,
          49.733582
        ]
      }
    },
    {
      "type": "Feature",
      "properties": {
        "id": "LKD_N_234",
        "name": null,
        "nuts3": "DE94B"
      },
      "geometry": {
        "type": "Point",
        "coordinates": [
          6.90044,
          52.589913
        ]
      }
    },
    {
      "type": "Feature",
      "properties": {
        "id": "LKD_N_235",
        "name": null,
        "nuts3": "DEA37"
      },
      "geometry": {
        "type": "Point",
        "coordinates": [
          7.280094,
          52.114454
        ]
      }
    },
    {
      "type": "Feature",
      "properties": {
        "id": "LKD_N_237",
        "name": null,
        "nuts3": "DEA38"
      },
      "geometry": {
        "type": "Point",
        "coordinates": [
          7.775604,
          51.936816
        ]
      }
    },
    {
      "type": "Feature",
      "properties": {
        "id": "LKD_N_238",
        "name": null,
        "nuts3": "DEA38"
      },
      "geometry": {
        "type": "Point",
        "coordinates": [
          7.964439,
          51.887647
        ]
      }
    },
    {
      "type": "Feature",
      "properties": {
        "id": "LKD_N_242",
        "name": null,
        "nuts3": "DEA5B"
      },
      "geometry": {
        "type": "Point",
        "coordinates": [
          8.343085,
          51.662601
        ]
      }
    },
    {
      "type": "Feature",
      "properties": {
        "id": "LKD_N_244",
        "name": null,
        "nuts3": "DEA5B"
      },
      "geometry": {
        "type": "Point",
        "coordinates": [
          8.352079,
          51.518493
        ]
      }
    },
    {
      "type": "Feature",
      "properties": {
        "id": "LKD_N_247",
        "name": null,
        "nuts3": "DEA5B"
      },
      "geometry": {
        "type": "Point",
        "coordinates": [
          7.936546,
          51.506422
        ]
      }
    },
    {
      "type": "Feature",
      "properties": {
        "id": "INET_N_646",
        "name": null,
        "nuts3": "DEA54"
      },
      "geometry": {
        "type": "Point",
        "coordinates": [
          7.9288,
          51.6736
        ]
      }
    },
    {
      "type": "Feature",
      "properties": {
        "id": "LKD_N_249",
        "name": null,
        "nuts3": "DEA57"
      },
      "geometry": {
        "type": "Point",
        "coordinates": [
          8.019448,
          51.440276
        ]
      }
    },
    {
      "type": "Feature",
      "properties": {
        "id": "LKD_N_250",
        "name": null,
        "nuts3": "DEA57"
      },
      "geometry": {
        "type": "Point",
        "coordinates": [
          8.075587,
          51.38441
        ]
      }
    },
    {
      "type": "Feature",
      "properties": {
        "id": "LKD_N_251",
        "name": null,
        "nuts3": "DEA57"
      },
      "geometry": {
        "type": "Point",
        "coordinates": [
          8.208955,
          51.383993
        ]
      }
    },
    {
      "type": "Feature",
      "properties": {
        "id": "LKD_N_254",
        "name": null,
        "nuts3": "DEA5B"
      },
      "geometry": {
        "type": "Point",
        "coordinates": [
          8.296524,
          51.410862
        ]
      }
    },
    {
      "type": "Feature",
      "properties": {
        "id": "INET_N_455",
        "name": null,
        "nuts3": "DEA57"
      },
      "geometry": {
        "type": "Point",
        "coordinates": [
          8.5999,
          51.4085
        ]
      }
    },
    {
      "type": "Feature",
      "properties": {
        "id": "LKD_N_256",
        "name": null,
        "nuts3": "DEA5C"
      },
      "geometry": {
        "type": "Point",
        "coordinates": [
          7.683914,
          51.486151
        ]
      }
    },
    {
      "type": "Feature",
      "properties": {
        "id": "SEQ_12030_p",
        "name": null,
        "nuts3": "DEA54"
      },
      "geometry": {
        "type": "Point",
        "coordinates": [
          7.739662,
          51.667561
        ]
      }
    },
    {
      "type": "Feature",
      "properties": {
        "id": "LKD_N_257",
        "name": null,
        "nuts3": "DEA35"
      },
      "geometry": {
        "type": "Point",
        "coordinates": [
          7.345152,
          51.70747
        ]
      }
    },
    {
      "type": "Feature",
      "properties": {
        "id": "LKD_N_260",
        "name": null,
        "nuts3": "DEA34"
      },
      "geometry": {
        "type": "Point",
        "coordinates": [
          6.895099,
          51.810868
        ]
      }
    },
    {
      "type": "Feature",
      "properties": {
        "id": "LKD_N_261",
        "name": null,
        "nuts3": "DEA34"
      },
      "geometry": {
        "type": "Point",
        "coordinates": [
          6.865763,
          51.766101
        ]
      }
    },
    {
      "type": "Feature",
      "properties": {
        "id": "LKD_N_262",
        "name": null,
        "nuts3": "DEA1F"
      },
      "geometry": {
        "type": "Point",
        "coordinates": [
          6.706151,
          51.569554
        ]
      }
    },
    {
      "type": "Feature",
      "properties": {
        "id": "LKD_N_263",
        "name": null,
        "nuts3": "DEA1F"
      },
      "geometry": {
        "type": "Point",
        "coordinates": [
          6.598468,
          51.556648
        ]
      }
    },
    {
      "type": "Feature",
      "properties": {
        "id": "LKD_N_265",
        "name": null,
        "nuts3": "DEA1B"
      },
      "geometry": {
        "type": "Point",
        "coordinates": [
          6.131469,
          51.603189
        ]
      }
    },
    {
      "type": "Feature",
      "properties": {
        "id": "LKD_N_267",
        "name": null,
        "nuts3": "DEA1B"
      },
      "geometry": {
        "type": "Point",
        "coordinates": [
          6.33524,
          51.478378
        ]
      }
    },
    {
      "type": "Feature",
      "properties": {
        "id": "LKD_N_268",
        "name": null,
        "nuts3": "DEA1C"
      },
      "geometry": {
        "type": "Point",
        "coordinates": [
          6.882478,
          51.35175
        ]
      }
    },
    {
      "type": "Feature",
      "properties": {
        "id": "LKD_N_282",
        "name": null,
        "nuts3": "DEA1F"
      },
      "geometry": {
        "type": "Point",
        "coordinates": [
          6.649207,
          51.777819
        ]
      }
    },
    {
      "type": "Feature",
      "properties": {
        "id": "SEQ_12074_p",
        "name": null,
        "nuts3": "DEA1B"
      },
      "geometry": {
        "type": "Point",
        "coordinates": [
          6.429127,
          51.749823
        ]
      }
    },
    {
      "type": "Feature",
      "properties": {
        "id": "LKD_N_284",
        "name": null,
        "nuts3": "DEA1F"
      },
      "geometry": {
        "type": "Point",
        "coordinates": [
          6.629241,
          51.642849
        ]
      }
    },
    {
      "type": "Feature",
      "properties": {
        "id": "LKD_N_285",
        "name": null,
        "nuts3": "DEA1F"
      },
      "geometry": {
        "type": "Point",
        "coordinates": [
          6.501416,
          51.703948
        ]
      }
    },
    {
      "type": "Feature",
      "properties": {
        "id": "LKD_N_286",
        "name": null,
        "nuts3": "DEA1B"
      },
      "geometry": {
        "type": "Point",
        "coordinates": [
          6.123468,
          51.802895
        ]
      }
    },
    {
      "type": "Feature",
      "properties": {
        "id": "LKD_N_287",
        "name": null,
        "nuts3": "DEA1B"
      },
      "geometry": {
        "type": "Point",
        "coordinates": [
          6.403012,
          51.551716
        ]
      }
    },
    {
      "type": "Feature",
      "properties": {
        "id": "SEQ_12092_p",
        "name": null,
        "nuts3": "DEA1C"
      },
      "geometry": {
        "type": "Point",
        "coordinates": [
          6.923865,
          51.226917
        ]
      }
    },
    {
      "type": "Feature",
      "properties": {
        "id": "LKD_N_292",
        "name": null,
        "nuts3": "DEA2B"
      },
      "geometry": {
        "type": "Point",
        "coordinates": [
          7.126491,
          51.005229
        ]
      }
    },
    {
      "type": "Feature",
      "properties": {
        "id": "LKD_N_293",
        "name": null,
        "nuts3": "DEA2B"
      },
      "geometry": {
        "type": "Point",
        "coordinates": [
          7.284367,
          50.956302
        ]
      }
    },
    {
      "type": "Feature",
      "properties": {
        "id": "LKD_N_294",
        "name": null,
        "nuts3": "DEA2A"
      },
      "geometry": {
        "type": "Point",
        "coordinates": [
          7.488253,
          50.931533
        ]
      }
    },
    {
      "type": "Feature",
      "properties": {
        "id": "LKD_N_296",
        "name": null,
        "nuts3": "DEA23"
      },
      "geometry": {
        "type": "Point",
        "coordinates": [
          7.008495,
          50.957285
        ]
      }
    },
    {
      "type": "Feature",
      "properties": {
        "id": "LKD_N_297",
        "name": null,
        "nuts3": "DEA23"
      },
      "geometry": {
        "type": "Point",
        "coordinates": [
          6.945082,
          50.914963
        ]
      }
    },
    {
      "type": "Feature",
      "properties": {
        "id": "LKD_N_298",
        "name": null,
        "nuts3": "DEA26"
      },
      "geometry": {
        "type": "Point",
        "coordinates": [
          6.557448,
          50.793103
        ]
      }
    },
    {
      "type": "Feature",
      "properties": {
        "id": "INET_N_1847",
        "name": null,
        "nuts3": "DEA28"
      },
      "geometry": {
        "type": "Point",
        "coordinates": [
          6.6536,
          50.7055
        ]
      }
    },
    {
      "type": "Feature",
      "properties": {
        "id": "LKD_N_303",
        "name": null,
        "nuts3": "DEA1D"
      },
      "geometry": {
        "type": "Point",
        "coordinates": [
          6.606521,
          51.178007
        ]
      }
    },
    {
      "type": "Feature",
      "properties": {
        "id": "LKD_N_305",
        "name": null,
        "nuts3": "DEA1D"
      },
      "geometry": {
        "type": "Point",
        "coordinates": [
          6.748368,
          51.097609
        ]
      }
    },
    {
      "type": "Feature",
      "properties": {
        "id": "LKD_N_308",
        "name": null,
        "nuts3": "DEA23"
      },
      "geometry": {
        "type": "Point",
        "coordinates": [
          6.899096,
          51.06119
        ]
      }
    },
    {
      "type": "Feature",
      "properties": {
        "id": "LKD_N_612",
        "name": null,
        "nuts3": "DE11A"
      },
      "geometry": {
        "type": "Point",
        "coordinates": [
          10.018552,
          49.171201
        ]
      }
    },
    {
      "type": "Feature",
      "properties": {
        "id": "LKD_N_314",
        "name": null,
        "nuts3": "DEA35"
      },
      "geometry": {
        "type": "Point",
        "coordinates": [
          7.167653,
          51.887307
        ]
      }
    },
    {
      "type": "Feature",
      "properties": {
        "id": "LKD_N_315",
        "name": null,
        "nuts3": "DEA34"
      },
      "geometry": {
        "type": "Point",
        "coordinates": [
          6.934247,
          51.937961
        ]
      }
    },
    {
      "type": "Feature",
      "properties": {
        "id": "SEQ_12145_p",
        "name": null,
        "nuts3": "DEA58"
      },
      "geometry": {
        "type": "Point",
        "coordinates": [
          7.599163,
          51.280109
        ]
      }
    },
    {
      "type": "Feature",
      "properties": {
        "id": "SEQ_12151_p",
        "name": null,
        "nuts3": "DEF0C"
      },
      "geometry": {
        "type": "Point",
        "coordinates": [
          9.358175,
          54.455639
        ]
      }
    },
    {
      "type": "Feature",
      "properties": {
        "id": "SEQ_12154_p",
        "name": null,
        "nuts3": "DE94A"
      },
      "geometry": {
        "type": "Point",
        "coordinates": [
          7.98642,
          53.37857
        ]
      }
    },
    {
      "type": "Feature",
      "properties": {
        "id": "SEQ_12158_p",
        "name": null,
        "nuts3": "DE947"
      },
      "geometry": {
        "type": "Point",
        "coordinates": [
          7.326647,
          53.476068
        ]
      }
    },
    {
      "type": "Feature",
      "properties": {
        "id": "LKD_N_317",
        "name": null,
        "nuts3": "DE947"
      },
      "geometry": {
        "type": "Point",
        "coordinates": [
          7.275472,
          53.472621
        ]
      }
    },
    {
      "type": "Feature",
      "properties": {
        "id": "LKD_N_320",
        "name": null,
        "nuts3": "DE94E"
      },
      "geometry": {
        "type": "Point",
        "coordinates": [
          8.253166,
          52.402359
        ]
      }
    },
    {
      "type": "Feature",
      "properties": {
        "id": "SEQ_12188_p",
        "name": null,
        "nuts3": "DE929"
      },
      "geometry": {
        "type": "Point",
        "coordinates": [
          9.636881,
          52.368473
        ]
      }
    },
    {
      "type": "Feature",
      "properties": {
        "id": "SEQ_12204_p",
        "name": null,
        "nuts3": "DE94B"
      },
      "geometry": {
        "type": "Point",
        "coordinates": [
          7.266417,
          52.475518
        ]
      }
    },
    {
      "type": "Feature",
      "properties": {
        "id": "LKD_N_322",
        "name": null,
        "nuts3": "DE949"
      },
      "geometry": {
        "type": "Point",
        "coordinates": [
          7.346966,
          52.536251
        ]
      }
    },
    {
      "type": "Feature",
      "properties": {
        "id": "LKD_N_325",
        "name": null,
        "nuts3": "DED2D"
      },
      "geometry": {
        "type": "Point",
        "coordinates": [
          14.915376,
          51.136773
        ]
      }
    },
    {
      "type": "Feature",
      "properties": {
        "id": "LKD_N_327",
        "name": null,
        "nuts3": "DED2D"
      },
      "geometry": {
        "type": "Point",
        "coordinates": [
          14.82901,
          51.247342
        ]
      }
    },
    {
      "type": "Feature",
      "properties": {
        "id": "LKD_N_329",
        "name": null,
        "nuts3": "DED2D"
      },
      "geometry": {
        "type": "Point",
        "coordinates": [
          14.742041,
          51.32702
        ]
      }
    },
    {
      "type": "Feature",
      "properties": {
        "id": "LKD_N_330",
        "name": null,
        "nuts3": "DED2D"
      },
      "geometry": {
        "type": "Point",
        "coordinates": [
          14.673969,
          51.348382
        ]
      }
    },
    {
      "type": "Feature",
      "properties": {
        "id": "LKD_N_332",
        "name": null,
        "nuts3": "DED2D"
      },
      "geometry": {
        "type": "Point",
        "coordinates": [
          14.50612,
          51.408113
        ]
      }
    },
    {
      "type": "Feature",
      "properties": {
        "id": "LKD_N_333",
        "name": null,
        "nuts3": "DED2C"
      },
      "geometry": {
        "type": "Point",
        "coordinates": [
          14.342434,
          51.513552
        ]
      }
    },
    {
      "type": "Feature",
      "properties": {
        "id": "LKD_N_343",
        "name": null,
        "nuts3": "DED2C"
      },
      "geometry": {
        "type": "Point",
        "coordinates": [
          14.452442,
          51.157171
        ]
      }
    },
    {
      "type": "Feature",
      "properties": {
        "id": "LKD_N_347",
        "name": null,
        "nuts3": "DED2F"
      },
      "geometry": {
        "type": "Point",
        "coordinates": [
          13.714454,
          50.982527
        ]
      }
    },
    {
      "type": "Feature",
      "properties": {
        "id": "LKD_N_349",
        "name": null,
        "nuts3": "DED43"
      },
      "geometry": {
        "type": "Point",
        "coordinates": [
          13.372196,
          50.940448
        ]
      }
    },
    {
      "type": "Feature",
      "properties": {
        "id": "LKD_N_350",
        "name": null,
        "nuts3": "DED2F"
      },
      "geometry": {
        "type": "Point",
        "coordinates": [
          13.564967,
          51.01551
        ]
      }
    },
    {
      "type": "Feature",
      "properties": {
        "id": "LKD_N_352",
        "name": null,
        "nuts3": "DED2E"
      },
      "geometry": {
        "type": "Point",
        "coordinates": [
          13.583373,
          51.098074
        ]
      }
    },
    {
      "type": "Feature",
      "properties": {
        "id": "LKD_N_355",
        "name": null,
        "nuts3": "DED2E"
      },
      "geometry": {
        "type": "Point",
        "coordinates": [
          13.633745,
          51.209434
        ]
      }
    },
    {
      "type": "Feature",
      "properties": {
        "id": "SEQ_12241_p",
        "name": null,
        "nuts3": "DED2C"
      },
      "geometry": {
        "type": "Point",
        "coordinates": [
          14.016687,
          51.260045
        ]
      }
    },
    {
      "type": "Feature",
      "properties": {
        "id": "LKD_N_357",
        "name": null,
        "nuts3": "DED2C"
      },
      "geometry": {
        "type": "Point",
        "coordinates": [
          14.213377,
          51.448207
        ]
      }
    },
    {
      "type": "Feature",
      "properties": {
        "id": "LKD_N_360",
        "name": null,
        "nuts3": "DE40B"
      },
      "geometry": {
        "type": "Point",
        "coordinates": [
          13.875031,
          51.446938
        ]
      }
    },
    {
      "type": "Feature",
      "properties": {
        "id": "LKD_N_362",
        "name": null,
        "nuts3": "DED2E"
      },
      "geometry": {
        "type": "Point",
        "coordinates": [
          13.668603,
          51.306168
        ]
      }
    },
    {
      "type": "Feature",
      "properties": {
        "id": "LKD_N_363",
        "name": null,
        "nuts3": "DE40B"
      },
      "geometry": {
        "type": "Point",
        "coordinates": [
          13.71939,
          51.440133
        ]
      }
    },
    {
      "type": "Feature",
      "properties": {
        "id": "LKD_N_364",
        "name": null,
        "nuts3": "DED2E"
      },
      "geometry": {
        "type": "Point",
        "coordinates": [
          13.573869,
          51.301191
        ]
      }
    },
    {
      "type": "Feature",
      "properties": {
        "id": "LKD_N_366",
        "name": null,
        "nuts3": "DED2E"
      },
      "geometry": {
        "type": "Point",
        "coordinates": [
          13.552317,
          51.201486
        ]
      }
    },
    {
      "type": "Feature",
      "properties": {
        "id": "LKD_N_367",
        "name": null,
        "nuts3": "DED2E"
      },
      "geometry": {
        "type": "Point",
        "coordinates": [
          13.417378,
          51.205423
        ]
      }
    },
    {
      "type": "Feature",
      "properties": {
        "id": "LKD_N_368",
        "name": null,
        "nuts3": "DED2E"
      },
      "geometry": {
        "type": "Point",
        "coordinates": [
          13.3665,
          51.116263
        ]
      }
    },
    {
      "type": "Feature",
      "properties": {
        "id": "LKD_N_369",
        "name": null,
        "nuts3": "DED2E"
      },
      "geometry": {
        "type": "Point",
        "coordinates": [
          13.497255,
          51.167527
        ]
      }
    },
    {
      "type": "Feature",
      "properties": {
        "id": "LKD_N_371",
        "name": null,
        "nuts3": "DED43"
      },
      "geometry": {
        "type": "Point",
        "coordinates": [
          13.397486,
          50.860312
        ]
      }
    },
    {
      "type": "Feature",
      "properties": {
        "id": "LKD_N_372",
        "name": null,
        "nuts3": "DED43"
      },
      "geometry": {
        "type": "Point",
        "coordinates": [
          13.422124,
          50.797118
        ]
      }
    },
    {
      "type": "Feature",
      "properties": {
        "id": "LKD_N_378",
        "name": null,
        "nuts3": "DED43"
      },
      "geometry": {
        "type": "Point",
        "coordinates": [
          13.011443,
          50.934911
        ]
      }
    },
    {
      "type": "Feature",
      "properties": {
        "id": "LKD_N_379",
        "name": null,
        "nuts3": "DED43"
      },
      "geometry": {
        "type": "Point",
        "coordinates": [
          12.843025,
          50.997493
        ]
      }
    },
    {
      "type": "Feature",
      "properties": {
        "id": "LKD_N_381",
        "name": null,
        "nuts3": "DED45"
      },
      "geometry": {
        "type": "Point",
        "coordinates": [
          12.797049,
          50.858529
        ]
      }
    },
    {
      "type": "Feature",
      "properties": {
        "id": "LKD_N_383",
        "name": null,
        "nuts3": "DED45"
      },
      "geometry": {
        "type": "Point",
        "coordinates": [
          12.428781,
          50.743539
        ]
      }
    },
    {
      "type": "Feature",
      "properties": {
        "id": "LKD_N_385",
        "name": null,
        "nuts3": "DE407"
      },
      "geometry": {
        "type": "Point",
        "coordinates": [
          13.618312,
          51.441315
        ]
      }
    },
    {
      "type": "Feature",
      "properties": {
        "id": "LKD_N_386",
        "name": null,
        "nuts3": "DE407"
      },
      "geometry": {
        "type": "Point",
        "coordinates": [
          13.495961,
          51.443871
        ]
      }
    },
    {
      "type": "Feature",
      "properties": {
        "id": "SEQ_12292_p",
        "name": null,
        "nuts3": "DED53"
      },
      "geometry": {
        "type": "Point",
        "coordinates": [
          12.578414,
          51.395941
        ]
      }
    },
    {
      "type": "Feature",
      "properties": {
        "id": "LKD_N_387",
        "name": null,
        "nuts3": "DED51"
      },
      "geometry": {
        "type": "Point",
        "coordinates": [
          12.413429,
          51.404212
        ]
      }
    },
    {
      "type": "Feature",
      "properties": {
        "id": "LKD_N_393",
        "name": null,
        "nuts3": "DED52"
      },
      "geometry": {
        "type": "Point",
        "coordinates": [
          12.567273,
          51.122676
        ]
      }
    },
    {
      "type": "Feature",
      "properties": {
        "id": "LKD_N_394",
        "name": null,
        "nuts3": "DED52"
      },
      "geometry": {
        "type": "Point",
        "coordinates": [
          12.500754,
          51.156681
        ]
      }
    },
    {
      "type": "Feature",
      "properties": {
        "id": "LKD_N_397",
        "name": null,
        "nuts3": "DED53"
      },
      "geometry": {
        "type": "Point",
        "coordinates": [
          12.53595,
          51.373667
        ]
      }
    },
    {
      "type": "Feature",
      "properties": {
        "id": "LKD_N_399",
        "name": null,
        "nuts3": "DED53"
      },
      "geometry": {
        "type": "Point",
        "coordinates": [
          12.307301,
          51.422744
        ]
      }
    },
    {
      "type": "Feature",
      "properties": {
        "id": "LKD_N_400",
        "name": null,
        "nuts3": "DEE05"
      },
      "geometry": {
        "type": "Point",
        "coordinates": [
          12.165171,
          51.641756
        ]
      }
    },
    {
      "type": "Feature",
      "properties": {
        "id": "LKD_N_401",
        "name": null,
        "nuts3": "DED53"
      },
      "geometry": {
        "type": "Point",
        "coordinates": [
          12.228765,
          51.428414
        ]
      }
    },
    {
      "type": "Feature",
      "properties": {
        "id": "LKD_N_402",
        "name": null,
        "nuts3": "DEE0B"
      },
      "geometry": {
        "type": "Point",
        "coordinates": [
          12.139155,
          51.426809
        ]
      }
    },
    {
      "type": "Feature",
      "properties": {
        "id": "LKD_N_403",
        "name": null,
        "nuts3": "DED52"
      },
      "geometry": {
        "type": "Point",
        "coordinates": [
          12.345128,
          51.163214
        ]
      }
    },
    {
      "type": "Feature",
      "properties": {
        "id": "LKD_N_404",
        "name": null,
        "nuts3": "DED52"
      },
      "geometry": {
        "type": "Point",
        "coordinates": [
          12.382988,
          51.086309
        ]
      }
    },
    {
      "type": "Feature",
      "properties": {
        "id": "LKD_N_409",
        "name": null,
        "nuts3": "DEG0M"
      },
      "geometry": {
        "type": "Point",
        "coordinates": [
          12.292162,
          51.056515
        ]
      }
    },
    {
      "type": "Feature",
      "properties": {
        "id": "LKD_N_411",
        "name": null,
        "nuts3": "DEE08"
      },
      "geometry": {
        "type": "Point",
        "coordinates": [
          12.15392,
          51.256394
        ]
      }
    },
    {
      "type": "Feature",
      "properties": {
        "id": "LKD_N_412",
        "name": null,
        "nuts3": "DEE0B"
      },
      "geometry": {
        "type": "Point",
        "coordinates": [
          12.121935,
          51.32775
        ]
      }
    },
    {
      "type": "Feature",
      "properties": {
        "id": "LKD_N_418",
        "name": null,
        "nuts3": "DEE0B"
      },
      "geometry": {
        "type": "Point",
        "coordinates": [
          11.959392,
          51.276208
        ]
      }
    },
    {
      "type": "Feature",
      "properties": {
        "id": "LKD_N_419",
        "name": null,
        "nuts3": "DEE0B"
      },
      "geometry": {
        "type": "Point",
        "coordinates": [
          12.093783,
          51.284788
        ]
      }
    },
    {
      "type": "Feature",
      "properties": {
        "id": "SEQ_12343_p",
        "name": null,
        "nuts3": "DEG0D"
      },
      "geometry": {
        "type": "Point",
        "coordinates": [
          11.443119,
          51.202444
        ]
      }
    },
    {
      "type": "Feature",
      "properties": {
        "id": "LKD_N_421",
        "name": null,
        "nuts3": "DEG0A"
      },
      "geometry": {
        "type": "Point",
        "coordinates": [
          11.350947,
          51.358133
        ]
      }
    },
    {
      "type": "Feature",
      "properties": {
        "id": "SEQ_12345_p",
        "name": null,
        "nuts3": "DEG0D"
      },
      "geometry": {
        "type": "Point",
        "coordinates": [
          11.110515,
          51.298141
        ]
      }
    },
    {
      "type": "Feature",
      "properties": {
        "id": "SEQ_12346_p",
        "name": null,
        "nuts3": "DEG0A"
      },
      "geometry": {
        "type": "Point",
        "coordinates": [
          10.858282,
          51.266102
        ]
      }
    },
    {
      "type": "Feature",
      "properties": {
        "id": "INET_N_38",
        "name": null,
        "nuts3": "DEG09"
      },
      "geometry": {
        "type": "Point",
        "coordinates": [
          10.702464,
          51.219587
        ]
      }
    },
    {
      "type": "Feature",
      "properties": {
        "id": "LKD_N_423",
        "name": null,
        "nuts3": "DEE0B"
      },
      "geometry": {
        "type": "Point",
        "coordinates": [
          11.822144,
          51.405112
        ]
      }
    },
    {
      "type": "Feature",
      "properties": {
        "id": "LKD_N_424",
        "name": null,
        "nuts3": "DEE0B"
      },
      "geometry": {
        "type": "Point",
        "coordinates": [
          11.855839,
          51.44584
        ]
      }
    },
    {
      "type": "Feature",
      "properties": {
        "id": "LKD_N_426",
        "name": null,
        "nuts3": "DEE0B"
      },
      "geometry": {
        "type": "Point",
        "coordinates": [
          11.927317,
          51.324469
        ]
      }
    },
    {
      "type": "Feature",
      "properties": {
        "id": "LKD_N_427",
        "name": null,
        "nuts3": "DEE0B"
      },
      "geometry": {
        "type": "Point",
        "coordinates": [
          11.88956,
          51.365021
        ]
      }
    },
    {
      "type": "Feature",
      "properties": {
        "id": "LKD_N_428",
        "name": null,
        "nuts3": "DEE0B"
      },
      "geometry": {
        "type": "Point",
        "coordinates": [
          12.055337,
          51.411742
        ]
      }
    },
    {
      "type": "Feature",
      "properties": {
        "id": "LKD_N_430",
        "name": null,
        "nuts3": "DEE0C"
      },
      "geometry": {
        "type": "Point",
        "coordinates": [
          11.776226,
          51.751228
        ]
      }
    },
    {
      "type": "Feature",
      "properties": {
        "id": "LKD_N_432",
        "name": null,
        "nuts3": "DEE0C"
      },
      "geometry": {
        "type": "Point",
        "coordinates": [
          11.748399,
          51.80548
        ]
      }
    },
    {
      "type": "Feature",
      "properties": {
        "id": "LKD_N_433",
        "name": null,
        "nuts3": "DEE0C"
      },
      "geometry": {
        "type": "Point",
        "coordinates": [
          11.671917,
          51.855733
        ]
      }
    },
    {
      "type": "Feature",
      "properties": {
        "id": "LKD_N_434",
        "name": null,
        "nuts3": "DEE0C"
      },
      "geometry": {
        "type": "Point",
        "coordinates": [
          11.834654,
          51.724476
        ]
      }
    },
    {
      "type": "Feature",
      "properties": {
        "id": "LKD_N_437",
        "name": null,
        "nuts3": "DEE0C"
      },
      "geometry": {
        "type": "Point",
        "coordinates": [
          11.618627,
          51.890894
        ]
      }
    },
    {
      "type": "Feature",
      "properties": {
        "id": "LKD_N_438",
        "name": null,
        "nuts3": "DEE03"
      },
      "geometry": {
        "type": "Point",
        "coordinates": [
          11.543642,
          52.089139
        ]
      }
    },
    {
      "type": "Feature",
      "properties": {
        "id": "LKD_N_440",
        "name": null,
        "nuts3": "DEE0C"
      },
      "geometry": {
        "type": "Point",
        "coordinates": [
          11.667126,
          51.926095
        ]
      }
    },
    {
      "type": "Feature",
      "properties": {
        "id": "INET_N_141",
        "name": null,
        "nuts3": "DEE0C"
      },
      "geometry": {
        "type": "Point",
        "coordinates": [
          11.8766,
          51.9832
        ]
      }
    },
    {
      "type": "Feature",
      "properties": {
        "id": "LKD_N_442",
        "name": null,
        "nuts3": "DEE0C"
      },
      "geometry": {
        "type": "Point",
        "coordinates": [
          11.781378,
          51.875157
        ]
      }
    },
    {
      "type": "Feature",
      "properties": {
        "id": "LKD_N_443",
        "name": null,
        "nuts3": "DEE07"
      },
      "geometry": {
        "type": "Point",
        "coordinates": [
          11.585631,
          52.023669
        ]
      }
    },
    {
      "type": "Feature",
      "properties": {
        "id": "LKD_N_445",
        "name": null,
        "nuts3": "DEE07"
      },
      "geometry": {
        "type": "Point",
        "coordinates": [
          11.514391,
          52.14787
        ]
      }
    },
    {
      "type": "Feature",
      "properties": {
        "id": "LKD_N_446",
        "name": null,
        "nuts3": "DEE07"
      },
      "geometry": {
        "type": "Point",
        "coordinates": [
          11.467395,
          52.207464
        ]
      }
    },
    {
      "type": "Feature",
      "properties": {
        "id": "LKD_N_448",
        "name": null,
        "nuts3": "DEE07"
      },
      "geometry": {
        "type": "Point",
        "coordinates": [
          11.615692,
          52.209259
        ]
      }
    },
    {
      "type": "Feature",
      "properties": {
        "id": "LKD_N_449",
        "name": null,
        "nuts3": "DEE07"
      },
      "geometry": {
        "type": "Point",
        "coordinates": [
          11.665631,
          52.260256
        ]
      }
    },
    {
      "type": "Feature",
      "properties": {
        "id": "LKD_N_452",
        "name": null,
        "nuts3": "DEE07"
      },
      "geometry": {
        "type": "Point",
        "coordinates": [
          11.392871,
          52.266898
        ]
      }
    },
    {
      "type": "Feature",
      "properties": {
        "id": "LKD_N_457",
        "name": null,
        "nuts3": "DEE07"
      },
      "geometry": {
        "type": "Point",
        "coordinates": [
          11.365749,
          52.347906
        ]
      }
    },
    {
      "type": "Feature",
      "properties": {
        "id": "LKD_N_458",
        "name": null,
        "nuts3": "DEE04"
      },
      "geometry": {
        "type": "Point",
        "coordinates": [
          11.254514,
          52.5244
        ]
      }
    },
    {
      "type": "Feature",
      "properties": {
        "id": "LKD_N_459",
        "name": null,
        "nuts3": "DEE04"
      },
      "geometry": {
        "type": "Point",
        "coordinates": [
          11.177917,
          52.680084
        ]
      }
    },
    {
      "type": "Feature",
      "properties": {
        "id": "LKD_N_460",
        "name": null,
        "nuts3": "DEE04"
      },
      "geometry": {
        "type": "Point",
        "coordinates": [
          11.124105,
          52.760641
        ]
      }
    },
    {
      "type": "Feature",
      "properties": {
        "id": "LKD_N_463",
        "name": null,
        "nuts3": "DEE04"
      },
      "geometry": {
        "type": "Point",
        "coordinates": [
          11.21891,
          52.820686
        ]
      }
    },
    {
      "type": "Feature",
      "properties": {
        "id": "SEQ_12426_p",
        "name": null,
        "nuts3": "DEE0D"
      },
      "geometry": {
        "type": "Point",
        "coordinates": [
          11.590301,
          52.657963
        ]
      }
    },
    {
      "type": "Feature",
      "properties": {
        "id": "LKD_N_464",
        "name": null,
        "nuts3": "DEE0D"
      },
      "geometry": {
        "type": "Point",
        "coordinates": [
          11.771459,
          52.603718
        ]
      }
    },
    {
      "type": "Feature",
      "properties": {
        "id": "LKD_N_467",
        "name": null,
        "nuts3": "DE40F"
      },
      "geometry": {
        "type": "Point",
        "coordinates": [
          11.714862,
          53.159059
        ]
      }
    },
    {
      "type": "Feature",
      "properties": {
        "id": "LKD_N_468",
        "name": null,
        "nuts3": "DEE0D"
      },
      "geometry": {
        "type": "Point",
        "coordinates": [
          11.73955,
          52.768059
        ]
      }
    },
    {
      "type": "Feature",
      "properties": {
        "id": "LKD_N_469",
        "name": null,
        "nuts3": "DE40D"
      },
      "geometry": {
        "type": "Point",
        "coordinates": [
          12.506152,
          52.769991
        ]
      }
    },
    {
      "type": "Feature",
      "properties": {
        "id": "LKD_N_471",
        "name": null,
        "nuts3": "DE40F"
      },
      "geometry": {
        "type": "Point",
        "coordinates": [
          12.170588,
          53.139099
        ]
      }
    },
    {
      "type": "Feature",
      "properties": {
        "id": "LKD_N_472",
        "name": null,
        "nuts3": "DE80O"
      },
      "geometry": {
        "type": "Point",
        "coordinates": [
          11.77411,
          53.345656
        ]
      }
    },
    {
      "type": "Feature",
      "properties": {
        "id": "SEQ_12448_p",
        "name": null,
        "nuts3": "DE80O"
      },
      "geometry": {
        "type": "Point",
        "coordinates": [
          11.393438,
          53.366413
        ]
      }
    },
    {
      "type": "Feature",
      "properties": {
        "id": "LKD_N_476",
        "name": null,
        "nuts3": "DE80O"
      },
      "geometry": {
        "type": "Point",
        "coordinates": [
          11.363147,
          53.560526
        ]
      }
    },
    {
      "type": "Feature",
      "properties": {
        "id": "LKD_N_480",
        "name": null,
        "nuts3": "DE80K"
      },
      "geometry": {
        "type": "Point",
        "coordinates": [
          12.016361,
          54.120956
        ]
      }
    },
    {
      "type": "Feature",
      "properties": {
        "id": "LKD_N_481",
        "name": null,
        "nuts3": "DE80K"
      },
      "geometry": {
        "type": "Point",
        "coordinates": [
          12.001123,
          53.907065
        ]
      }
    },
    {
      "type": "Feature",
      "properties": {
        "id": "LKD_N_483",
        "name": null,
        "nuts3": "DE803"
      },
      "geometry": {
        "type": "Point",
        "coordinates": [
          12.101503,
          54.120508
        ]
      }
    },
    {
      "type": "Feature",
      "properties": {
        "id": "LKD_N_484",
        "name": null,
        "nuts3": "DE80K"
      },
      "geometry": {
        "type": "Point",
        "coordinates": [
          12.237856,
          54.10122
        ]
      }
    },
    {
      "type": "Feature",
      "properties": {
        "id": "LKD_N_487",
        "name": null,
        "nuts3": "DE80K"
      },
      "geometry": {
        "type": "Point",
        "coordinates": [
          12.306071,
          53.83176
        ]
      }
    },
    {
      "type": "Feature",
      "properties": {
        "id": "LKD_N_489",
        "name": null,
        "nuts3": "DE80L"
      },
      "geometry": {
        "type": "Point",
        "coordinates": [
          13.173215,
          54.247802
        ]
      }
    },
    {
      "type": "Feature",
      "properties": {
        "id": "SEQ_12471_p",
        "name": null,
        "nuts3": "DE80L"
      },
      "geometry": {
        "type": "Point",
        "coordinates": [
          13.045857,
          54.049963
        ]
      }
    },
    {
      "type": "Feature",
      "properties": {
        "id": "LKD_N_490",
        "name": null,
        "nuts3": "DE80J"
      },
      "geometry": {
        "type": "Point",
        "coordinates": [
          12.88526,
          53.915766
        ]
      }
    },
    {
      "type": "Feature",
      "properties": {
        "id": "LKD_N_491",
        "name": null,
        "nuts3": "DE80N"
      },
      "geometry": {
        "type": "Point",
        "coordinates": [
          13.308192,
          54.050548
        ]
      }
    },
    {
      "type": "Feature",
      "properties": {
        "id": "LKD_N_492",
        "name": null,
        "nuts3": "DE40F"
      },
      "geometry": {
        "type": "Point",
        "coordinates": [
          12.259876,
          53.322562
        ]
      }
    },
    {
      "type": "Feature",
      "properties": {
        "id": "SEQ_12486_p",
        "name": null,
        "nuts3": "DE80J"
      },
      "geometry": {
        "type": "Point",
        "coordinates": [
          13.188612,
          53.588385
        ]
      }
    },
    {
      "type": "Feature",
      "properties": {
        "id": "LKD_N_493",
        "name": null,
        "nuts3": "DE80J"
      },
      "geometry": {
        "type": "Point",
        "coordinates": [
          13.387907,
          53.530853
        ]
      }
    },
    {
      "type": "Feature",
      "properties": {
        "id": "LKD_N_496",
        "name": null,
        "nuts3": "DE80N"
      },
      "geometry": {
        "type": "Point",
        "coordinates": [
          13.457005,
          53.885358
        ]
      }
    },
    {
      "type": "Feature",
      "properties": {
        "id": "SEQ_12491_p",
        "name": null,
        "nuts3": "DE80N"
      },
      "geometry": {
        "type": "Point",
        "coordinates": [
          13.470439,
          54.077018
        ]
      }
    },
    {
      "type": "Feature",
      "properties": {
        "id": "LKD_N_498",
        "name": null,
        "nuts3": "DE80N"
      },
      "geometry": {
        "type": "Point",
        "coordinates": [
          13.673705,
          53.97482
        ]
      }
    },
    {
      "type": "Feature",
      "properties": {
        "id": "LKD_N_499",
        "name": null,
        "nuts3": "DE80N"
      },
      "geometry": {
        "type": "Point",
        "coordinates": [
          13.97656,
          54.065147
        ]
      }
    },
    {
      "type": "Feature",
      "properties": {
        "id": "LKD_N_508",
        "name": null,
        "nuts3": "DE405"
      },
      "geometry": {
        "type": "Point",
        "coordinates": [
          13.528933,
          52.714633
        ]
      }
    },
    {
      "type": "Feature",
      "properties": {
        "id": "LKD_N_509",
        "name": null,
        "nuts3": "DE405"
      },
      "geometry": {
        "type": "Point",
        "coordinates": [
          13.672432,
          52.655167
        ]
      }
    },
    {
      "type": "Feature",
      "properties": {
        "id": "LKD_N_512",
        "name": null,
        "nuts3": "DE405"
      },
      "geometry": {
        "type": "Point",
        "coordinates": [
          13.608756,
          52.6136
        ]
      }
    },
    {
      "type": "Feature",
      "properties": {
        "id": "LKD_N_515",
        "name": null,
        "nuts3": "DE409"
      },
      "geometry": {
        "type": "Point",
        "coordinates": [
          13.78227,
          52.487676
        ]
      }
    },
    {
      "type": "Feature",
      "properties": {
        "id": "LKD_N_516",
        "name": null,
        "nuts3": "DE40C"
      },
      "geometry": {
        "type": "Point",
        "coordinates": [
          13.792439,
          52.422729
        ]
      }
    },
    {
      "type": "Feature",
      "properties": {
        "id": "LKD_N_517",
        "name": null,
        "nuts3": "DE40C"
      },
      "geometry": {
        "type": "Point",
        "coordinates": [
          13.761442,
          52.332708
        ]
      }
    },
    {
      "type": "Feature",
      "properties": {
        "id": "SEQ_12522_p",
        "name": null,
        "nuts3": "DE40C"
      },
      "geometry": {
        "type": "Point",
        "coordinates": [
          14.274451,
          52.212412
        ]
      }
    },
    {
      "type": "Feature",
      "properties": {
        "id": "LKD_N_518",
        "name": null,
        "nuts3": "DE406"
      },
      "geometry": {
        "type": "Point",
        "coordinates": [
          13.651263,
          52.197086
        ]
      }
    },
    {
      "type": "Feature",
      "properties": {
        "id": "LKD_N_521",
        "name": null,
        "nuts3": "DE406"
      },
      "geometry": {
        "type": "Point",
        "coordinates": [
          13.581903,
          52.314875
        ]
      }
    },
    {
      "type": "Feature",
      "properties": {
        "id": "LKD_N_524",
        "name": null,
        "nuts3": "DE40H"
      },
      "geometry": {
        "type": "Point",
        "coordinates": [
          13.420145,
          52.365262
        ]
      }
    },
    {
      "type": "Feature",
      "properties": {
        "id": "LKD_N_525",
        "name": null,
        "nuts3": "DE40H"
      },
      "geometry": {
        "type": "Point",
        "coordinates": [
          13.328509,
          52.39938
        ]
      }
    },
    {
      "type": "Feature",
      "properties": {
        "id": "SEQ_12531_p",
        "name": null,
        "nuts3": "DE40H"
      },
      "geometry": {
        "type": "Point",
        "coordinates": [
          13.370351,
          52.238076
        ]
      }
    },
    {
      "type": "Feature",
      "properties": {
        "id": "LKD_N_527",
        "name": null,
        "nuts3": "DE40E"
      },
      "geometry": {
        "type": "Point",
        "coordinates": [
          12.90905,
          52.178296
        ]
      }
    },
    {
      "type": "Feature",
      "properties": {
        "id": "LKD_N_530",
        "name": null,
        "nuts3": "DE404"
      },
      "geometry": {
        "type": "Point",
        "coordinates": [
          13.034067,
          52.366657
        ]
      }
    },
    {
      "type": "Feature",
      "properties": {
        "id": "LKD_N_531",
        "name": null,
        "nuts3": "DE40E"
      },
      "geometry": {
        "type": "Point",
        "coordinates": [
          12.915851,
          52.29817
        ]
      }
    },
    {
      "type": "Feature",
      "properties": {
        "id": "LKD_N_532",
        "name": null,
        "nuts3": "DE40E"
      },
      "geometry": {
        "type": "Point",
        "coordinates": [
          12.843603,
          52.388922
        ]
      }
    },
    {
      "type": "Feature",
      "properties": {
        "id": "LKD_N_535",
        "name": null,
        "nuts3": "DE408"
      },
      "geometry": {
        "type": "Point",
        "coordinates": [
          12.875172,
          52.494354
        ]
      }
    },
    {
      "type": "Feature",
      "properties": {
        "id": "LKD_N_538",
        "name": null,
        "nuts3": "DE40E"
      },
      "geometry": {
        "type": "Point",
        "coordinates": [
          12.453891,
          52.127627
        ]
      }
    },
    {
      "type": "Feature",
      "properties": {
        "id": "LKD_N_539",
        "name": null,
        "nuts3": "DE401"
      },
      "geometry": {
        "type": "Point",
        "coordinates": [
          12.397341,
          52.401657
        ]
      }
    },
    {
      "type": "Feature",
      "properties": {
        "id": "LKD_N_540",
        "name": null,
        "nuts3": "DEE0E"
      },
      "geometry": {
        "type": "Point",
        "coordinates": [
          12.672305,
          51.956509
        ]
      }
    },
    {
      "type": "Feature",
      "properties": {
        "id": "LKD_N_541",
        "name": null,
        "nuts3": "DEE0E"
      },
      "geometry": {
        "type": "Point",
        "coordinates": [
          12.623865,
          51.907145
        ]
      }
    },
    {
      "type": "Feature",
      "properties": {
        "id": "LKD_N_542",
        "name": null,
        "nuts3": "DEE0E"
      },
      "geometry": {
        "type": "Point",
        "coordinates": [
          12.507509,
          51.900896
        ]
      }
    },
    {
      "type": "Feature",
      "properties": {
        "id": "LKD_N_546",
        "name": null,
        "nuts3": "DE40B"
      },
      "geometry": {
        "type": "Point",
        "coordinates": [
          13.665511,
          51.512435
        ]
      }
    },
    {
      "type": "Feature",
      "properties": {
        "id": "LKD_N_547",
        "name": null,
        "nuts3": "DE407"
      },
      "geometry": {
        "type": "Point",
        "coordinates": [
          13.633302,
          51.63016
        ]
      }
    },
    {
      "type": "Feature",
      "properties": {
        "id": "LKD_N_549",
        "name": null,
        "nuts3": "DE406"
      },
      "geometry": {
        "type": "Point",
        "coordinates": [
          13.623088,
          51.92774
        ]
      }
    },
    {
      "type": "Feature",
      "properties": {
        "id": "LKD_N_555",
        "name": null,
        "nuts3": "DE407"
      },
      "geometry": {
        "type": "Point",
        "coordinates": [
          13.618664,
          51.375788
        ]
      }
    },
    {
      "type": "Feature",
      "properties": {
        "id": "INET_N_423",
        "name": null,
        "nuts3": "DED21"
      },
      "geometry": {
        "type": "Point",
        "coordinates": [
          13.7086,
          51.0421
        ]
      }
    },
    {
      "type": "Feature",
      "properties": {
        "id": "LKD_N_568",
        "name": null,
        "nuts3": "DEE05"
      },
      "geometry": {
        "type": "Point",
        "coordinates": [
          12.26387,
          51.656913
        ]
      }
    },
    {
      "type": "Feature",
      "properties": {
        "id": "LKD_N_570",
        "name": null,
        "nuts3": "DEE05"
      },
      "geometry": {
        "type": "Point",
        "coordinates": [
          12.022266,
          51.776226
        ]
      }
    },
    {
      "type": "Feature",
      "properties": {
        "id": "LKD_N_572",
        "name": null,
        "nuts3": "DEE0E"
      },
      "geometry": {
        "type": "Point",
        "coordinates": [
          12.469892,
          51.856368
        ]
      }
    },
    {
      "type": "Feature",
      "properties": {
        "id": "LKD_N_574",
        "name": null,
        "nuts3": "DEE02"
      },
      "geometry": {
        "type": "Point",
        "coordinates": [
          11.967801,
          51.468299
        ]
      }
    },
    {
      "type": "Feature",
      "properties": {
        "id": "SEQ_12642_p",
        "name": null,
        "nuts3": "DE258"
      },
      "geometry": {
        "type": "Point",
        "coordinates": [
          10.871405,
          49.529315
        ]
      }
    },
    {
      "type": "Feature",
      "properties": {
        "id": "SEQ_12645_p",
        "name": null,
        "nuts3": "DE25A"
      },
      "geometry": {
        "type": "Point",
        "coordinates": [
          10.453195,
          49.682927
        ]
      }
    },
    {
      "type": "Feature",
      "properties": {
        "id": "SEQ_12651_p",
        "name": null,
        "nuts3": "DE716"
      },
      "geometry": {
        "type": "Point",
        "coordinates": [
          8.91136,
          49.78904
        ]
      }
    },
    {
      "type": "Feature",
      "properties": {
        "id": "SEQ_12652_p",
        "name": null,
        "nuts3": "DE716"
      },
      "geometry": {
        "type": "Point",
        "coordinates": [
          8.69062,
          49.79084
        ]
      }
    },
    {
      "type": "Feature",
      "properties": {
        "id": "LKD_N_581",
        "name": null,
        "nuts3": "DE148"
      },
      "geometry": {
        "type": "Point",
        "coordinates": [
          9.559552,
          47.966708
        ]
      }
    },
    {
      "type": "Feature",
      "properties": {
        "id": "LKD_N_584",
        "name": null,
        "nuts3": "DE145"
      },
      "geometry": {
        "type": "Point",
        "coordinates": [
          9.778464,
          48.360497
        ]
      }
    },
    {
      "type": "Feature",
      "properties": {
        "id": "LKD_N_586",
        "name": null,
        "nuts3": "DE145"
      },
      "geometry": {
        "type": "Point",
        "coordinates": [
          9.883534,
          48.525975
        ]
      }
    },
    {
      "type": "Feature",
      "properties": {
        "id": "LKD_N_588",
        "name": null,
        "nuts3": "DE145"
      },
      "geometry": {
        "type": "Point",
        "coordinates": [
          10.045126,
          48.460807
        ]
      }
    },
    {
      "type": "Feature",
      "properties": {
        "id": "SEQ_12665_p",
        "name": null,
        "nuts3": "DE279"
      },
      "geometry": {
        "type": "Point",
        "coordinates": [
          10.188447,
          48.206022
        ]
      }
    },
    {
      "type": "Feature",
      "properties": {
        "id": "LKD_N_591",
        "name": null,
        "nuts3": "DE148"
      },
      "geometry": {
        "type": "Point",
        "coordinates": [
          9.521789,
          47.884961
        ]
      }
    },
    {
      "type": "Feature",
      "properties": {
        "id": "INET_N_556",
        "name": null,
        "nuts3": "DE148"
      },
      "geometry": {
        "type": "Point",
        "coordinates": [
          9.414961,
          47.851208
        ]
      }
    },
    {
      "type": "Feature",
      "properties": {
        "id": "LKD_N_593",
        "name": null,
        "nuts3": "DE149"
      },
      "geometry": {
        "type": "Point",
        "coordinates": [
          9.386995,
          47.929933
        ]
      }
    },
    {
      "type": "Feature",
      "properties": {
        "id": "LKD_N_595",
        "name": null,
        "nuts3": "DE138"
      },
      "geometry": {
        "type": "Point",
        "coordinates": [
          8.994275,
          47.847184
        ]
      }
    },
    {
      "type": "Feature",
      "properties": {
        "id": "LKD_N_604",
        "name": null,
        "nuts3": "DE11C"
      },
      "geometry": {
        "type": "Point",
        "coordinates": [
          10.16835,
          48.607475
        ]
      }
    },
    {
      "type": "Feature",
      "properties": {
        "id": "LKD_N_607",
        "name": null,
        "nuts3": "DE11C"
      },
      "geometry": {
        "type": "Point",
        "coordinates": [
          10.015376,
          48.684655
        ]
      }
    },
    {
      "type": "Feature",
      "properties": {
        "id": "LKD_N_609",
        "name": null,
        "nuts3": "DE11D"
      },
      "geometry": {
        "type": "Point",
        "coordinates": [
          10.039197,
          48.833332
        ]
      }
    },
    {
      "type": "Feature",
      "properties": {
        "id": "LKD_N_613",
        "name": null,
        "nuts3": "DE11A"
      },
      "geometry": {
        "type": "Point",
        "coordinates": [
          9.795259,
          49.11949
        ]
      }
    },
    {
      "type": "Feature",
      "properties": {
        "id": "LKD_N_620",
        "name": null,
        "nuts3": "DE118"
      },
      "geometry": {
        "type": "Point",
        "coordinates": [
          9.08764,
          49.161873
        ]
      }
    },
    {
      "type": "Feature",
      "properties": {
        "id": "LKD_N_625",
        "name": null,
        "nuts3": "DE123"
      },
      "geometry": {
        "type": "Point",
        "coordinates": [
          8.532491,
          49.197099
        ]
      }
    },
    {
      "type": "Feature",
      "properties": {
        "id": "LKD_N_626",
        "name": null,
        "nuts3": "DE128"
      },
      "geometry": {
        "type": "Point",
        "coordinates": [
          8.57264,
          49.276384
        ]
      }
    },
    {
      "type": "Feature",
      "properties": {
        "id": "LKD_N_627",
        "name": null,
        "nuts3": "DE128"
      },
      "geometry": {
        "type": "Point",
        "coordinates": [
          8.57,
          49.330792
        ]
      }
    },
    {
      "type": "Feature",
      "properties": {
        "id": "LKD_N_628",
        "name": null,
        "nuts3": "DE128"
      },
      "geometry": {
        "type": "Point",
        "coordinates": [
          8.554765,
          49.397773
        ]
      }
    },
    {
      "type": "Feature",
      "properties": {
        "id": "LKD_N_631",
        "name": null,
        "nuts3": "DE123"
      },
      "geometry": {
        "type": "Point",
        "coordinates": [
          8.411373,
          48.941724
        ]
      }
    },
    {
      "type": "Feature",
      "properties": {
        "id": "LKD_N_635",
        "name": null,
        "nuts3": "DE134"
      },
      "geometry": {
        "type": "Point",
        "coordinates": [
          7.924561,
          48.46636
        ]
      }
    },
    {
      "type": "Feature",
      "properties": {
        "id": "LKD_N_641",
        "name": null,
        "nuts3": "DE136"
      },
      "geometry": {
        "type": "Point",
        "coordinates": [
          8.591739,
          48.071164
        ]
      }
    },
    {
      "type": "Feature",
      "properties": {
        "id": "LKD_N_646",
        "name": null,
        "nuts3": "DE142"
      },
      "geometry": {
        "type": "Point",
        "coordinates": [
          9.137394,
          48.495637
        ]
      }
    },
    {
      "type": "Feature",
      "properties": {
        "id": "LKD_N_648",
        "name": null,
        "nuts3": "DE113"
      },
      "geometry": {
        "type": "Point",
        "coordinates": [
          9.408071,
          48.639647
        ]
      }
    },
    {
      "type": "Feature",
      "properties": {
        "id": "LKD_N_650",
        "name": null,
        "nuts3": "DE114"
      },
      "geometry": {
        "type": "Point",
        "coordinates": [
          9.639561,
          48.659186
        ]
      }
    },
    {
      "type": "Feature",
      "properties": {
        "id": "LKD_N_651",
        "name": null,
        "nuts3": "DE114"
      },
      "geometry": {
        "type": "Point",
        "coordinates": [
          9.791831,
          48.562593
        ]
      }
    },
    {
      "type": "Feature",
      "properties": {
        "id": "LKD_N_657",
        "name": null,
        "nuts3": "DE12B"
      },
      "geometry": {
        "type": "Point",
        "coordinates": [
          8.648187,
          48.95568
        ]
      }
    },
    {
      "type": "Feature",
      "properties": {
        "id": "LKD_N_659",
        "name": null,
        "nuts3": "DE129"
      },
      "geometry": {
        "type": "Point",
        "coordinates": [
          8.735758,
          48.897655
        ]
      }
    },
    {
      "type": "Feature",
      "properties": {
        "id": "SEQ_12747_p",
        "name": null,
        "nuts3": "DE112"
      },
      "geometry": {
        "type": "Point",
        "coordinates": [
          8.977629,
          48.783847
        ]
      }
    },
    {
      "type": "Feature",
      "properties": {
        "id": "SEQ_12748_p",
        "name": null,
        "nuts3": "DE111"
      },
      "geometry": {
        "type": "Point",
        "coordinates": [
          9.146297,
          48.708005
        ]
      }
    },
    {
      "type": "Feature",
      "properties": {
        "id": "SEQ_12752_p",
        "name": null,
        "nuts3": "DE131"
      },
      "geometry": {
        "type": "Point",
        "coordinates": [
          7.808433,
          47.986199
        ]
      }
    },
    {
      "type": "Feature",
      "properties": {
        "id": "LKD_N_662",
        "name": null,
        "nuts3": "DE139"
      },
      "geometry": {
        "type": "Point",
        "coordinates": [
          7.673591,
          47.56344
        ]
      }
    },
    {
      "type": "Feature",
      "properties": {
        "id": "SEQ_12767_p",
        "name": null,
        "nuts3": "NL226"
      },
      "geometry": {
        "type": "Point",
        "coordinates": [
          5.722341,
          51.845368
        ]
      }
    },
    {
      "type": "Feature",
      "properties": {
        "id": "LKD_N_680",
        "name": null,
        "nuts3": "DE94B"
      },
      "geometry": {
        "type": "Point",
        "coordinates": [
          7.240146,
          52.356422
        ]
      }
    },
    {
      "type": "Feature",
      "properties": {
        "id": "LKD_N_681",
        "name": null,
        "nuts3": "DE94B"
      },
      "geometry": {
        "type": "Point",
        "coordinates": [
          7.061231,
          52.546842
        ]
      }
    },
    {
      "type": "Feature",
      "properties": {
        "id": "LKD_N_683",
        "name": null,
        "nuts3": "DE949"
      },
      "geometry": {
        "type": "Point",
        "coordinates": [
          7.424095,
          52.673925
        ]
      }
    },
    {
      "type": "Feature",
      "properties": {
        "id": "LKD_N_685",
        "name": null,
        "nuts3": "DE949"
      },
      "geometry": {
        "type": "Point",
        "coordinates": [
          7.427536,
          52.575989
        ]
      }
    },
    {
      "type": "Feature",
      "properties": {
        "id": "LKD_N_687",
        "name": null,
        "nuts3": "DE94E"
      },
      "geometry": {
        "type": "Point",
        "coordinates": [
          7.845754,
          52.597295
        ]
      }
    },
    {
      "type": "Feature",
      "properties": {
        "id": "LKD_N_688",
        "name": null,
        "nuts3": "DE94E"
      },
      "geometry": {
        "type": "Point",
        "coordinates": [
          7.862424,
          52.706142
        ]
      }
    },
    {
      "type": "Feature",
      "properties": {
        "id": "NutsCons_28",
        "name": null,
        "nuts3": "DE922"
      },
      "geometry": {
        "type": "Point",
        "coordinates": [
          8.937017,
          52.754997
        ]
      }
    },
    {
      "type": "Feature",
      "properties": {
        "id": "LKD_N_694",
        "name": null,
        "nuts3": "DE94E"
      },
      "geometry": {
        "type": "Point",
        "coordinates": [
          8.198966,
          52.349473
        ]
      }
    },
    {
      "type": "Feature",
      "properties": {
        "id": "LKD_N_696",
        "name": null,
        "nuts3": "DE929"
      },
      "geometry": {
        "type": "Point",
        "coordinates": [
          9.708357,
          52.211165
        ]
      }
    },
    {
      "type": "Feature",
      "properties": {
        "id": "LKD_N_697",
        "name": null,
        "nuts3": "DE925"
      },
      "geometry": {
        "type": "Point",
        "coordinates": [
          9.961158,
          52.142579
        ]
      }
    },
    {
      "type": "Feature",
      "properties": {
        "id": "SEQ_12810_p",
        "name": null,
        "nuts3": "DE925"
      },
      "geometry": {
        "type": "Point",
        "coordinates": [
          9.95544,
          51.96255
        ]
      }
    },
    {
      "type": "Feature",
      "properties": {
        "id": "INET_N_595",
        "name": null,
        "nuts3": "DE91C"
      },
      "geometry": {
        "type": "Point",
        "coordinates": [
          9.9337,
          51.5534
        ]
      }
    },
    {
      "type": "Feature",
      "properties": {
        "id": "LKD_N_700",
        "name": null,
        "nuts3": "DE927"
      },
      "geometry": {
        "type": "Point",
        "coordinates": [
          8.933875,
          52.56853
        ]
      }
    },
    {
      "type": "Feature",
      "properties": {
        "id": "LKD_N_704",
        "name": null,
        "nuts3": "DE927"
      },
      "geometry": {
        "type": "Point",
        "coordinates": [
          8.827042,
          52.526007
        ]
      }
    },
    {
      "type": "Feature",
      "properties": {
        "id": "LKD_N_705",
        "name": null,
        "nuts3": "DE922"
      },
      "geometry": {
        "type": "Point",
        "coordinates": [
          8.806535,
          52.57789
        ]
      }
    },
    {
      "type": "Feature",
      "properties": {
        "id": "LKD_N_72",
        "name": null,
        "nuts3": "DE21K"
      },
      "geometry": {
        "type": "Point",
        "coordinates": [
          12.131762,
          47.607411
        ]
      }
    },
    {
      "type": "Feature",
      "properties": {
        "id": "NO_N_17",
        "name": null,
        "nuts3": null
      },
      "geometry": {
        "type": "Point",
        "coordinates": [
          2.471066,
          58.188165
        ]
      }
    },
    {
      "type": "Feature",
      "properties": {
        "id": "N_55_NS_LMGN",
        "name": null,
        "nuts3": null
      },
      "geometry": {
        "type": "Point",
        "coordinates": [
          3.82979,
          60.47385
        ]
      }
    },
    {
      "type": "Feature",
      "properties": {
        "id": "NO_N_29",
        "name": null,
        "nuts3": "NO0A2"
      },
      "geometry": {
        "type": "Point",
        "coordinates": [
          4.843756,
          60.547835
        ]
      }
    },
    {
      "type": "Feature",
      "properties": {
        "id": "NO_N_18",
        "name": null,
        "nuts3": null
      },
      "geometry": {
        "type": "Point",
        "coordinates": [
          1.908907,
          58.36795
        ]
      }
    },
    {
      "type": "Feature",
      "properties": {
        "id": "SEQ_12995_p",
        "name": null,
        "nuts3": null
      },
      "geometry": {
        "type": "Point",
        "coordinates": [
          7.288363,
          53.8464
        ]
      }
    },
    {
      "type": "Feature",
      "properties": {
        "id": "SEQ_13056_p",
        "name": null,
        "nuts3": null
      },
      "geometry": {
        "type": "Point",
        "coordinates": [
          2.520644,
          61.185196
        ]
      }
    },
    {
      "type": "Feature",
      "properties": {
        "id": "SEQ_13036_p",
        "name": null,
        "nuts3": null
      },
      "geometry": {
        "type": "Point",
        "coordinates": [
          7.201166,
          65.976252
        ]
      }
    },
    {
      "type": "Feature",
      "properties": {
        "id": "SEQ_13038_p",
        "name": null,
        "nuts3": null
      },
      "geometry": {
        "type": "Point",
        "coordinates": [
          7.202139,
          65.695772
        ]
      }
    },
    {
      "type": "Feature",
      "properties": {
        "id": "SEQ_13045_p",
        "name": null,
        "nuts3": null
      },
      "geometry": {
        "type": "Point",
        "coordinates": [
          7.261128,
          64.376278
        ]
      }
    },
    {
      "type": "Feature",
      "properties": {
        "id": "SEQ_13046_p",
        "name": null,
        "nuts3": null
      },
      "geometry": {
        "type": "Point",
        "coordinates": [
          7.259872,
          64.317976
        ]
      }
    },
    {
      "type": "Feature",
      "properties": {
        "id": "N_37_NS_LMGN",
        "name": null,
        "nuts3": null
      },
      "geometry": {
        "type": "Point",
        "coordinates": [
          3.17482,
          61.35048
        ]
      }
    },
    {
      "type": "Feature",
      "properties": {
        "id": "SEQ_13089_p",
        "name": null,
        "nuts3": null
      },
      "geometry": {
        "type": "Point",
        "coordinates": [
          0.122496,
          53.666324
        ]
      }
    },
    {
      "type": "Feature",
      "properties": {
        "id": "NO_N_12",
        "name": null,
        "nuts3": null
      },
      "geometry": {
        "type": "Point",
        "coordinates": [
          3.328997,
          56.489706
        ]
      }
    },
    {
      "type": "Feature",
      "properties": {
        "id": "SEQ_13192_p",
        "name": null,
        "nuts3": null
      },
      "geometry": {
        "type": "Point",
        "coordinates": [
          2.400514,
          60.882343
        ]
      }
    },
    {
      "type": "Feature",
      "properties": {
        "id": "SEQ_13197_p",
        "name": null,
        "nuts3": null
      },
      "geometry": {
        "type": "Point",
        "coordinates": [
          3.168788,
          60.393756
        ]
      }
    },
    {
      "type": "Feature",
      "properties": {
        "id": "N_27_L_LMGN",
        "name": null,
        "nuts3": "NL113"
      },
      "geometry": {
        "type": "Point",
        "coordinates": [
          6.67328,
          53.4585
        ]
      }
    },
    {
      "type": "Feature",
      "properties": {
        "id": "SEQ_12168_p",
        "name": null,
        "nuts3": "DEA34"
      },
      "geometry": {
        "type": "Point",
        "coordinates": [
          7.049456,
          52.178836
        ]
      }
    },
    {
      "type": "Feature",
      "properties": {
        "id": "SEQ_12637_p",
        "name": null,
        "nuts3": "DE234"
      },
      "geometry": {
        "type": "Point",
        "coordinates": [
          11.655889,
          49.577683
        ]
      }
    },
    {
      "type": "Feature",
      "properties": {
        "id": "Stor_NonEU_42",
        "name": null,
        "nuts3": null
      },
      "geometry": {
        "type": "Point",
        "coordinates": [
          44.52191,
          52.70979
        ]
      }
    },
    {
      "type": "Feature",
      "properties": {
        "id": "Stor_EU_75",
        "name": null,
        "nuts3": "FRE23"
      },
      "geometry": {
        "type": "Point",
        "coordinates": [
          2.73952,
          49.72278
        ]
      }
    },
    {
      "type": "Feature",
      "properties": {
        "id": "INET_N_732",
        "name": null,
        "nuts3": "DE21K"
      },
      "geometry": {
        "type": "Point",
        "coordinates": [
          12.103307,
          47.887547
        ]
      }
    },
    {
      "type": "Feature",
      "properties": {
        "id": "INET_N_477",
        "name": null,
        "nuts3": "DE929"
      },
      "geometry": {
        "type": "Point",
        "coordinates": [
          9.650892,
          52.339624
        ]
      }
    },
    {
      "type": "Feature",
      "properties": {
        "id": "INET_N_1241",
        "name": null,
        "nuts3": "DEE04"
      },
      "geometry": {
        "type": "Point",
        "coordinates": [
          10.942675,
          52.801137
        ]
      }
    },
    {
      "type": "Feature",
      "properties": {
        "id": "INET_N_706",
        "name": null,
        "nuts3": "PL823"
      },
      "geometry": {
        "type": "Point",
        "coordinates": [
          22.264141,
          50.006978
        ]
      }
    },
    {
      "type": "Feature",
      "properties": {
        "id": "N_2287_S_LMGN",
        "name": null,
        "nuts3": "DE40H"
      },
      "geometry": {
        "type": "Point",
        "coordinates": [
          13.43413,
          52.33521
        ]
      }
    },
    {
      "type": "Feature",
      "properties": {
        "id": "Stor_NonEU_8",
        "name": null,
        "nuts3": null
      },
      "geometry": {
        "type": "Point",
        "coordinates": [
          49.32137,
          41.94777
        ]
      }
    },
    {
      "type": "Feature",
      "properties": {
        "id": "GIE_N_59",
        "name": null,
        "nuts3": null
      },
      "geometry": {
        "type": "Point",
        "coordinates": [
          7.344795,
          53.845027
        ]
      }
    },
    {
      "type": "Feature",
      "properties": {
        "id": "INET_N_1809",
        "name": null,
        "nuts3": "DE218"
      },
      "geometry": {
        "type": "Point",
        "coordinates": [
          11.816447,
          48.042629
        ]
      }
    },
    {
      "type": "Feature",
      "properties": {
        "id": "Stor_EU_23",
        "name": null,
        "nuts3": "RO222"
      },
      "geometry": {
        "type": "Point",
        "coordinates": [
          26.79343,
          44.88793
        ]
      }
    },
    {
      "type": "Feature",
      "properties": {
        "id": "SEQ_10610_p",
        "name": null,
        "nuts3": null
      },
      "geometry": {
        "type": "Point",
        "coordinates": [
          30.96113,
          52.50034
        ]
      }
    },
    {
      "type": "Feature",
      "properties": {
        "id": "INET_N_599",
        "name": null,
        "nuts3": null
      },
      "geometry": {
        "type": "Point",
        "coordinates": [
          31.010304,
          52.52021
        ]
      }
    },
    {
      "type": "Feature",
      "properties": {
        "id": "SEQ_911__G_LMGN",
        "name": null,
        "nuts3": "DEB3I"
      },
      "geometry": {
        "type": "Point",
        "coordinates": [
          8.38009,
          49.57256
        ]
      }
    },
    {
      "type": "Feature",
      "properties": {
        "id": "INET_N_1423",
        "name": null,
        "nuts3": "UKF30"
      },
      "geometry": {
        "type": "Point",
        "coordinates": [
          0.174512,
          53.393462
        ]
      }
    },
    {
      "type": "Feature",
      "properties": {
        "id": "Stor_NonEU_49",
        "name": null,
        "nuts3": null
      },
      "geometry": {
        "type": "Point",
        "coordinates": [
          24.61274,
          49.47534
        ]
      }
    },
    {
      "type": "Feature",
      "properties": {
        "id": "INET_N_1551",
        "name": null,
        "nuts3": "DEE0C"
      },
      "geometry": {
        "type": "Point",
        "coordinates": [
          11.555702,
          51.891723
        ]
      }
    },
    {
      "type": "Feature",
      "properties": {
        "id": "INET_N_675",
        "name": null,
        "nuts3": "UKD62"
      },
      "geometry": {
        "type": "Point",
        "coordinates": [
          -2.456099,
          53.138712
        ]
      }
    },
    {
      "type": "Feature",
      "properties": {
        "id": "INET_N_468",
        "name": null,
        "nuts3": "DE94G"
      },
      "geometry": {
        "type": "Point",
        "coordinates": [
          8.400715,
          53.194313
        ]
      }
    },
    {
      "type": "Feature",
      "properties": {
        "id": "INET_N_345",
        "name": null,
        "nuts3": "ITC49"
      },
      "geometry": {
        "type": "Point",
        "coordinates": [
          9.462563,
          45.287745
        ]
      }
    },
    {
      "type": "Feature",
      "properties": {
        "id": "INET_N_286",
        "name": null,
        "nuts3": "PT16F"
      },
      "geometry": {
        "type": "Point",
        "coordinates": [
          -8.85463,
          39.983508
        ]
      }
    },
    {
      "type": "Feature",
      "properties": {
        "id": "Stor_EU_126",
        "name": null,
        "nuts3": "DEE0D"
      },
      "geometry": {
        "type": "Point",
        "coordinates": [
          11.52978,
          52.63758
        ]
      }
    },
    {
      "type": "Feature",
      "properties": {
        "id": "INET_N_346",
        "name": null,
        "nuts3": "ITH51"
      },
      "geometry": {
        "type": "Point",
        "coordinates": [
          9.920891,
          44.991076
        ]
      }
    },
    {
      "type": "Feature",
      "properties": {
        "id": "SEQ_1017_p",
        "name": null,
        "nuts3": "NL328"
      },
      "geometry": {
        "type": "Point",
        "coordinates": [
          4.78397,
          52.6626
        ]
      }
    },
    {
      "type": "Feature",
      "properties": {
        "id": "INET_N_761",
        "name": null,
        "nuts3": "DE94C"
      },
      "geometry": {
        "type": "Point",
        "coordinates": [
          7.388862,
          53.253484
        ]
      }
    },
    {
      "type": "Feature",
      "properties": {
        "id": "INET_N_659",
        "name": null,
        "nuts3": "FRK23"
      },
      "geometry": {
        "type": "Point",
        "coordinates": [
          5.05,
          45.26
        ]
      }
    },
    {
      "type": "Feature",
      "properties": {
        "id": "INET_N_334",
        "name": null,
        "nuts3": "ITH34"
      },
      "geometry": {
        "type": "Point",
        "coordinates": [
          12.188481,
          45.852895
        ]
      }
    },
    {
      "type": "Feature",
      "properties": {
        "id": "INET_N_571",
        "name": null,
        "nuts3": "UKD11"
      },
      "geometry": {
        "type": "Point",
        "coordinates": [
          -3.18364,
          54.099578
        ]
      }
    },
    {
      "type": "Feature",
      "properties": {
        "id": "INET_N_930",
        "name": null,
        "nuts3": "SK010"
      },
      "geometry": {
        "type": "Point",
        "coordinates": [
          16.900032,
          48.425456
        ]
      }
    },
    {
      "type": "Feature",
      "properties": {
        "id": "INET_N_1588",
        "name": null,
        "nuts3": "LT028"
      },
      "geometry": {
        "type": "Point",
        "coordinates": [
          22.302939,
          55.890548
        ]
      }
    },
    {
      "type": "Feature",
      "properties": {
        "id": "INET_N_1585",
        "name": null,
        "nuts3": "PL217"
      },
      "geometry": {
        "type": "Point",
        "coordinates": [
          20.945148,
          50.197537
        ]
      }
    },
    {
      "type": "Feature",
      "properties": {
        "id": "INET_N_1663",
        "name": null,
        "nuts3": "FRF23"
      },
      "geometry": {
        "type": "Point",
        "coordinates": [
          4.973132,
          48.699704
        ]
      }
    },
    {
      "type": "Feature",
      "properties": {
        "id": "INET_N_302",
        "name": null,
        "nuts3": "ITF12"
      },
      "geometry": {
        "type": "Point",
        "coordinates": [
          13.85,
          42.58
        ]
      }
    },
    {
      "type": "Feature",
      "properties": {
        "id": "INET_N_256",
        "name": null,
        "nuts3": "PL824"
      },
      "geometry": {
        "type": "Point",
        "coordinates": [
          21.486,
          50.1017
        ]
      }
    },
    {
      "type": "Feature",
      "properties": {
        "id": "INET_N_1438",
        "name": null,
        "nuts3": "DE128"
      },
      "geometry": {
        "type": "Point",
        "coordinates": [
          8.644253,
          49.327473
        ]
      }
    },
    {
      "type": "Feature",
      "properties": {
        "id": "INET_N_1088",
        "name": null,
        "nuts3": "PL414"
      },
      "geometry": {
        "type": "Point",
        "coordinates": [
          17.8103,
          52.609656
        ]
      }
    },
    {
      "type": "Feature",
      "properties": {
        "id": "INET_N_1210",
        "name": null,
        "nuts3": null
      },
      "geometry": {
        "type": "Point",
        "coordinates": [
          28.517,
          53.373
        ]
      }
    },
    {
      "type": "Feature",
      "properties": {
        "id": "INET_N_1368",
        "name": null,
        "nuts3": "ITC4A"
      },
      "geometry": {
        "type": "Point",
        "coordinates": [
          9.700705,
          45.312155
        ]
      }
    },
    {
      "type": "Feature",
      "properties": {
        "id": "INET_N_510",
        "name": null,
        "nuts3": "DE94H"
      },
      "geometry": {
        "type": "Point",
        "coordinates": [
          7.912085,
          53.461064
        ]
      }
    },
    {
      "type": "Feature",
      "properties": {
        "id": "INET_N_1560",
        "name": null,
        "nuts3": "DK022"
      },
      "geometry": {
        "type": "Point",
        "coordinates": [
          11.62362,
          55.547794
        ]
      }
    },
    {
      "type": "Feature",
      "properties": {
        "id": "INET_N_826",
        "name": null,
        "nuts3": "UKD63"
      },
      "geometry": {
        "type": "Point",
        "coordinates": [
          -2.447396,
          53.255659
        ]
      }
    },
    {
      "type": "Feature",
      "properties": {
        "id": "INET_N_624",
        "name": null,
        "nuts3": "HR021"
      },
      "geometry": {
        "type": "Point",
        "coordinates": [
          17.194853,
          45.718357
        ]
      }
    },
    {
      "type": "Feature",
      "properties": {
        "id": "Stor_EU_115",
        "name": null,
        "nuts3": "DE91A"
      },
      "geometry": {
        "type": "Point",
        "coordinates": [
          10.15975,
          52.36592
        ]
      }
    },
    {
      "type": "Feature",
      "properties": {
        "id": "INET_N_1072",
        "name": null,
        "nuts3": "ITH55"
      },
      "geometry": {
        "type": "Point",
        "coordinates": [
          11.497959,
          44.615731
        ]
      }
    },
    {
      "type": "Feature",
      "properties": {
        "id": "INET_N_314",
        "name": null,
        "nuts3": "FRB05"
      },
      "geometry": {
        "type": "Point",
        "coordinates": [
          1.486212,
          47.387853
        ]
      }
    },
    {
      "type": "Feature",
      "properties": {
        "id": "INET_N_1451",
        "name": null,
        "nuts3": "RO125"
      },
      "geometry": {
        "type": "Point",
        "coordinates": [
          24.183885,
          46.782414
        ]
      }
    },
    {
      "type": "Feature",
      "properties": {
        "id": "INET_N_687",
        "name": null,
        "nuts3": "UKD63"
      },
      "geometry": {
        "type": "Point",
        "coordinates": [
          -2.405628,
          53.225722
        ]
      }
    },
    {
      "type": "Feature",
      "properties": {
        "id": "INET_N_686",
        "name": null,
        "nuts3": "UKD62"
      },
      "geometry": {
        "type": "Point",
        "coordinates": [
          -2.56099,
          53.138712
        ]
      }
    },
    {
      "type": "Feature",
      "properties": {
        "id": "INET_N_875",
        "name": null,
        "nuts3": "DE80O"
      },
      "geometry": {
        "type": "Point",
        "coordinates": [
          11.360765,
          53.422766
        ]
      }
    },
    {
      "type": "Feature",
      "properties": {
        "id": "INET_N_637",
        "name": null,
        "nuts3": "AT323"
      },
      "geometry": {
        "type": "Point",
        "coordinates": [
          13.232375,
          47.9867
        ]
      }
    },
    {
      "type": "Feature",
      "properties": {
        "id": "INET_N_1821",
        "name": null,
        "nuts3": "DEA1F"
      },
      "geometry": {
        "type": "Point",
        "coordinates": [
          6.426365,
          51.663755
        ]
      }
    },
    {
      "type": "Feature",
      "properties": {
        "id": "INET_N_1653",
        "name": null,
        "nuts3": "CZ080"
      },
      "geometry": {
        "type": "Point",
        "coordinates": [
          18.531823,
          49.714948
        ]
      }
    },
    {
      "type": "Feature",
      "properties": {
        "id": "INET_N_1631",
        "name": null,
        "nuts3": "AT312"
      },
      "geometry": {
        "type": "Point",
        "coordinates": [
          14.427,
          48.161
        ]
      }
    },
    {
      "type": "Feature",
      "properties": {
        "id": "INET_N_27",
        "name": null,
        "nuts3": "UKE12"
      },
      "geometry": {
        "type": "Point",
        "coordinates": [
          -0.087273,
          53.813895
        ]
      }
    },
    {
      "type": "Feature",
      "properties": {
        "id": "INET_N_581",
        "name": null,
        "nuts3": "FR102"
      },
      "geometry": {
        "type": "Point",
        "coordinates": [
          3.173434,
          49.055792
        ]
      }
    },
    {
      "type": "Feature",
      "properties": {
        "id": "GIE_N_134",
        "name": null,
        "nuts3": null
      },
      "geometry": {
        "type": "Point",
        "coordinates": [
          24.54,
          48.802
        ]
      }
    },
    {
      "type": "Feature",
      "properties": {
        "id": "INET_N_368",
        "name": null,
        "nuts3": "CZ064"
      },
      "geometry": {
        "type": "Point",
        "coordinates": [
          16.91432,
          49.054629
        ]
      }
    },
    {
      "type": "Feature",
      "properties": {
        "id": "SEQ_195_p",
        "name": null,
        "nuts3": null
      },
      "geometry": {
        "type": "Point",
        "coordinates": [
          24.01237,
          49.20028
        ]
      }
    },
    {
      "type": "Feature",
      "properties": {
        "id": "SEQ_10352_p",
        "name": null,
        "nuts3": "CZ064"
      },
      "geometry": {
        "type": "Point",
        "coordinates": [
          17.04115,
          48.77895
        ]
      }
    },
    {
      "type": "Feature",
      "properties": {
        "id": "INET_N_1081",
        "name": null,
        "nuts3": "DE80N"
      },
      "geometry": {
        "type": "Point",
        "coordinates": [
          13.560306,
          53.994342
        ]
      }
    },
    {
      "type": "Feature",
      "properties": {
        "id": "INET_N_1090",
        "name": null,
        "nuts3": "RO215"
      },
      "geometry": {
        "type": "Point",
        "coordinates": [
          26.297489,
          47.45935
        ]
      }
    },
    {
      "type": "Feature",
      "properties": {
        "id": "Stor_EU_101",
        "name": null,
        "nuts3": "DE947"
      },
      "geometry": {
        "type": "Point",
        "coordinates": [
          7.34161,
          53.54575
        ]
      }
    },
    {
      "type": "Feature",
      "properties": {
        "id": "INET_N_1520",
        "name": null,
        "nuts3": "FRB05"
      },
      "geometry": {
        "type": "Point",
        "coordinates": [
          1.49935,
          47.426783
        ]
      }
    },
    {
      "type": "Feature",
      "properties": {
        "id": "INET_N_1846",
        "name": null,
        "nuts3": "HU331"
      },
      "geometry": {
        "type": "Point",
        "coordinates": [
          19.700702,
          46.423701
        ]
      }
    },
    {
      "type": "Feature",
      "properties": {
        "id": "INET_N_1462",
        "name": null,
        "nuts3": "AT126"
      },
      "geometry": {
        "type": "Point",
        "coordinates": [
          16.69966,
          48.376237
        ]
      }
    },
    {
      "type": "Feature",
      "properties": {
        "id": "INET_N_213",
        "name": null,
        "nuts3": "PL417"
      },
      "geometry": {
        "type": "Point",
        "coordinates": [
          16.645469,
          52.120077
        ]
      }
    },
    {
      "type": "Feature",
      "properties": {
        "id": "INET_N_0",
        "name": null,
        "nuts3": "AT323"
      },
      "geometry": {
        "type": "Point",
        "coordinates": [
          13.356863,
          47.962006
        ]
      }
    },
    {
      "type": "Feature",
      "properties": {
        "id": "INET_N_1308",
        "name": null,
        "nuts3": "AT315"
      },
      "geometry": {
        "type": "Point",
        "coordinates": [
          13.572981,
          48.015746
        ]
      }
    },
    {
      "type": "Feature",
      "properties": {
        "id": "INET_N_300",
        "name": null,
        "nuts3": "UKE12"
      },
      "geometry": {
        "type": "Point",
        "coordinates": [
          -0.359108,
          54.114951
        ]
      }
    },
    {
      "type": "Feature",
      "properties": {
        "id": "Stor_NonEU_26",
        "name": null,
        "nuts3": null
      },
      "geometry": {
        "type": "Point",
        "coordinates": [
          34.08409,
          49.9463
        ]
      }
    },
    {
      "type": "Feature",
      "properties": {
        "id": "INET_N_1431",
        "name": null,
        "nuts3": "ITH57"
      },
      "geometry": {
        "type": "Point",
        "coordinates": [
          11.919378,
          44.371034
        ]
      }
    },
    {
      "type": "Feature",
      "properties": {
        "id": "INET_N_1498",
        "name": null,
        "nuts3": "TR100"
      },
      "geometry": {
        "type": "Point",
        "coordinates": [
          28.180646,
          41.106836
        ]
      }
    },
    {
      "type": "Feature",
      "properties": {
        "id": "INET_N_121",
        "name": null,
        "nuts3": "ITC47"
      },
      "geometry": {
        "type": "Point",
        "coordinates": [
          10.138115,
          45.423202
        ]
      }
    },
    {
      "type": "Feature",
      "properties": {
        "id": "INET_N_1319",
        "name": null,
        "nuts3": "HU223"
      },
      "geometry": {
        "type": "Point",
        "coordinates": [
          16.794852,
          46.65711
        ]
      }
    },
    {
      "type": "Feature",
      "properties": {
        "id": "INET_N_626",
        "name": null,
        "nuts3": "DK041"
      },
      "geometry": {
        "type": "Point",
        "coordinates": [
          9.29,
          56.0
        ]
      }
    },
    {
      "type": "Feature",
      "properties": {
        "id": "INET_N_1671",
        "name": null,
        "nuts3": "TR712"
      },
      "geometry": {
        "type": "Point",
        "coordinates": [
          33.584839,
          38.099356
        ]
      }
    },
    {
      "type": "Feature",
      "properties": {
        "id": "INET_N_1606",
        "name": null,
        "nuts3": "RO125"
      },
      "geometry": {
        "type": "Point",
        "coordinates": [
          24.553105,
          46.565927
        ]
      }
    },
    {
      "type": "Feature",
      "properties": {
        "id": "INET_N_833",
        "name": null,
        "nuts3": "DEG09"
      },
      "geometry": {
        "type": "Point",
        "coordinates": [
          10.75,
          51.219587
        ]
      }
    },
    {
      "type": "Feature",
      "properties": {
        "id": "INET_N_406",
        "name": null,
        "nuts3": "CZ064"
      },
      "geometry": {
        "type": "Point",
        "coordinates": [
          17.028471,
          48.871374
        ]
      }
    },
    {
      "type": "Feature",
      "properties": {
        "id": "INET_N_1503",
        "name": null,
        "nuts3": "ITF22"
      },
      "geometry": {
        "type": "Point",
        "coordinates": [
          14.811,
          41.998
        ]
      }
    },
    {
      "type": "Feature",
      "properties": {
        "id": "INET_N_189",
        "name": null,
        "nuts3": "RO313"
      },
      "geometry": {
        "type": "Point",
        "coordinates": [
          25.775177,
          44.690654
        ]
      }
    },
    {
      "type": "Feature",
      "properties": {
        "id": "INET_N_1568",
        "name": null,
        "nuts3": "CZ080"
      },
      "geometry": {
        "type": "Point",
        "coordinates": [
          18.091711,
          49.593694
        ]
      }
    },
    {
      "type": "Feature",
      "properties": {
        "id": "Stor_NonEU_23",
        "name": null,
        "nuts3": null
      },
      "geometry": {
        "type": "Point",
        "coordinates": [
          42.98739,
          49.05363
        ]
      }
    },
    {
      "type": "Feature",
      "properties": {
        "id": "Stor_EU_85",
        "name": null,
        "nuts3": "DE712"
      },
      "geometry": {
        "type": "Point",
        "coordinates": [
          8.62309,
          50.11017
        ]
      }
    },
    {
      "type": "Feature",
      "properties": {
        "id": "Stor_EU_96",
        "name": null,
        "nuts3": "DE214"
      },
      "geometry": {
        "type": "Point",
        "coordinates": [
          12.59326,
          48.26284
        ]
      }
    },
    {
      "type": "Feature",
      "properties": {
        "id": "INET_N_1413",
        "name": null,
        "nuts3": "FR103"
      },
      "geometry": {
        "type": "Point",
        "coordinates": [
          1.55201,
          48.985068
        ]
      }
    },
    {
      "type": "Feature",
      "properties": {
        "id": "INET_N_20",
        "name": null,
        "nuts3": "AT323"
      },
      "geometry": {
        "type": "Point",
        "coordinates": [
          13.312084,
          47.981978
        ]
      }
    },
    {
      "type": "Feature",
      "properties": {
        "id": "SEQ_17489__S_LMGN",
        "name": null,
        "nuts3": "DE40C"
      },
      "geometry": {
        "type": "Point",
        "coordinates": [
          14.43791,
          52.22681
        ]
      }
    },
    {
      "type": "Feature",
      "properties": {
        "id": "GIE_N_144",
        "name": null,
        "nuts3": null
      },
      "geometry": {
        "type": "Point",
        "coordinates": [
          37.9,
          49.46
        ]
      }
    },
    {
      "type": "Feature",
      "properties": {
        "id": "INET_N_1509",
        "name": null,
        "nuts3": "SE231"
      },
      "geometry": {
        "type": "Point",
        "coordinates": [
          12.863828,
          56.798359
        ]
      }
    },
    {
      "type": "Feature",
      "properties": {
        "id": "INET_N_1225",
        "name": null,
        "nuts3": "ITI35"
      },
      "geometry": {
        "type": "Point",
        "coordinates": [
          13.672527,
          43.226813
        ]
      }
    },
    {
      "type": "Feature",
      "properties": {
        "id": "IGU_N_125",
        "name": null,
        "nuts3": null
      },
      "geometry": {
        "type": "Point",
        "coordinates": [
          41.1,
          46.2
        ]
      }
    },
    {
      "type": "Feature",
      "properties": {
        "id": "Stor_EU_16",
        "name": null,
        "nuts3": null
      },
      "geometry": {
        "type": "Point",
        "coordinates": [
          -2.9529,
          53.9767
        ]
      }
    },
    {
      "type": "Feature",
      "properties": {
        "id": "GSE_N_207",
        "name": null,
        "nuts3": null
      },
      "geometry": {
        "type": "Point",
        "coordinates": [
          -2.858,
          54.082
        ]
      }
    },
    {
      "type": "Feature",
      "properties": {
        "id": "INET_N_363",
        "name": null,
        "nuts3": "ITF52"
      },
      "geometry": {
        "type": "Point",
        "coordinates": [
          16.532677,
          40.404885
        ]
      }
    },
    {
      "type": "Feature",
      "properties": {
        "id": "INET_N_957",
        "name": null,
        "nuts3": "DK041"
      },
      "geometry": {
        "type": "Point",
        "coordinates": [
          9.41462,
          56.640401
        ]
      }
    },
    {
      "type": "Feature",
      "properties": {
        "id": "INET_N_1711",
        "name": null,
        "nuts3": "RO315"
      },
      "geometry": {
        "type": "Point",
        "coordinates": [
          26.60623,
          44.720131
        ]
      }
    },
    {
      "type": "Feature",
      "properties": {
        "id": "INET_N_172",
        "name": null,
        "nuts3": "DE300"
      },
      "geometry": {
        "type": "Point",
        "coordinates": [
          13.224641,
          52.513276
        ]
      }
    },
    {
      "type": "Feature",
      "properties": {
        "id": "INET_N_562",
        "name": null,
        "nuts3": null
      },
      "geometry": {
        "type": "Point",
        "coordinates": [
          28.205624,
          43.186113
        ]
      }
    },
    {
      "type": "Feature",
      "properties": {
        "id": "INET_N_586",
        "name": null,
        "nuts3": "RO411"
      },
      "geometry": {
        "type": "Point",
        "coordinates": [
          23.886504,
          44.352658
        ]
      }
    },
    {
      "type": "Feature",
      "properties": {
        "id": "INET_N_126",
        "name": null,
        "nuts3": "RO322"
      },
      "geometry": {
        "type": "Point",
        "coordinates": [
          26.310924,
          44.389969
        ]
      }
    },
    {
      "type": "Feature",
      "properties": {
        "id": "INET_N_1018",
        "name": null,
        "nuts3": "FRL01"
      },
      "geometry": {
        "type": "Point",
        "coordinates": [
          5.756336,
          43.868812
        ]
      }
    },
    {
      "type": "Feature",
      "properties": {
        "id": "Stor_EU_125",
        "name": null,
        "nuts3": "DE935"
      },
      "geometry": {
        "type": "Point",
        "coordinates": [
          10.71039,
          53.19676
        ]
      }
    },
    {
      "type": "Feature",
      "properties": {
        "id": "SEQ_4451__S_LMGN",
        "name": null,
        "nuts3": "DEG0D"
      },
      "geometry": {
        "type": "Point",
        "coordinates": [
          11.04159,
          51.15294
        ]
      }
    },
    {
      "type": "Feature",
      "properties": {
        "id": "GSE_N_186",
        "name": null,
        "nuts3": "ES212"
      },
      "geometry": {
        "type": "Point",
        "coordinates": [
          -1.986,
          43.3122
        ]
      }
    },
    {
      "type": "Feature",
      "properties": {
        "id": "Stor_EU_107",
        "name": null,
        "nuts3": "DE246"
      },
      "geometry": {
        "type": "Point",
        "coordinates": [
          11.48091,
          49.75043
        ]
      }
    },
    {
      "type": "Feature",
      "properties": {
        "id": "INET_N_1429",
        "name": null,
        "nuts3": "ITI34"
      },
      "geometry": {
        "type": "Point",
        "coordinates": [
          13.839223,
          42.9283
        ]
      }
    },
    {
      "type": "Feature",
      "properties": {
        "id": "IGU_N_136",
        "name": null,
        "nuts3": null
      },
      "geometry": {
        "type": "Point",
        "coordinates": [
          23.69,
          49.41
        ]
      }
    },
    {
      "type": "Feature",
      "properties": {
        "id": "INET_N_701",
        "name": null,
        "nuts3": "UKJ37"
      },
      "geometry": {
        "type": "Point",
        "coordinates": [
          -1.010382,
          51.194305
        ]
      }
    },
    {
      "type": "Feature",
      "properties": {
        "id": "IGU_N_153",
        "name": null,
        "nuts3": null
      },
      "geometry": {
        "type": "Point",
        "coordinates": [
          40.8,
          55.5
        ]
      }
    },
    {
      "type": "Feature",
      "properties": {
        "id": "INET_N_1378",
        "name": null,
        "nuts3": "CZ063"
      },
      "geometry": {
        "type": "Point",
        "coordinates": [
          16.215328,
          49.495061
        ]
      }
    },
    {
      "type": "Feature",
      "properties": {
        "id": "INET_N_1135",
        "name": null,
        "nuts3": null
      },
      "geometry": {
        "type": "Point",
        "coordinates": [
          20.604414,
          54.527717
        ]
      }
    },
    {
      "type": "Feature",
      "properties": {
        "id": "INET_N_1262",
        "name": null,
        "nuts3": "ES511"
      },
      "geometry": {
        "type": "Point",
        "coordinates": [
          1.792,
          41.874
        ]
      }
    },
    {
      "type": "Feature",
      "properties": {
        "id": "IGU_N_126",
        "name": null,
        "nuts3": null
      },
      "geometry": {
        "type": "Point",
        "coordinates": [
          40.7,
          46.8
        ]
      }
    },
    {
      "type": "Feature",
      "properties": {
        "id": "SEQ_10982_p",
        "name": null,
        "nuts3": null
      },
      "geometry": {
        "type": "Point",
        "coordinates": [
          -8.04502,
          51.69902
        ]
      }
    },
    {
      "type": "Feature",
      "properties": {
        "id": "INET_N_829",
        "name": null,
        "nuts3": "IE053"
      },
      "geometry": {
        "type": "Point",
        "coordinates": [
          -8.533264,
          51.608848
        ]
      }
    },
    {
      "type": "Feature",
      "properties": {
        "id": "INET_N_772",
        "name": null,
        "nuts3": null
      },
      "geometry": {
        "type": "Point",
        "coordinates": [
          20.375,
          54.836
        ]
      }
    },
    {
      "type": "Feature",
      "properties": {
        "id": "INET_N_1528",
        "name": null,
        "nuts3": "UKL14"
      },
      "geometry": {
        "type": "Point",
        "coordinates": [
          -5.078012,
          51.713781
        ]
      }
    },
    {
      "type": "Feature",
      "properties": {
        "id": "INET_N_142",
        "name": null,
        "nuts3": "ES511"
      },
      "geometry": {
        "type": "Point",
        "coordinates": [
          2.174,
          41.398
        ]
      }
    },
    {
      "type": "Feature",
      "properties": {
        "id": "INET_N_967",
        "name": null,
        "nuts3": "ITI16"
      },
      "geometry": {
        "type": "Point",
        "coordinates": [
          10.311025,
          43.547519
        ]
      }
    },
    {
      "type": "Feature",
      "properties": {
        "id": "INET_N_1070",
        "name": null,
        "nuts3": "UKL14"
      },
      "geometry": {
        "type": "Point",
        "coordinates": [
          -5.03,
          51.71
        ]
      }
    },
    {
      "type": "Feature",
      "properties": {
        "id": "INET_N_1587",
        "name": null,
        "nuts3": "PL428"
      },
      "geometry": {
        "type": "Point",
        "coordinates": [
          14.294722,
          53.909167
        ]
      }
    },
    {
      "type": "Feature",
      "properties": {
        "id": "SEQ_11225_p",
        "name": null,
        "nuts3": null
      },
      "geometry": {
        "type": "Point",
        "coordinates": [
          4.96901,
          43.39945
        ]
      }
    },
    {
      "type": "Feature",
      "properties": {
        "id": "INET_N_545",
        "name": null,
        "nuts3": "FRL04"
      },
      "geometry": {
        "type": "Point",
        "coordinates": [
          4.89863,
          43.42239
        ]
      }
    },
    {
      "type": "Feature",
      "properties": {
        "id": "INET_N_299",
        "name": null,
        "nuts3": "ITH35"
      },
      "geometry": {
        "type": "Point",
        "coordinates": [
          12.08022,
          45.133742
        ]
      }
    },
    {
      "type": "Feature",
      "properties": {
        "id": "INET_N_1100",
        "name": null,
        "nuts3": "FRG01"
      },
      "geometry": {
        "type": "Point",
        "coordinates": [
          -2.14,
          47.32
        ]
      }
    },
    {
      "type": "Feature",
      "properties": {
        "id": "INET_N_1617",
        "name": null,
        "nuts3": "UKC12"
      },
      "geometry": {
        "type": "Point",
        "coordinates": [
          -1.127558,
          54.575519
        ]
      }
    },
    {
      "type": "Feature",
      "properties": {
        "id": "N_858_M_LMGN",
        "name": null,
        "nuts3": null
      },
      "geometry": {
        "type": "Point",
        "coordinates": [
          23.51165,
          38.01712
        ]
      }
    },
    {
      "type": "Feature",
      "properties": {
        "id": "INET_N_1352",
        "name": null,
        "nuts3": "EL307"
      },
      "geometry": {
        "type": "Point",
        "coordinates": [
          23.4023,
          37.96
        ]
      }
    },
    {
      "type": "Feature",
      "properties": {
        "id": "INET_N_848",
        "name": null,
        "nuts3": "LT023"
      },
      "geometry": {
        "type": "Point",
        "coordinates": [
          21.101954,
          55.7253
        ]
      }
    },
    {
      "type": "Feature",
      "properties": {
        "id": "INET_N_462",
        "name": null,
        "nuts3": "ES120"
      },
      "geometry": {
        "type": "Point",
        "coordinates": [
          -5.664,
          43.534
        ]
      }
    },
    {
      "type": "Feature",
      "properties": {
        "id": "INET_N_347",
        "name": null,
        "nuts3": "UKH32"
      },
      "geometry": {
        "type": "Point",
        "coordinates": [
          0.5079,
          51.5119
        ]
      }
    },
    {
      "type": "Feature",
      "properties": {
        "id": "INET_N_745",
        "name": null,
        "nuts3": "UKJ41"
      },
      "geometry": {
        "type": "Point",
        "coordinates": [
          0.711,
          51.45
        ]
      }
    },
    {
      "type": "Feature",
      "properties": {
        "id": "Prod_52",
        "name": null,
        "nuts3": null
      },
      "geometry": {
        "type": "Point",
        "coordinates": [
          32.5096,
          32.17164
        ]
      }
    },
    {
      "type": "Feature",
      "properties": {
        "id": "Prod_64",
        "name": null,
        "nuts3": null
      },
      "geometry": {
        "type": "Point",
        "coordinates": [
          7.32341,
          64.3921
        ]
      }
    },
    {
      "type": "Feature",
      "properties": {
        "id": "LKD_N_309",
        "name": null,
        "nuts3": "DEA1C"
      },
      "geometry": {
        "type": "Point",
        "coordinates": [
          6.89157,
          51.099864
        ]
      }
    },
    {
      "type": "Feature",
      "properties": {
        "id": "Prod_43",
        "name": null,
        "nuts3": null
      },
      "geometry": {
        "type": "Point",
        "coordinates": [
          31.16877,
          32.35902
        ]
      }
    },
    {
      "type": "Feature",
      "properties": {
        "id": "Prod_24",
        "name": null,
        "nuts3": null
      },
      "geometry": {
        "type": "Point",
        "coordinates": [
          28.51016,
          42.99639
        ]
      }
    },
    {
      "type": "Feature",
      "properties": {
        "id": "Prod_78",
        "name": null,
        "nuts3": null
      },
      "geometry": {
        "type": "Point",
        "coordinates": [
          1.36824,
          53.42418
        ]
      }
    },
    {
      "type": "Feature",
      "properties": {
        "id": "Prod_23",
        "name": null,
        "nuts3": null
      },
      "geometry": {
        "type": "Point",
        "coordinates": [
          30.04726,
          32.24282
        ]
      }
    },
    {
      "type": "Feature",
      "properties": {
        "id": "Prod_33",
        "name": null,
        "nuts3": null
      },
      "geometry": {
        "type": "Point",
        "coordinates": [
          6.61159,
          64.98232
        ]
      }
    },
    {
      "type": "Feature",
      "properties": {
        "id": "SEQ_11160_p",
        "name": null,
        "nuts3": null
      },
      "geometry": {
        "type": "Point",
        "coordinates": [
          28.02006,
          43.1671
        ]
      }
    },
    {
      "type": "Feature",
      "properties": {
        "id": "Prod_1",
        "name": null,
        "nuts3": null
      },
      "geometry": {
        "type": "Point",
        "coordinates": [
          28.09757,
          43.15539
        ]
      }
    },
    {
      "type": "Feature",
      "properties": {
        "id": "Prod_88",
        "name": null,
        "nuts3": null
      },
      "geometry": {
        "type": "Point",
        "coordinates": [
          7.26474,
          64.43615
        ]
      }
    },
    {
      "type": "Feature",
      "properties": {
        "id": "Prod_5",
        "name": null,
        "nuts3": null
      },
      "geometry": {
        "type": "Point",
        "coordinates": [
          28.06088,
          43.1029
        ]
      }
    },
    {
      "type": "Feature",
      "properties": {
        "id": "Prod_94",
        "name": null,
        "nuts3": null
      },
      "geometry": {
        "type": "Point",
        "coordinates": [
          2.66443,
          61.23191
        ]
      }
    },
    {
      "type": "Feature",
      "properties": {
        "id": "Prod_89",
        "name": null,
        "nuts3": null
      },
      "geometry": {
        "type": "Point",
        "coordinates": [
          32.86071,
          32.02137
        ]
      }
    },
    {
      "type": "Feature",
      "properties": {
        "id": "Prod_97",
        "name": null,
        "nuts3": null
      },
      "geometry": {
        "type": "Point",
        "coordinates": [
          2.58273,
          58.07062
        ]
      }
    },
    {
      "type": "Feature",
      "properties": {
        "id": "Prod_85",
        "name": null,
        "nuts3": null
      },
      "geometry": {
        "type": "Point",
        "coordinates": [
          3.30784,
          60.23457
        ]
      }
    },
    {
      "type": "Feature",
      "properties": {
        "id": "Prod_32",
        "name": null,
        "nuts3": null
      },
      "geometry": {
        "type": "Point",
        "coordinates": [
          7.56891,
          65.67103
        ]
      }
    },
    {
      "type": "Feature",
      "properties": {
        "id": "Prod_91",
        "name": null,
        "nuts3": null
      },
      "geometry": {
        "type": "Point",
        "coordinates": [
          2.09087,
          60.84458
        ]
      }
    },
    {
      "type": "Feature",
      "properties": {
        "id": "Prod_21",
        "name": null,
        "nuts3": null
      },
      "geometry": {
        "type": "Point",
        "coordinates": [
          7.68486,
          65.70589
        ]
      }
    },
    {
      "type": "Feature",
      "properties": {
        "id": "Prod_22",
        "name": null,
        "nuts3": null
      },
      "geometry": {
        "type": "Point",
        "coordinates": [
          7.78318,
          64.28153
        ]
      }
    },
    {
      "type": "Feature",
      "properties": {
        "id": "Prod_31",
        "name": null,
        "nuts3": null
      },
      "geometry": {
        "type": "Point",
        "coordinates": [
          7.86116,
          65.94639
        ]
      }
    },
    {
      "type": "Feature",
      "properties": {
        "id": "Prod_26",
        "name": null,
        "nuts3": null
      },
      "geometry": {
        "type": "Point",
        "coordinates": [
          34.88659,
          32.3248
        ]
      }
    },
    {
      "type": "Feature",
      "properties": {
        "id": "N_29_NS_LMGN",
        "name": null,
        "nuts3": null
      },
      "geometry": {
        "type": "Point",
        "coordinates": [
          7.97171,
          65.98564
        ]
      }
    },
    {
      "type": "Feature",
      "properties": {
        "id": "Prod_25",
        "name": null,
        "nuts3": null
      },
      "geometry": {
        "type": "Point",
        "coordinates": [
          34.73709,
          32.42212
        ]
      }
    },
    {
      "type": "Feature",
      "properties": {
        "id": "NutsCons_57",
        "name": null,
        "nuts3": "ITC48"
      },
      "geometry": {
        "type": "Point",
        "coordinates": [
          9.274534,
          45.127762
        ]
      }
    },
    {
      "type": "Feature",
      "properties": {
        "id": "NutsCons_63",
        "name": null,
        "nuts3": "HR033"
      },
      "geometry": {
        "type": "Point",
        "coordinates": [
          15.662824,
          44.193286
        ]
      }
    },
    {
      "type": "Feature",
      "properties": {
        "id": "NutsCons_84",
        "name": null,
        "nuts3": "PL214"
      },
      "geometry": {
        "type": "Point",
        "coordinates": [
          19.840922,
          50.183607
        ]
      }
    },
    {
      "type": "Feature",
      "properties": {
        "id": "SEQ_11035_p",
        "name": null,
        "nuts3": "LU000"
      },
      "geometry": {
        "type": "Point",
        "coordinates": [
          6.07831,
          49.80075
        ]
      }
    },
    {
      "type": "Feature",
      "properties": {
        "id": "NutsCons_59",
        "name": null,
        "nuts3": "LU000"
      },
      "geometry": {
        "type": "Point",
        "coordinates": [
          6.100806,
          49.76608
        ]
      }
    },
    {
      "type": "Feature",
      "properties": {
        "id": "NutsCons_75",
        "name": null,
        "nuts3": "PL811"
      },
      "geometry": {
        "type": "Point",
        "coordinates": [
          22.5333,
          51.726765
        ]
      }
    },
    {
      "type": "Feature",
      "properties": {
        "id": "NutsCons_102",
        "name": null,
        "nuts3": "SI034"
      },
      "geometry": {
        "type": "Point",
        "coordinates": [
          15.272761,
          46.20741
        ]
      }
    },
    {
      "type": "Feature",
      "properties": {
        "id": "NutsCons_25",
        "name": null,
        "nuts3": "DE501"
      },
      "geometry": {
        "type": "Point",
        "coordinates": [
          8.654899,
          53.180246
        ]
      }
    },
    {
      "type": "Feature",
      "properties": {
        "id": "NutsCons_85",
        "name": null,
        "nuts3": "RS127"
      },
      "geometry": {
        "type": "Point",
        "coordinates": [
          20.109719,
          45.109907
        ]
      }
    },
    {
      "type": "Feature",
      "properties": {
        "id": "NutsCons_74",
        "name": null,
        "nuts3": "PL418"
      },
      "geometry": {
        "type": "Point",
        "coordinates": [
          16.824609,
          52.484129
        ]
      }
    },
    {
      "type": "Feature",
      "properties": {
        "id": "NutsCons_70",
        "name": null,
        "nuts3": "HU312"
      },
      "geometry": {
        "type": "Point",
        "coordinates": [
          20.107646,
          47.621881
        ]
      }
    },
    {
      "type": "Feature",
      "properties": {
        "id": "SEQ_1390_p",
        "name": null,
        "nuts3": "UKE22"
      },
      "geometry": {
        "type": "Point",
        "coordinates": [
          -1.00433,
          53.76212
        ]
      }
    },
    {
      "type": "Feature",
      "properties": {
        "id": "NutsCons_96",
        "name": null,
        "nuts3": "UKE22"
      },
      "geometry": {
        "type": "Point",
        "coordinates": [
          -1.03677,
          53.714333
        ]
      }
    },
    {
      "type": "Feature",
      "properties": {
        "id": "NutsCons_4",
        "name": null,
        "nuts3": "DEA5B"
      },
      "geometry": {
        "type": "Point",
        "coordinates": [
          7.843219,
          51.493633
        ]
      }
    },
    {
      "type": "Feature",
      "properties": {
        "id": "NutsCons_46",
        "name": null,
        "nuts3": "ES300"
      },
      "geometry": {
        "type": "Point",
        "coordinates": [
          -3.684315,
          40.331238
        ]
      }
    },
    {
      "type": "Feature",
      "properties": {
        "id": "SEQ_12125_p",
        "name": null,
        "nuts3": "DEC06"
      },
      "geometry": {
        "type": "Point",
        "coordinates": [
          7.027709,
          49.463112
        ]
      }
    },
    {
      "type": "Feature",
      "properties": {
        "id": "NutsCons_14",
        "name": null,
        "nuts3": "DEC04"
      },
      "geometry": {
        "type": "Point",
        "coordinates": [
          6.950724,
          49.435463
        ]
      }
    },
    {
      "type": "Feature",
      "properties": {
        "id": "NutsCons_53",
        "name": null,
        "nuts3": "BE100"
      },
      "geometry": {
        "type": "Point",
        "coordinates": [
          4.363716,
          50.838295
        ]
      }
    },
    {
      "type": "Feature",
      "properties": {
        "id": "NutsCons_86",
        "name": null,
        "nuts3": "UKH34"
      },
      "geometry": {
        "type": "Point",
        "coordinates": [
          0.701568,
          51.934837
        ]
      }
    },
    {
      "type": "Feature",
      "properties": {
        "id": "NutsCons_89",
        "name": null,
        "nuts3": "UKJ37"
      },
      "geometry": {
        "type": "Point",
        "coordinates": [
          -0.794588,
          51.327917
        ]
      }
    },
    {
      "type": "Feature",
      "properties": {
        "id": "NutsCons_69",
        "name": null,
        "nuts3": "ITF51"
      },
      "geometry": {
        "type": "Point",
        "coordinates": [
          15.656023,
          40.657317
        ]
      }
    },
    {
      "type": "Feature",
      "properties": {
        "id": "NutsCons_27",
        "name": null,
        "nuts3": "BG421"
      },
      "geometry": {
        "type": "Point",
        "coordinates": [
          24.528912,
          42.118865
        ]
      }
    },
    {
      "type": "Feature",
      "properties": {
        "id": "NutsCons_91",
        "name": null,
        "nuts3": "UKN0E"
      },
      "geometry": {
        "type": "Point",
        "coordinates": [
          -6.226799,
          54.46917
        ]
      }
    },
    {
      "type": "Feature",
      "properties": {
        "id": "NutsCons_77",
        "name": null,
        "nuts3": "PL912"
      },
      "geometry": {
        "type": "Point",
        "coordinates": [
          21.363536,
          52.287997
        ]
      }
    },
    {
      "type": "Feature",
      "properties": {
        "id": "NutsCons_55",
        "name": null,
        "nuts3": null
      },
      "geometry": {
        "type": "Point",
        "coordinates": [
          12.218509,
          45.403262
        ]
      }
    },
    {
      "type": "Feature",
      "properties": {
        "id": "NutsCons_68",
        "name": null,
        "nuts3": "HU213"
      },
      "geometry": {
        "type": "Point",
        "coordinates": [
          17.369854,
          46.853925
        ]
      }
    },
    {
      "type": "Feature",
      "properties": {
        "id": "NutsCons_30",
        "name": null,
        "nuts3": "AT122"
      },
      "geometry": {
        "type": "Point",
        "coordinates": [
          16.098524,
          47.960951
        ]
      }
    },
    {
      "type": "Feature",
      "properties": {
        "id": "NutsCons_15",
        "name": null,
        "nuts3": "DEE05"
      },
      "geometry": {
        "type": "Point",
        "coordinates": [
          11.897107,
          51.85219
        ]
      }
    },
    {
      "type": "Feature",
      "properties": {
        "id": "NutsCons_12",
        "name": null,
        "nuts3": "BE100"
      },
      "geometry": {
        "type": "Point",
        "coordinates": [
          4.457146,
          50.823145
        ]
      }
    },
    {
      "type": "Feature",
      "properties": {
        "id": "NutsCons_6",
        "name": null,
        "nuts3": "DE71E"
      },
      "geometry": {
        "type": "Point",
        "coordinates": [
          9.041056,
          50.462676
        ]
      }
    },
    {
      "type": "Feature",
      "properties": {
        "id": "NutsCons_37",
        "name": null,
        "nuts3": "FR107"
      },
      "geometry": {
        "type": "Point",
        "coordinates": [
          2.523201,
          48.760488
        ]
      }
    },
    {
      "type": "Feature",
      "properties": {
        "id": "NutsCons_23",
        "name": null,
        "nuts3": "DE80L"
      },
      "geometry": {
        "type": "Point",
        "coordinates": [
          13.158909,
          54.097934
        ]
      }
    },
    {
      "type": "Feature",
      "properties": {
        "id": "NutsCons_93",
        "name": null,
        "nuts3": "PT16I"
      },
      "geometry": {
        "type": "Point",
        "coordinates": [
          -7.959013,
          39.399414
        ]
      }
    },
    {
      "type": "Feature",
      "properties": {
        "id": "NutsCons_64",
        "name": null,
        "nuts3": "HU120"
      },
      "geometry": {
        "type": "Point",
        "coordinates": [
          19.324806,
          47.496478
        ]
      }
    },
    {
      "type": "Feature",
      "properties": {
        "id": "INET_N_1504",
        "name": null,
        "nuts3": "DE112"
      },
      "geometry": {
        "type": "Point",
        "coordinates": [
          8.9992,
          48.6972
        ]
      }
    },
    {
      "type": "Feature",
      "properties": {
        "id": "NutsCons_111",
        "name": null,
        "nuts3": "NL226"
      },
      "geometry": {
        "type": "Point",
        "coordinates": [
          5.745142,
          51.968498
        ]
      }
    },
    {
      "type": "Feature",
      "properties": {
        "id": "NutsCons_35",
        "name": null,
        "nuts3": "NL414"
      },
      "geometry": {
        "type": "Point",
        "coordinates": [
          5.522957,
          51.439346
        ]
      }
    },
    {
      "type": "Feature",
      "properties": {
        "id": "NutsCons_22",
        "name": null,
        "nuts3": "DE300"
      },
      "geometry": {
        "type": "Point",
        "coordinates": [
          13.451479,
          52.459472
        ]
      }
    },
    {
      "type": "Feature",
      "properties": {
        "id": "NutsCons_44",
        "name": null,
        "nuts3": "FRF32"
      },
      "geometry": {
        "type": "Point",
        "coordinates": [
          5.307704,
          48.561991
        ]
      }
    },
    {
      "type": "Feature",
      "properties": {
        "id": "NutsCons_24",
        "name": null,
        "nuts3": "CZ020"
      },
      "geometry": {
        "type": "Point",
        "coordinates": [
          15.374158,
          49.987355
        ]
      }
    },
    {
      "type": "Feature",
      "properties": {
        "id": "NutsCons_115",
        "name": null,
        "nuts3": "TRC22"
      },
      "geometry": {
        "type": "Point",
        "coordinates": [
          40.008246,
          37.883601
        ]
      }
    },
    {
      "type": "Feature",
      "properties": {
        "id": "NutsCons_61",
        "name": null,
        "nuts3": "FRK25"
      },
      "geometry": {
        "type": "Point",
        "coordinates": [
          4.545523,
          45.415789
        ]
      }
    },
    {
      "type": "Feature",
      "properties": {
        "id": "NutsCons_31",
        "name": null,
        "nuts3": "ES300"
      },
      "geometry": {
        "type": "Point",
        "coordinates": [
          -3.754782,
          40.760746
        ]
      }
    },
    {
      "type": "Feature",
      "properties": {
        "id": "NutsCons_38",
        "name": null,
        "nuts3": "FRC11"
      },
      "geometry": {
        "type": "Point",
        "coordinates": [
          4.707415,
          47.535914
        ]
      }
    },
    {
      "type": "Feature",
      "properties": {
        "id": "NutsCons_21",
        "name": null,
        "nuts3": "DE256"
      },
      "geometry": {
        "type": "Point",
        "coordinates": [
          10.437899,
          49.17356
        ]
      }
    },
    {
      "type": "Feature",
      "properties": {
        "id": "NutsCons_26",
        "name": null,
        "nuts3": "DE600"
      },
      "geometry": {
        "type": "Point",
        "coordinates": [
          9.997188,
          53.601645
        ]
      }
    },
    {
      "type": "Feature",
      "properties": {
        "id": "NutsCons_54",
        "name": null,
        "nuts3": "FRL01"
      },
      "geometry": {
        "type": "Point",
        "coordinates": [
          5.781587,
          44.039773
        ]
      }
    },
    {
      "type": "Feature",
      "properties": {
        "id": "NutsCons_1",
        "name": null,
        "nuts3": "CH062"
      },
      "geometry": {
        "type": "Point",
        "coordinates": [
          8.473547,
          46.610661
        ]
      }
    },
    {
      "type": "Feature",
      "properties": {
        "id": "NutsCons_56",
        "name": null,
        "nuts3": "FRI31"
      },
      "geometry": {
        "type": "Point",
        "coordinates": [
          -0.193998,
          45.492613
        ]
      }
    },
    {
      "type": "Feature",
      "properties": {
        "id": "SEQ_10438_p",
        "name": null,
        "nuts3": "NL33C"
      },
      "geometry": {
        "type": "Point",
        "coordinates": [
          4.21839,
          51.86748
        ]
      }
    },
    {
      "type": "Feature",
      "properties": {
        "id": "NutsCons_112",
        "name": null,
        "nuts3": "NL33C"
      },
      "geometry": {
        "type": "Point",
        "coordinates": [
          4.215952,
          51.696853
        ]
      }
    },
    {
      "type": "Feature",
      "properties": {
        "id": "NutsCons_103",
        "name": null,
        "nuts3": "PL616"
      },
      "geometry": {
        "type": "Point",
        "coordinates": [
          19.117481,
          53.480027
        ]
      }
    },
    {
      "type": "Feature",
      "properties": {
        "id": "NutsCons_11",
        "name": null,
        "nuts3": "DEB1D"
      },
      "geometry": {
        "type": "Point",
        "coordinates": [
          7.532027,
          49.973605
        ]
      }
    },
    {
      "type": "Feature",
      "properties": {
        "id": "NutsCons_65",
        "name": null,
        "nuts3": "ITI19"
      },
      "geometry": {
        "type": "Point",
        "coordinates": [
          11.698004,
          42.803087
        ]
      }
    },
    {
      "type": "Feature",
      "properties": {
        "id": "INET_N_380",
        "name": null,
        "nuts3": "MT001"
      },
      "geometry": {
        "type": "Point",
        "coordinates": [
          14.556524,
          35.828836
        ]
      }
    },
    {
      "type": "Feature",
      "properties": {
        "id": "NutsCons_34",
        "name": null,
        "nuts3": "MT001"
      },
      "geometry": {
        "type": "Point",
        "coordinates": [
          14.376157,
          35.941119
        ]
      }
    },
    {
      "type": "Feature",
      "properties": {
        "id": "NutsCons_88",
        "name": null,
        "nuts3": "UKC22"
      },
      "geometry": {
        "type": "Point",
        "coordinates": [
          -1.631089,
          54.965431
        ]
      }
    },
    {
      "type": "Feature",
      "properties": {
        "id": "NutsCons_66",
        "name": null,
        "nuts3": "FRJ27"
      },
      "geometry": {
        "type": "Point",
        "coordinates": [
          1.844094,
          44.022548
        ]
      }
    },
    {
      "type": "Feature",
      "properties": {
        "id": "NutsCons_13",
        "name": null,
        "nuts3": "DEF0B"
      },
      "geometry": {
        "type": "Point",
        "coordinates": [
          9.699618,
          54.438941
        ]
      }
    },
    {
      "type": "Feature",
      "properties": {
        "id": "NutsCons_119",
        "name": null,
        "nuts3": "TR413"
      },
      "geometry": {
        "type": "Point",
        "coordinates": [
          29.933523,
          40.384162
        ]
      }
    },
    {
      "type": "Feature",
      "properties": {
        "id": "NutsCons_87",
        "name": null,
        "nuts3": "UKI45"
      },
      "geometry": {
        "type": "Point",
        "coordinates": [
          -0.11774,
          51.489032
        ]
      }
    },
    {
      "type": "Feature",
      "properties": {
        "id": "NutsCons_83",
        "name": null,
        "nuts3": "RO412"
      },
      "geometry": {
        "type": "Point",
        "coordinates": [
          22.904217,
          45.211747
        ]
      }
    },
    {
      "type": "Feature",
      "properties": {
        "id": "NutsCons_17",
        "name": null,
        "nuts3": null
      },
      "geometry": {
        "type": "Point",
        "coordinates": [
          23.433356,
          37.71725
        ]
      }
    },
    {
      "type": "Feature",
      "properties": {
        "id": "NutsCons_5",
        "name": null,
        "nuts3": "BG322"
      },
      "geometry": {
        "type": "Point",
        "coordinates": [
          25.466554,
          43.032664
        ]
      }
    },
    {
      "type": "Feature",
      "properties": {
        "id": "NutsCons_92",
        "name": null,
        "nuts3": "SK032"
      },
      "geometry": {
        "type": "Point",
        "coordinates": [
          19.714714,
          48.620865
        ]
      }
    },
    {
      "type": "Feature",
      "properties": {
        "id": "SEQ_57_p",
        "name": null,
        "nuts3": "EL522"
      },
      "geometry": {
        "type": "Point",
        "coordinates": [
          23.44427,
          40.796
        ]
      }
    },
    {
      "type": "Feature",
      "properties": {
        "id": "NutsCons_7",
        "name": null,
        "nuts3": "EL527"
      },
      "geometry": {
        "type": "Point",
        "coordinates": [
          23.487485,
          40.493802
        ]
      }
    },
    {
      "type": "Feature",
      "properties": {
        "id": "NutsCons_29",
        "name": null,
        "nuts3": "AL021"
      },
      "geometry": {
        "type": "Point",
        "coordinates": [
          20.016547,
          41.078377
        ]
      }
    },
    {
      "type": "Feature",
      "properties": {
        "id": "NutsCons_45",
        "name": null,
        "nuts3": "ES112"
      },
      "geometry": {
        "type": "Point",
        "coordinates": [
          -7.591838,
          42.985968
        ]
      }
    },
    {
      "type": "Feature",
      "properties": {
        "id": "NutsCons_120",
        "name": null,
        "nuts3": "TR323"
      },
      "geometry": {
        "type": "Point",
        "coordinates": [
          27.641178,
          37.381472
        ]
      }
    },
    {
      "type": "Feature",
      "properties": {
        "id": "NutsCons_104",
        "name": null,
        "nuts3": "UKG22"
      },
      "geometry": {
        "type": "Point",
        "coordinates": [
          -2.364897,
          52.492156
        ]
      }
    },
    {
      "type": "Feature",
      "properties": {
        "id": "INET_N_606",
        "name": null,
        "nuts3": "SE232"
      },
      "geometry": {
        "type": "Point",
        "coordinates": [
          11.97456,
          57.70887
        ]
      }
    },
    {
      "type": "Feature",
      "properties": {
        "id": "NutsCons_80",
        "name": null,
        "nuts3": "SE232"
      },
      "geometry": {
        "type": "Point",
        "coordinates": [
          12.751261,
          57.789475
        ]
      }
    },
    {
      "type": "Feature",
      "properties": {
        "id": "NutsCons_107",
        "name": null,
        "nuts3": "UKL14"
      },
      "geometry": {
        "type": "Point",
        "coordinates": [
          -4.14647,
          52.259784
        ]
      }
    },
    {
      "type": "Feature",
      "properties": {
        "id": "NutsCons_123",
        "name": null,
        "nuts3": "TR510"
      },
      "geometry": {
        "type": "Point",
        "coordinates": [
          32.476241,
          39.037616
        ]
      }
    },
    {
      "type": "Feature",
      "properties": {
        "id": "Stor_EU_5",
        "name": null,
        "nuts3": null
      },
      "geometry": {
        "type": "Point",
        "coordinates": [
          0.6717,
          40.47974
        ]
      }
    },
    {
      "type": "Feature",
      "properties": {
        "id": "NutsCons_48",
        "name": null,
        "nuts3": null
      },
      "geometry": {
        "type": "Point",
        "coordinates": [
          1.118314,
          40.010181
        ]
      }
    },
    {
      "type": "Feature",
      "properties": {
        "id": "NutsCons_118",
        "name": null,
        "nuts3": "TR823"
      },
      "geometry": {
        "type": "Point",
        "coordinates": [
          34.809781,
          41.258147
        ]
      }
    },
    {
      "type": "Feature",
      "properties": {
        "id": "NutsCons_82",
        "name": null,
        "nuts3": "PL721"
      },
      "geometry": {
        "type": "Point",
        "coordinates": [
          20.257362,
          51.115303
        ]
      }
    },
    {
      "type": "Feature",
      "properties": {
        "id": "NutsCons_124",
        "name": null,
        "nuts3": "TRB13"
      },
      "geometry": {
        "type": "Point",
        "coordinates": [
          40.678456,
          38.704781
        ]
      }
    },
    {
      "type": "Feature",
      "properties": {
        "id": "SEQ_11479_p",
        "name": null,
        "nuts3": "DEA53"
      },
      "geometry": {
        "type": "Point",
        "coordinates": [
          7.43023,
          51.39235
        ]
      }
    },
    {
      "type": "Feature",
      "properties": {
        "id": "SEQ_6512_p",
        "name": null,
        "nuts3": "UKH35"
      },
      "geometry": {
        "type": "Point",
        "coordinates": [
          0.03396,
          51.74435
        ]
      }
    },
    {
      "type": "Feature",
      "properties": {
        "id": "INET_N_1168",
        "name": null,
        "nuts3": "PL824"
      },
      "geometry": {
        "type": "Point",
        "coordinates": [
          22.3238,
          50.3167
        ]
      }
    },
    {
      "type": "Feature",
      "properties": {
        "id": "INET_N_336",
        "name": null,
        "nuts3": null
      },
      "geometry": {
        "type": "Point",
        "coordinates": [
          4.8676,
          43.4072
        ]
      }
    },
    {
      "type": "Feature",
      "properties": {
        "id": "INET_N_828",
        "name": null,
        "nuts3": "UKH16"
      },
      "geometry": {
        "type": "Point",
        "coordinates": [
          0.37954,
          52.72735
        ]
      }
    },
    {
      "type": "Feature",
      "properties": {
        "id": "INET_N_1806",
        "name": null,
        "nuts3": "DEB3E"
      },
      "geometry": {
        "type": "Point",
        "coordinates": [
          8.2816,
          49.0475
        ]
      }
    },
    {
      "type": "Feature",
      "properties": {
        "id": "INET_N_331",
        "name": null,
        "nuts3": "NL422"
      },
      "geometry": {
        "type": "Point",
        "coordinates": [
          5.907,
          51.1542
        ]
      }
    },
    {
      "type": "Feature",
      "properties": {
        "id": "INET_N_417",
        "name": null,
        "nuts3": "DEA52"
      },
      "geometry": {
        "type": "Point",
        "coordinates": [
          7.477,
          51.5197
        ]
      }
    },
    {
      "type": "Feature",
      "properties": {
        "id": "INET_N_429",
        "name": null,
        "nuts3": "IE061"
      },
      "geometry": {
        "type": "Point",
        "coordinates": [
          -6.2049,
          53.34
        ]
      }
    },
    {
      "type": "Feature",
      "properties": {
        "id": "INET_N_1115",
        "name": null,
        "nuts3": "RO125"
      },
      "geometry": {
        "type": "Point",
        "coordinates": [
          24.1833,
          46.4677
        ]
      }
    },
    {
      "type": "Feature",
      "properties": {
        "id": "LKD_N_290",
        "name": null,
        "nuts3": "DEA14"
      },
      "geometry": {
        "type": "Point",
        "coordinates": [
          6.595104,
          51.320544
        ]
      }
    },
    {
      "type": "Feature",
      "properties": {
        "id": "INET_N_647",
        "name": null,
        "nuts3": "SE224"
      },
      "geometry": {
        "type": "Point",
        "coordinates": [
          13.0404,
          55.6261
        ]
      }
    },
    {
      "type": "Feature",
      "properties": {
        "id": "INET_N_1351",
        "name": null,
        "nuts3": "DE141"
      },
      "geometry": {
        "type": "Point",
        "coordinates": [
          9.1856,
          48.4939
        ]
      }
    },
    {
      "type": "Feature",
      "properties": {
        "id": "INET_N_203",
        "name": null,
        "nuts3": "FRF31"
      },
      "geometry": {
        "type": "Point",
        "coordinates": [
          6.0849,
          48.8681
        ]
      }
    },
    {
      "type": "Feature",
      "properties": {
        "id": "INET_N_552",
        "name": null,
        "nuts3": "DE712"
      },
      "geometry": {
        "type": "Point",
        "coordinates": [
          8.5311,
          50.0918
        ]
      }
    },
    {
      "type": "Feature",
      "properties": {
        "id": "INET_N_251",
        "name": null,
        "nuts3": "DEA27"
      },
      "geometry": {
        "type": "Point",
        "coordinates": [
          6.9594,
          50.8305
        ]
      }
    },
    {
      "type": "Feature",
      "properties": {
        "id": "INET_N_714",
        "name": null,
        "nuts3": "NL323"
      },
      "geometry": {
        "type": "Point",
        "coordinates": [
          4.6048,
          52.4758
        ]
      }
    },
    {
      "type": "Feature",
      "properties": {
        "id": "INET_N_1089",
        "name": null,
        "nuts3": "DEA42"
      },
      "geometry": {
        "type": "Point",
        "coordinates": [
          8.4088,
          51.9073
        ]
      }
    },
    {
      "type": "Feature",
      "properties": {
        "id": "INET_N_118",
        "name": null,
        "nuts3": "DEG0P"
      },
      "geometry": {
        "type": "Point",
        "coordinates": [
          10.2206,
          50.8003
        ]
      }
    },
    {
      "type": "Feature",
      "properties": {
        "id": "SEQ_8069__S_LMGN",
        "name": null,
        "nuts3": "DEA12"
      },
      "geometry": {
        "type": "Point",
        "coordinates": [
          6.7456,
          51.40675
        ]
      }
    },
    {
      "type": "Feature",
      "properties": {
        "id": "INET_N_153",
        "name": null,
        "nuts3": "FRK11"
      },
      "geometry": {
        "type": "Point",
        "coordinates": [
          3.3007,
          46.2731
        ]
      }
    },
    {
      "type": "Feature",
      "properties": {
        "id": "INET_N_81",
        "name": null,
        "nuts3": "ES412"
      },
      "geometry": {
        "type": "Point",
        "coordinates": [
          -3.6892,
          41.6704
        ]
      }
    },
    {
      "type": "Feature",
      "properties": {
        "id": "INET_N_1508",
        "name": null,
        "nuts3": "DK032"
      },
      "geometry": {
        "type": "Point",
        "coordinates": [
          9.6148,
          55.5118
        ]
      }
    },
    {
      "type": "Feature",
      "properties": {
        "id": "INET_N_1525",
        "name": null,
        "nuts3": "ES532"
      },
      "geometry": {
        "type": "Point",
        "coordinates": [
          2.6807,
          39.65
        ]
      }
    },
    {
      "type": "Feature",
      "properties": {
        "id": "INET_N_1287",
        "name": null,
        "nuts3": "ITI12"
      },
      "geometry": {
        "type": "Point",
        "coordinates": [
          10.6023,
          43.8235
        ]
      }
    },
    {
      "type": "Feature",
      "properties": {
        "id": "INET_N_296",
        "name": null,
        "nuts3": "ES242"
      },
      "geometry": {
        "type": "Point",
        "coordinates": [
          -0.2928,
          41.2167
        ]
      }
    },
    {
      "type": "Feature",
      "properties": {
        "id": "INET_N_77",
        "name": null,
        "nuts3": "BE211"
      },
      "geometry": {
        "type": "Point",
        "coordinates": [
          4.3383,
          51.2565
        ]
      }
    },
    {
      "type": "Feature",
      "properties": {
        "id": "INET_N_1559",
        "name": null,
        "nuts3": "DEE0D"
      },
      "geometry": {
        "type": "Point",
        "coordinates": [
          11.8325,
          52.6087
        ]
      }
    },
    {
      "type": "Feature",
      "properties": {
        "id": "INET_N_1052",
        "name": null,
        "nuts3": "AT221"
      },
      "geometry": {
        "type": "Point",
        "coordinates": [
          15.49214,
          46.90859
        ]
      }
    },
    {
      "type": "Feature",
      "properties": {
        "id": "LKD_N_461",
        "name": null,
        "nuts3": "DEE04"
      },
      "geometry": {
        "type": "Point",
        "coordinates": [
          11.084801,
          52.844539
        ]
      }
    },
    {
      "type": "Feature",
      "properties": {
        "id": "INET_N_1008",
        "name": null,
        "nuts3": "ES617"
      },
      "geometry": {
        "type": "Point",
        "coordinates": [
          -4.5631,
          36.7495
        ]
      }
    },
    {
      "type": "Feature",
      "properties": {
        "id": "INET_N_1085",
        "name": null,
        "nuts3": "DEA1F"
      },
      "geometry": {
        "type": "Point",
        "coordinates": [
          6.6436,
          51.4693
        ]
      }
    },
    {
      "type": "Feature",
      "properties": {
        "id": "INET_N_214",
        "name": null,
        "nuts3": "DEA22"
      },
      "geometry": {
        "type": "Point",
        "coordinates": [
          7.0805,
          50.7338
        ]
      }
    },
    {
      "type": "Feature",
      "properties": {
        "id": "INET_N_1843",
        "name": null,
        "nuts3": "DEE07"
      },
      "geometry": {
        "type": "Point",
        "coordinates": [
          11.6796,
          52.2985
        ]
      }
    },
    {
      "type": "Feature",
      "properties": {
        "id": "INET_N_469",
        "name": null,
        "nuts3": "NL341"
      },
      "geometry": {
        "type": "Point",
        "coordinates": [
          3.7787,
          51.3331
        ]
      }
    },
    {
      "type": "Feature",
      "properties": {
        "id": "INET_N_914",
        "name": null,
        "nuts3": "NL310"
      },
      "geometry": {
        "type": "Point",
        "coordinates": [
          5.0713,
          52.1026
        ]
      }
    },
    {
      "type": "Feature",
      "properties": {
        "id": "INET_N_1235",
        "name": null,
        "nuts3": "ITH52"
      },
      "geometry": {
        "type": "Point",
        "coordinates": [
          10.3055,
          44.9289
        ]
      }
    },
    {
      "type": "Feature",
      "properties": {
        "id": "INET_N_1406",
        "name": null,
        "nuts3": "PL823"
      },
      "geometry": {
        "type": "Point",
        "coordinates": [
          22.0285,
          50.0658
        ]
      }
    },
    {
      "type": "Feature",
      "properties": {
        "id": "INET_N_1818",
        "name": null,
        "nuts3": "DE263"
      },
      "geometry": {
        "type": "Point",
        "coordinates": [
          9.9231,
          49.8
        ]
      }
    },
    {
      "type": "Feature",
      "properties": {
        "id": "INET_N_920",
        "name": null,
        "nuts3": "ITF22"
      },
      "geometry": {
        "type": "Point",
        "coordinates": [
          14.9193,
          41.8055
        ]
      }
    },
    {
      "type": "Feature",
      "properties": {
        "id": "INET_N_1371",
        "name": null,
        "nuts3": "ITF65"
      },
      "geometry": {
        "type": "Point",
        "coordinates": [
          15.99,
          38.4453
        ]
      }
    },
    {
      "type": "Feature",
      "properties": {
        "id": "INET_N_1006",
        "name": null,
        "nuts3": "DEB35"
      },
      "geometry": {
        "type": "Point",
        "coordinates": [
          8.2379,
          50.0264
        ]
      }
    },
    {
      "type": "Feature",
      "properties": {
        "id": "INET_N_1",
        "name": null,
        "nuts3": "BE231"
      },
      "geometry": {
        "type": "Point",
        "coordinates": [
          4.0355,
          50.936
        ]
      }
    },
    {
      "type": "Feature",
      "properties": {
        "id": "INET_N_250",
        "name": null,
        "nuts3": "DE131"
      },
      "geometry": {
        "type": "Point",
        "coordinates": [
          7.8452,
          48.0202
        ]
      }
    },
    {
      "type": "Feature",
      "properties": {
        "id": "LKD_N_605",
        "name": null,
        "nuts3": "DE11C"
      },
      "geometry": {
        "type": "Point",
        "coordinates": [
          10.17675,
          48.64952
        ]
      }
    },
    {
      "type": "Feature",
      "properties": {
        "id": "INET_N_636",
        "name": null,
        "nuts3": "DEA53"
      },
      "geometry": {
        "type": "Point",
        "coordinates": [
          7.4917,
          51.411
        ]
      }
    },
    {
      "type": "Feature",
      "properties": {
        "id": "INET_N_1637",
        "name": null,
        "nuts3": "DE40H"
      },
      "geometry": {
        "type": "Point",
        "coordinates": [
          13.3019,
          52.2302
        ]
      }
    },
    {
      "type": "Feature",
      "properties": {
        "id": "INET_N_937",
        "name": null,
        "nuts3": "NL337"
      },
      "geometry": {
        "type": "Point",
        "coordinates": [
          4.4941,
          52.1641
        ]
      }
    },
    {
      "type": "Feature",
      "properties": {
        "id": "INET_N_357",
        "name": null,
        "nuts3": "ES615"
      },
      "geometry": {
        "type": "Point",
        "coordinates": [
          -6.943,
          37.2156
        ]
      }
    },
    {
      "type": "Feature",
      "properties": {
        "id": "SEQ_10450_p",
        "name": null,
        "nuts3": "DK011"
      },
      "geometry": {
        "type": "Point",
        "coordinates": [
          12.49159,
          55.67675
        ]
      }
    },
    {
      "type": "Feature",
      "properties": {
        "id": "INET_N_1207",
        "name": null,
        "nuts3": "DK011"
      },
      "geometry": {
        "type": "Point",
        "coordinates": [
          12.56834,
          55.6761
        ]
      }
    },
    {
      "type": "Feature",
      "properties": {
        "id": "LKD_N_513",
        "name": null,
        "nuts3": "DE405"
      },
      "geometry": {
        "type": "Point",
        "coordinates": [
          13.558711,
          52.582434
        ]
      }
    },
    {
      "type": "Feature",
      "properties": {
        "id": "INET_N_218",
        "name": null,
        "nuts3": "HU311"
      },
      "geometry": {
        "type": "Point",
        "coordinates": [
          20.6476,
          48.2453
        ]
      }
    },
    {
      "type": "Feature",
      "properties": {
        "id": "INET_N_947",
        "name": null,
        "nuts3": "DEE0B"
      },
      "geometry": {
        "type": "Point",
        "coordinates": [
          12.0193,
          51.2998
        ]
      }
    },
    {
      "type": "Feature",
      "properties": {
        "id": "INET_N_499",
        "name": null,
        "nuts3": "DEG01"
      },
      "geometry": {
        "type": "Point",
        "coordinates": [
          11.0299,
          50.9848
        ]
      }
    },
    {
      "type": "Feature",
      "properties": {
        "id": "INET_N_144",
        "name": null,
        "nuts3": "DEA1A"
      },
      "geometry": {
        "type": "Point",
        "coordinates": [
          7.2003,
          51.2689
        ]
      }
    },
    {
      "type": "Feature",
      "properties": {
        "id": "SEQ_12161_p",
        "name": null,
        "nuts3": "DE94C"
      },
      "geometry": {
        "type": "Point",
        "coordinates": [
          7.28694,
          53.314881
        ]
      }
    },
    {
      "type": "Feature",
      "properties": {
        "id": "N_80_G_LMGN",
        "name": null,
        "nuts3": "DE942"
      },
      "geometry": {
        "type": "Point",
        "coordinates": [
          7.23046,
          53.34639
        ]
      }
    },
    {
      "type": "Feature",
      "properties": {
        "id": "INET_N_1666",
        "name": null,
        "nuts3": "DE142"
      },
      "geometry": {
        "type": "Point",
        "coordinates": [
          9.0715,
          48.5109
        ]
      }
    },
    {
      "type": "Feature",
      "properties": {
        "id": "INET_N_484",
        "name": null,
        "nuts3": "ITC4B"
      },
      "geometry": {
        "type": "Point",
        "coordinates": [
          10.835,
          45.1492
        ]
      }
    },
    {
      "type": "Feature",
      "properties": {
        "id": "INET_N_1137",
        "name": null,
        "nuts3": "DEA26"
      },
      "geometry": {
        "type": "Point",
        "coordinates": [
          6.49,
          50.7728
        ]
      }
    },
    {
      "type": "Feature",
      "properties": {
        "id": "INET_N_514",
        "name": null,
        "nuts3": "DE139"
      },
      "geometry": {
        "type": "Point",
        "coordinates": [
          7.8072,
          47.5708
        ]
      }
    },
    {
      "type": "Feature",
      "properties": {
        "id": "INET_N_1402",
        "name": null,
        "nuts3": "SE232"
      },
      "geometry": {
        "type": "Point",
        "coordinates": [
          11.8905,
          57.6924
        ]
      }
    },
    {
      "type": "Feature",
      "properties": {
        "id": "INET_N_990",
        "name": null,
        "nuts3": "DE126"
      },
      "geometry": {
        "type": "Point",
        "coordinates": [
          8.4709,
          49.5307
        ]
      }
    },
    {
      "type": "Feature",
      "properties": {
        "id": "INET_N_1300",
        "name": null,
        "nuts3": "DE404"
      },
      "geometry": {
        "type": "Point",
        "coordinates": [
          13.1125,
          52.3661
        ]
      }
    },
    {
      "type": "Feature",
      "properties": {
        "id": "INET_N_83",
        "name": null,
        "nuts3": "ES612"
      },
      "geometry": {
        "type": "Point",
        "coordinates": [
          -5.8164,
          36.6721
        ]
      }
    },
    {
      "type": "Feature",
      "properties": {
        "id": "INET_N_107",
        "name": null,
        "nuts3": "ITH35"
      },
      "geometry": {
        "type": "Point",
        "coordinates": [
          12.2239,
          45.4511
        ]
      }
    },
    {
      "type": "Feature",
      "properties": {
        "id": "INET_N_78",
        "name": null,
        "nuts3": "DEA1B"
      },
      "geometry": {
        "type": "Point",
        "coordinates": [
          6.3586,
          51.7297
        ]
      }
    },
    {
      "type": "Feature",
      "properties": {
        "id": "INET_N_1258",
        "name": null,
        "nuts3": "DE129"
      },
      "geometry": {
        "type": "Point",
        "coordinates": [
          8.6653,
          48.8832
        ]
      }
    },
    {
      "type": "Feature",
      "properties": {
        "id": "INET_N_1257",
        "name": null,
        "nuts3": "DE111"
      },
      "geometry": {
        "type": "Point",
        "coordinates": [
          9.1103,
          48.7508
        ]
      }
    },
    {
      "type": "Feature",
      "properties": {
        "id": "SEQ_2273_p",
        "name": null,
        "nuts3": "HU231"
      },
      "geometry": {
        "type": "Point",
        "coordinates": [
          18.27462,
          46.01548
        ]
      }
    },
    {
      "type": "Feature",
      "properties": {
        "id": "INET_N_1242",
        "name": null,
        "nuts3": "HU231"
      },
      "geometry": {
        "type": "Point",
        "coordinates": [
          18.2634,
          46.0641
        ]
      }
    },
    {
      "type": "Feature",
      "properties": {
        "id": "INET_N_180",
        "name": null,
        "nuts3": "BE236"
      },
      "geometry": {
        "type": "Point",
        "coordinates": [
          4.2563,
          51.2119
        ]
      }
    },
    {
      "type": "Feature",
      "properties": {
        "id": "INET_N_196",
        "name": null,
        "nuts3": "DEE05"
      },
      "geometry": {
        "type": "Point",
        "coordinates": [
          12.327,
          51.6257
        ]
      }
    },
    {
      "type": "Feature",
      "properties": {
        "id": "INET_N_1474",
        "name": null,
        "nuts3": "UKC11"
      },
      "geometry": {
        "type": "Point",
        "coordinates": [
          -1.200868,
          54.609072
        ]
      }
    },
    {
      "type": "Feature",
      "properties": {
        "id": "INET_N_1422",
        "name": null,
        "nuts3": "UKE12"
      },
      "geometry": {
        "type": "Point",
        "coordinates": [
          -0.243416,
          53.734802
        ]
      }
    },
    {
      "type": "Feature",
      "properties": {
        "id": "INET_N_241",
        "name": null,
        "nuts3": "SI036"
      },
      "geometry": {
        "type": "Point",
        "coordinates": [
          15.4796,
          45.9975
        ]
      }
    },
    {
      "type": "Feature",
      "properties": {
        "id": "INET_N_1444",
        "name": null,
        "nuts3": "ITI18"
      },
      "geometry": {
        "type": "Point",
        "coordinates": [
          11.4777,
          43.565
        ]
      }
    },
    {
      "type": "Feature",
      "properties": {
        "id": "INET_N_59",
        "name": null,
        "nuts3": "ES213"
      },
      "geometry": {
        "type": "Point",
        "coordinates": [
          -2.7497,
          43.2347
        ]
      }
    },
    {
      "type": "Feature",
      "properties": {
        "id": "INET_N_804",
        "name": null,
        "nuts3": "FI1B1"
      },
      "geometry": {
        "type": "Point",
        "coordinates": [
          25.105,
          60.4034
        ]
      }
    },
    {
      "type": "Feature",
      "properties": {
        "id": "INET_N_740",
        "name": null,
        "nuts3": "EE001"
      },
      "geometry": {
        "type": "Point",
        "coordinates": [
          24.9246,
          59.4514
        ]
      }
    },
    {
      "type": "Feature",
      "properties": {
        "id": "INET_N_58",
        "name": null,
        "nuts3": "BE32B"
      },
      "geometry": {
        "type": "Point",
        "coordinates": [
          4.3955,
          50.4304
        ]
      }
    },
    {
      "type": "Feature",
      "properties": {
        "id": "INET_N_234",
        "name": null,
        "nuts3": "RO316"
      },
      "geometry": {
        "type": "Point",
        "coordinates": [
          25.9988,
          44.8802
        ]
      }
    },
    {
      "type": "Feature",
      "properties": {
        "id": "INET_N_1112",
        "name": null,
        "nuts3": "DEA33"
      },
      "geometry": {
        "type": "Point",
        "coordinates": [
          7.6413,
          51.9501
        ]
      }
    },
    {
      "type": "Feature",
      "properties": {
        "id": "INET_N_615",
        "name": null,
        "nuts3": "DE80N"
      },
      "geometry": {
        "type": "Point",
        "coordinates": [
          13.385,
          54.0973
        ]
      }
    },
    {
      "type": "Feature",
      "properties": {
        "id": "INET_N_1233",
        "name": null,
        "nuts3": "ES212"
      },
      "geometry": {
        "type": "Point",
        "coordinates": [
          -1.9688,
          43.2596
        ]
      }
    },
    {
      "type": "Feature",
      "properties": {
        "id": "SEQ_3958_p",
        "name": null,
        "nuts3": "UKL23"
      },
      "geometry": {
        "type": "Point",
        "coordinates": [
          -3.16689,
          53.24967
        ]
      }
    },
    {
      "type": "Feature",
      "properties": {
        "id": "INET_N_270",
        "name": null,
        "nuts3": "UKL23"
      },
      "geometry": {
        "type": "Point",
        "coordinates": [
          -3.0813,
          53.232
        ]
      }
    },
    {
      "type": "Feature",
      "properties": {
        "id": "INET_N_4",
        "name": null,
        "nuts3": "ES425"
      },
      "geometry": {
        "type": "Point",
        "coordinates": [
          -3.8558,
          39.9442
        ]
      }
    },
    {
      "type": "Feature",
      "properties": {
        "id": "INET_N_426",
        "name": null,
        "nuts3": "BE241"
      },
      "geometry": {
        "type": "Point",
        "coordinates": [
          4.299,
          50.8023
        ]
      }
    },
    {
      "type": "Feature",
      "properties": {
        "id": "INET_N_506",
        "name": null,
        "nuts3": "LU000"
      },
      "geometry": {
        "type": "Point",
        "coordinates": [
          5.9646,
          49.5119
        ]
      }
    },
    {
      "type": "Feature",
      "properties": {
        "id": "INET_N_763",
        "name": null,
        "nuts3": "HR064"
      },
      "geometry": {
        "type": "Point",
        "coordinates": [
          16.1814,
          46.0386
        ]
      }
    },
    {
      "type": "Feature",
      "properties": {
        "id": "INET_N_271",
        "name": null,
        "nuts3": "ITF13"
      },
      "geometry": {
        "type": "Point",
        "coordinates": [
          13.8398,
          42.2002
        ]
      }
    },
    {
      "type": "Feature",
      "properties": {
        "id": "INET_N_173",
        "name": null,
        "nuts3": "DE300"
      },
      "geometry": {
        "type": "Point",
        "coordinates": [
          13.421,
          52.5116
        ]
      }
    },
    {
      "type": "Feature",
      "properties": {
        "id": "INET_N_589",
        "name": null,
        "nuts3": "ITF14"
      },
      "geometry": {
        "type": "Point",
        "coordinates": [
          14.5639,
          42.0502
        ]
      }
    },
    {
      "type": "Feature",
      "properties": {
        "id": "INET_N_939",
        "name": null,
        "nuts3": "DED51"
      },
      "geometry": {
        "type": "Point",
        "coordinates": [
          12.3784,
          51.3512
        ]
      }
    },
    {
      "type": "Feature",
      "properties": {
        "id": "INET_N_301",
        "name": null,
        "nuts3": "ITF11"
      },
      "geometry": {
        "type": "Point",
        "coordinates": [
          13.5475,
          42.0458
        ]
      }
    },
    {
      "type": "Feature",
      "properties": {
        "id": "INET_N_342",
        "name": null,
        "nuts3": "UKF25"
      },
      "geometry": {
        "type": "Point",
        "coordinates": [
          -0.6814,
          52.5104
        ]
      }
    },
    {
      "type": "Feature",
      "properties": {
        "id": "INET_N_986",
        "name": null,
        "nuts3": "DEB34"
      },
      "geometry": {
        "type": "Point",
        "coordinates": [
          8.4336,
          49.4531
        ]
      }
    },
    {
      "type": "Feature",
      "properties": {
        "id": "SEQ_3020_p",
        "name": null,
        "nuts3": "RO322"
      },
      "geometry": {
        "type": "Point",
        "coordinates": [
          26.11987,
          44.31135
        ]
      }
    },
    {
      "type": "Feature",
      "properties": {
        "id": "INET_N_257",
        "name": null,
        "nuts3": "RO321"
      },
      "geometry": {
        "type": "Point",
        "coordinates": [
          26.1073,
          44.372
        ]
      }
    },
    {
      "type": "Feature",
      "properties": {
        "id": "INET_N_966",
        "name": null,
        "nuts3": "UKH24"
      },
      "geometry": {
        "type": "Point",
        "coordinates": [
          -0.269294,
          52.204609
        ]
      }
    },
    {
      "type": "Feature",
      "properties": {
        "id": "INET_N_584",
        "name": null,
        "nuts3": "BE234"
      },
      "geometry": {
        "type": "Point",
        "coordinates": [
          3.7167,
          51.05
        ]
      }
    },
    {
      "type": "Feature",
      "properties": {
        "id": "INET_N_1381",
        "name": null,
        "nuts3": "ITI16"
      },
      "geometry": {
        "type": "Point",
        "coordinates": [
          10.44818,
          43.38178
        ]
      }
    },
    {
      "type": "Feature",
      "properties": {
        "id": "INET_N_834",
        "name": null,
        "nuts3": "DEA43"
      },
      "geometry": {
        "type": "Point",
        "coordinates": [
          8.6482,
          52.1951
        ]
      }
    },
    {
      "type": "Feature",
      "properties": {
        "id": "INET_N_1261",
        "name": null,
        "nuts3": "ITI21"
      },
      "geometry": {
        "type": "Point",
        "coordinates": [
          12.1995,
          42.9954
        ]
      }
    },
    {
      "type": "Feature",
      "properties": {
        "id": "INET_N_1132",
        "name": null,
        "nuts3": "DE80J"
      },
      "geometry": {
        "type": "Point",
        "coordinates": [
          13.2951,
          53.5745
        ]
      }
    },
    {
      "type": "Feature",
      "properties": {
        "id": "INET_N_1649",
        "name": null,
        "nuts3": "ITH42"
      },
      "geometry": {
        "type": "Point",
        "coordinates": [
          13.2891,
          45.817
        ]
      }
    },
    {
      "type": "Feature",
      "properties": {
        "id": "INET_N_1786",
        "name": null,
        "nuts3": "DEA58"
      },
      "geometry": {
        "type": "Point",
        "coordinates": [
          7.70523,
          51.27724
        ]
      }
    },
    {
      "type": "Feature",
      "properties": {
        "id": "INET_N_1463",
        "name": null,
        "nuts3": "DE279"
      },
      "geometry": {
        "type": "Point",
        "coordinates": [
          10.1144,
          48.1603
        ]
      }
    },
    {
      "type": "Feature",
      "properties": {
        "id": "INET_N_503",
        "name": null,
        "nuts3": "ES243"
      },
      "geometry": {
        "type": "Point",
        "coordinates": [
          -0.3376,
          41.2977
        ]
      }
    },
    {
      "type": "Feature",
      "properties": {
        "id": "INET_N_75",
        "name": null,
        "nuts3": "DEB3H"
      },
      "geometry": {
        "type": "Point",
        "coordinates": [
          7.936,
          49.2095
        ]
      }
    },
    {
      "type": "Feature",
      "properties": {
        "id": "N_2070_S_LMGN",
        "name": null,
        "nuts3": "DEA51"
      },
      "geometry": {
        "type": "Point",
        "coordinates": [
          7.2373,
          51.49086
        ]
      }
    },
    {
      "type": "Feature",
      "properties": {
        "id": "INET_N_242",
        "name": null,
        "nuts3": "DE71B"
      },
      "geometry": {
        "type": "Point",
        "coordinates": [
          9.0117,
          49.8108
        ]
      }
    },
    {
      "type": "Feature",
      "properties": {
        "id": "INET_N_458",
        "name": null,
        "nuts3": "DED53"
      },
      "geometry": {
        "type": "Point",
        "coordinates": [
          12.592,
          51.4656
        ]
      }
    },
    {
      "type": "Feature",
      "properties": {
        "id": "INET_N_69",
        "name": null,
        "nuts3": "BE332"
      },
      "geometry": {
        "type": "Point",
        "coordinates": [
          5.5837,
          50.6177
        ]
      }
    },
    {
      "type": "Feature",
      "properties": {
        "id": "INET_N_475",
        "name": null,
        "nuts3": "FRF33"
      },
      "geometry": {
        "type": "Point",
        "coordinates": [
          6.7018,
          49.1526
        ]
      }
    },
    {
      "type": "Feature",
      "properties": {
        "id": "INET_N_550",
        "name": null,
        "nuts3": "DE254"
      },
      "geometry": {
        "type": "Point",
        "coordinates": [
          11.0077,
          49.4208
        ]
      }
    },
    {
      "type": "Feature",
      "properties": {
        "id": "INET_N_813",
        "name": null,
        "nuts3": "DEF02"
      },
      "geometry": {
        "type": "Point",
        "coordinates": [
          10.1267,
          54.3275
        ]
      }
    },
    {
      "type": "Feature",
      "properties": {
        "id": "INET_N_1177",
        "name": null,
        "nuts3": "HU323"
      },
      "geometry": {
        "type": "Point",
        "coordinates": [
          21.6988,
          47.9569
        ]
      }
    },
    {
      "type": "Feature",
      "properties": {
        "id": "INET_N_1227",
        "name": null,
        "nuts3": "ITG12"
      },
      "geometry": {
        "type": "Point",
        "coordinates": [
          13.7512,
          37.9684
        ]
      }
    },
    {
      "type": "Feature",
      "properties": {
        "id": "INET_N_86",
        "name": null,
        "nuts3": "ES230"
      },
      "geometry": {
        "type": "Point",
        "coordinates": [
          -2.2511,
          42.4194
        ]
      }
    },
    {
      "type": "Feature",
      "properties": {
        "id": "Stor_EU_77",
        "name": null,
        "nuts3": "DE125"
      },
      "geometry": {
        "type": "Point",
        "coordinates": [
          8.67442,
          49.40305
        ]
      }
    },
    {
      "type": "Feature",
      "properties": {
        "id": "INET_N_1110",
        "name": null,
        "nuts3": "DE212"
      },
      "geometry": {
        "type": "Point",
        "coordinates": [
          11.5957,
          48.1889
        ]
      }
    },
    {
      "type": "Feature",
      "properties": {
        "id": "INET_N_315",
        "name": null,
        "nuts3": "DED41"
      },
      "geometry": {
        "type": "Point",
        "coordinates": [
          12.9231,
          50.857
        ]
      }
    },
    {
      "type": "Feature",
      "properties": {
        "id": "INET_N_968",
        "name": null,
        "nuts3": "ITC12"
      },
      "geometry": {
        "type": "Point",
        "coordinates": [
          8.1932,
          45.23723
        ]
      }
    },
    {
      "type": "Feature",
      "properties": {
        "id": "INET_N_904",
        "name": null,
        "nuts3": "DE931"
      },
      "geometry": {
        "type": "Point",
        "coordinates": [
          10.2457,
          52.6235
        ]
      }
    },
    {
      "type": "Feature",
      "properties": {
        "id": "INET_N_1532",
        "name": null,
        "nuts3": "UKF30"
      },
      "geometry": {
        "type": "Point",
        "coordinates": [
          -0.132164,
          52.807811
        ]
      }
    },
    {
      "type": "Feature",
      "properties": {
        "id": "INET_N_50",
        "name": null,
        "nuts3": "DE113"
      },
      "geometry": {
        "type": "Point",
        "coordinates": [
          9.3749,
          48.7176
        ]
      }
    },
    {
      "type": "Feature",
      "properties": {
        "id": "INET_N_770",
        "name": null,
        "nuts3": "DEB32"
      },
      "geometry": {
        "type": "Point",
        "coordinates": [
          7.7602,
          49.4347
        ]
      }
    },
    {
      "type": "Feature",
      "properties": {
        "id": "INET_N_1133",
        "name": null,
        "nuts3": "DEB39"
      },
      "geometry": {
        "type": "Point",
        "coordinates": [
          8.3589,
          49.6633
        ]
      }
    },
    {
      "type": "Feature",
      "properties": {
        "id": "INET_N_1447",
        "name": null,
        "nuts3": "DE925"
      },
      "geometry": {
        "type": "Point",
        "coordinates": [
          9.8225,
          51.9851
        ]
      }
    },
    {
      "type": "Feature",
      "properties": {
        "id": "INET_N_1045",
        "name": null,
        "nuts3": "DE21K"
      },
      "geometry": {
        "type": "Point",
        "coordinates": [
          12.1852,
          48.0564
        ]
      }
    },
    {
      "type": "Feature",
      "properties": {
        "id": "INET_N_1294",
        "name": null,
        "nuts3": "ITH37"
      },
      "geometry": {
        "type": "Point",
        "coordinates": [
          12.219946,
          45.034434
        ]
      }
    },
    {
      "type": "Feature",
      "properties": {
        "id": "INET_N_534",
        "name": null,
        "nuts3": "UKM77"
      },
      "geometry": {
        "type": "Point",
        "coordinates": [
          -3.306111,
          56.168889
        ]
      }
    },
    {
      "type": "Feature",
      "properties": {
        "id": "INET_N_291",
        "name": null,
        "nuts3": "ITI45"
      },
      "geometry": {
        "type": "Point",
        "coordinates": [
          13.752,
          41.476
        ]
      }
    },
    {
      "type": "Feature",
      "properties": {
        "id": "INET_N_1726",
        "name": null,
        "nuts3": "DE94A"
      },
      "geometry": {
        "type": "Point",
        "coordinates": [
          8.1282,
          53.4032
        ]
      }
    },
    {
      "type": "Feature",
      "properties": {
        "id": "INET_N_643",
        "name": null,
        "nuts3": "DE600"
      },
      "geometry": {
        "type": "Point",
        "coordinates": [
          9.9508,
          53.5177
        ]
      }
    },
    {
      "type": "Feature",
      "properties": {
        "id": "INET_N_228",
        "name": null,
        "nuts3": "DE40B"
      },
      "geometry": {
        "type": "Point",
        "coordinates": [
          13.9711,
          51.5122
        ]
      }
    },
    {
      "type": "Feature",
      "properties": {
        "id": "INET_N_578",
        "name": null,
        "nuts3": "FR105"
      },
      "geometry": {
        "type": "Point",
        "coordinates": [
          2.3,
          48.9333
        ]
      }
    },
    {
      "type": "Feature",
      "properties": {
        "id": "INET_N_44",
        "name": null,
        "nuts3": "HU110"
      },
      "geometry": {
        "type": "Point",
        "coordinates": [
          19.0525,
          47.428
        ]
      }
    },
    {
      "type": "Feature",
      "properties": {
        "id": "INET_N_483",
        "name": null,
        "nuts3": "UKI54"
      },
      "geometry": {
        "type": "Point",
        "coordinates": [
          -0.0225,
          51.6625
        ]
      }
    },
    {
      "type": "Feature",
      "properties": {
        "id": "INET_N_1358",
        "name": null,
        "nuts3": "LV007"
      },
      "geometry": {
        "type": "Point",
        "coordinates": [
          24.2766,
          56.918
        ]
      }
    },
    {
      "type": "Feature",
      "properties": {
        "id": "INET_N_51",
        "name": null,
        "nuts3": "ITF61"
      },
      "geometry": {
        "type": "Point",
        "coordinates": [
          16.215,
          39.7118
        ]
      }
    },
    {
      "type": "Feature",
      "properties": {
        "id": "INET_N_120",
        "name": null,
        "nuts3": "UKL17"
      },
      "geometry": {
        "type": "Point",
        "coordinates": [
          -3.7802,
          51.5924
        ]
      }
    },
    {
      "type": "Feature",
      "properties": {
        "id": "INET_N_62",
        "name": null,
        "nuts3": "NL329"
      },
      "geometry": {
        "type": "Point",
        "coordinates": [
          4.8418,
          52.4063
        ]
      }
    },
    {
      "type": "Feature",
      "properties": {
        "id": "INET_N_1396",
        "name": null,
        "nuts3": "DE717"
      },
      "geometry": {
        "type": "Point",
        "coordinates": [
          8.4141,
          49.992
        ]
      }
    },
    {
      "type": "Feature",
      "properties": {
        "id": "INET_N_1825",
        "name": null,
        "nuts3": "HR050"
      },
      "geometry": {
        "type": "Point",
        "coordinates": [
          16.0169,
          45.7816
        ]
      }
    },
    {
      "type": "Feature",
      "properties": {
        "id": "INET_N_593",
        "name": null,
        "nuts3": "HU221"
      },
      "geometry": {
        "type": "Point",
        "coordinates": [
          17.8033,
          47.7384
        ]
      }
    },
    {
      "type": "Feature",
      "properties": {
        "id": "INET_N_558",
        "name": null,
        "nuts3": "DE732"
      },
      "geometry": {
        "type": "Point",
        "coordinates": [
          9.6813,
          50.5691
        ]
      }
    },
    {
      "type": "Feature",
      "properties": {
        "id": "Stor_EU_87",
        "name": null,
        "nuts3": "DE711"
      },
      "geometry": {
        "type": "Point",
        "coordinates": [
          8.62416,
          49.87933
        ]
      }
    },
    {
      "type": "Feature",
      "properties": {
        "id": "INET_N_1001",
        "name": null,
        "nuts3": "ITF31"
      },
      "geometry": {
        "type": "Point",
        "coordinates": [
          14.37,
          41.0197
        ]
      }
    },
    {
      "type": "Feature",
      "properties": {
        "id": "INET_N_1245",
        "name": null,
        "nuts3": "DE21N"
      },
      "geometry": {
        "type": "Point",
        "coordinates": [
          11.0554,
          47.7895
        ]
      }
    },
    {
      "type": "Feature",
      "properties": {
        "id": "INET_N_79",
        "name": null,
        "nuts3": "ITI44"
      },
      "geometry": {
        "type": "Point",
        "coordinates": [
          12.6337,
          41.5616
        ]
      }
    },
    {
      "type": "Feature",
      "properties": {
        "id": "INET_N_1016",
        "name": null,
        "nuts3": "SK021"
      },
      "geometry": {
        "type": "Point",
        "coordinates": [
          17.6978,
          48.4296
        ]
      }
    },
    {
      "type": "Feature",
      "properties": {
        "id": "INET_N_1722",
        "name": null,
        "nuts3": "ES418"
      },
      "geometry": {
        "type": "Point",
        "coordinates": [
          -4.7237,
          41.6552
        ]
      }
    },
    {
      "type": "Feature",
      "properties": {
        "id": "INET_N_1123",
        "name": null,
        "nuts3": "ITF33"
      },
      "geometry": {
        "type": "Point",
        "coordinates": [
          14.3006,
          40.8339
        ]
      }
    },
    {
      "type": "Feature",
      "properties": {
        "id": "INET_N_1616",
        "name": null,
        "nuts3": "UKI72"
      },
      "geometry": {
        "type": "Point",
        "coordinates": [
          -0.2575,
          51.5459
        ]
      }
    },
    {
      "type": "Feature",
      "properties": {
        "id": "INET_N_501",
        "name": null,
        "nuts3": "DE252"
      },
      "geometry": {
        "type": "Point",
        "coordinates": [
          11.0016,
          49.593
        ]
      }
    },
    {
      "type": "Feature",
      "properties": {
        "id": "INET_N_978",
        "name": null,
        "nuts3": "HU312"
      },
      "geometry": {
        "type": "Point",
        "coordinates": [
          19.67779,
          47.71644
        ]
      }
    },
    {
      "type": "Feature",
      "properties": {
        "id": "INET_N_1268",
        "name": null,
        "nuts3": "ES514"
      },
      "geometry": {
        "type": "Point",
        "coordinates": [
          0.8692,
          40.9596
        ]
      }
    },
    {
      "type": "Feature",
      "properties": {
        "id": "INET_N_1454",
        "name": null,
        "nuts3": "ITF62"
      },
      "geometry": {
        "type": "Point",
        "coordinates": [
          17.0325,
          39.1022
        ]
      }
    },
    {
      "type": "Feature",
      "properties": {
        "id": "INET_N_762",
        "name": null,
        "nuts3": "DEG03"
      },
      "geometry": {
        "type": "Point",
        "coordinates": [
          11.5857,
          50.8969
        ]
      }
    },
    {
      "type": "Feature",
      "properties": {
        "id": "INET_N_535",
        "name": null,
        "nuts3": "ES111"
      },
      "geometry": {
        "type": "Point",
        "coordinates": [
          -8.5457,
          42.8805
        ]
      }
    },
    {
      "type": "Feature",
      "properties": {
        "id": "INET_N_1499",
        "name": null,
        "nuts3": "ITF63"
      },
      "geometry": {
        "type": "Point",
        "coordinates": [
          16.6569,
          38.8759
        ]
      }
    },
    {
      "type": "Feature",
      "properties": {
        "id": "INET_N_1625",
        "name": null,
        "nuts3": "ITI22"
      },
      "geometry": {
        "type": "Point",
        "coordinates": [
          12.6176,
          42.554
        ]
      }
    },
    {
      "type": "Feature",
      "properties": {
        "id": "INET_N_945",
        "name": null,
        "nuts3": "DED2C"
      },
      "geometry": {
        "type": "Point",
        "coordinates": [
          13.9776,
          51.1514
        ]
      }
    },
    {
      "type": "Feature",
      "properties": {
        "id": "INET_N_1282",
        "name": null,
        "nuts3": "ES114"
      },
      "geometry": {
        "type": "Point",
        "coordinates": [
          -8.6667,
          42.4167
        ]
      }
    },
    {
      "type": "Feature",
      "properties": {
        "id": "INET_N_221",
        "name": null,
        "nuts3": "FRE11"
      },
      "geometry": {
        "type": "Point",
        "coordinates": [
          3.3156,
          50.2987
        ]
      }
    },
    {
      "type": "Feature",
      "properties": {
        "id": "INET_N_530",
        "name": null,
        "nuts3": "ITC48"
      },
      "geometry": {
        "type": "Point",
        "coordinates": [
          8.8668,
          45.0998
        ]
      }
    },
    {
      "type": "Feature",
      "properties": {
        "id": "INET_N_1269",
        "name": null,
        "nuts3": "DE224"
      },
      "geometry": {
        "type": "Point",
        "coordinates": [
          12.8825,
          48.7874
        ]
      }
    },
    {
      "type": "Feature",
      "properties": {
        "id": "INET_N_580",
        "name": null,
        "nuts3": "DEG02"
      },
      "geometry": {
        "type": "Point",
        "coordinates": [
          12.061,
          50.9076
        ]
      }
    },
    {
      "type": "Feature",
      "properties": {
        "id": "INET_N_232",
        "name": null,
        "nuts3": "DE911"
      },
      "geometry": {
        "type": "Point",
        "coordinates": [
          10.5147,
          52.2786
        ]
      }
    },
    {
      "type": "Feature",
      "properties": {
        "id": "INET_N_1797",
        "name": null,
        "nuts3": "DEG0N"
      },
      "geometry": {
        "type": "Point",
        "coordinates": [
          10.2906,
          50.9816
        ]
      }
    },
    {
      "type": "Feature",
      "properties": {
        "id": "INET_N_529",
        "name": null,
        "nuts3": "ITH56"
      },
      "geometry": {
        "type": "Point",
        "coordinates": [
          11.5947,
          44.864
        ]
      }
    },
    {
      "type": "Feature",
      "properties": {
        "id": "INET_N_563",
        "name": null,
        "nuts3": "RO224"
      },
      "geometry": {
        "type": "Point",
        "coordinates": [
          27.9814,
          45.436
        ]
      }
    },
    {
      "type": "Feature",
      "properties": {
        "id": "INET_N_906",
        "name": null,
        "nuts3": "DEA45"
      },
      "geometry": {
        "type": "Point",
        "coordinates": [
          8.8073,
          51.9861
        ]
      }
    },
    {
      "type": "Feature",
      "properties": {
        "id": "INET_N_1254",
        "name": null,
        "nuts3": "UKM50"
      },
      "geometry": {
        "type": "Point",
        "coordinates": [
          -1.788879,
          57.477213
        ]
      }
    },
    {
      "type": "Feature",
      "properties": {
        "id": "INET_N_862",
        "name": null,
        "nuts3": "AT126"
      },
      "geometry": {
        "type": "Point",
        "coordinates": [
          16.33925,
          48.3317
        ]
      }
    },
    {
      "type": "Feature",
      "properties": {
        "id": "INET_N_709",
        "name": null,
        "nuts3": "DEA37"
      },
      "geometry": {
        "type": "Point",
        "coordinates": [
          7.7461,
          52.2859
        ]
      }
    },
    {
      "type": "Feature",
      "properties": {
        "id": "INET_N_796",
        "name": null,
        "nuts3": "LT022"
      },
      "geometry": {
        "type": "Point",
        "coordinates": [
          24.018,
          54.9212
        ]
      }
    },
    {
      "type": "Feature",
      "properties": {
        "id": "INET_N_1048",
        "name": null,
        "nuts3": "ITF51"
      },
      "geometry": {
        "type": "Point",
        "coordinates": [
          15.7119,
          41.0664
        ]
      }
    },
    {
      "type": "Feature",
      "properties": {
        "id": "INET_N_950",
        "name": null,
        "nuts3": "SK023"
      },
      "geometry": {
        "type": "Point",
        "coordinates": [
          18.597,
          48.2022
        ]
      }
    },
    {
      "type": "Feature",
      "properties": {
        "id": "INET_N_1514",
        "name": null,
        "nuts3": "NL342"
      },
      "geometry": {
        "type": "Point",
        "coordinates": [
          3.6928,
          51.4482
        ]
      }
    },
    {
      "type": "Feature",
      "properties": {
        "id": "INET_N_385",
        "name": null,
        "nuts3": "BE224"
      },
      "geometry": {
        "type": "Point",
        "coordinates": [
          5.1056,
          51.0586
        ]
      }
    },
    {
      "type": "Feature",
      "properties": {
        "id": "INET_N_297",
        "name": null,
        "nuts3": "UKE45"
      },
      "geometry": {
        "type": "Point",
        "coordinates": [
          -1.3626,
          53.7259
        ]
      }
    },
    {
      "type": "Feature",
      "properties": {
        "id": "INET_N_1080",
        "name": null,
        "nuts3": "ITF47"
      },
      "geometry": {
        "type": "Point",
        "coordinates": [
          16.756,
          41.1025
        ]
      }
    },
    {
      "type": "Feature",
      "properties": {
        "id": "INET_N_965",
        "name": null,
        "nuts3": "HU213"
      },
      "geometry": {
        "type": "Point",
        "coordinates": [
          18.0143,
          47.1075
        ]
      }
    },
    {
      "type": "Feature",
      "properties": {
        "id": "INET_N_1022",
        "name": null,
        "nuts3": "UKJ36"
      },
      "geometry": {
        "type": "Point",
        "coordinates": [
          -1.4384,
          50.8998
        ]
      }
    },
    {
      "type": "Feature",
      "properties": {
        "id": "INET_N_143",
        "name": null,
        "nuts3": "UKI52"
      },
      "geometry": {
        "type": "Point",
        "coordinates": [
          0.147,
          51.521
        ]
      }
    },
    {
      "type": "Feature",
      "properties": {
        "id": "INET_N_1120",
        "name": null,
        "nuts3": "FI1C1"
      },
      "geometry": {
        "type": "Point",
        "coordinates": [
          22.0545,
          60.459
        ]
      }
    },
    {
      "type": "Feature",
      "properties": {
        "id": "INET_N_857",
        "name": null,
        "nuts3": "FI1C3"
      },
      "geometry": {
        "type": "Point",
        "coordinates": [
          25.6615,
          60.9827
        ]
      }
    },
    {
      "type": "Feature",
      "properties": {
        "id": "INET_N_200",
        "name": null,
        "nuts3": "UKD41"
      },
      "geometry": {
        "type": "Point",
        "coordinates": [
          -2.4833,
          53.75
        ]
      }
    },
    {
      "type": "Feature",
      "properties": {
        "id": "INET_N_1740",
        "name": null,
        "nuts3": "ITC16"
      },
      "geometry": {
        "type": "Point",
        "coordinates": [
          7.4858,
          44.5947
        ]
      }
    },
    {
      "type": "Feature",
      "properties": {
        "id": "INET_N_152",
        "name": null,
        "nuts3": "DE734"
      },
      "geometry": {
        "type": "Point",
        "coordinates": [
          9.4379,
          51.2531
        ]
      }
    },
    {
      "type": "Feature",
      "properties": {
        "id": "INET_N_1331",
        "name": null,
        "nuts3": "UKF16"
      },
      "geometry": {
        "type": "Point",
        "coordinates": [
          -1.255,
          52.8653
        ]
      }
    },
    {
      "type": "Feature",
      "properties": {
        "id": "INET_N_1675",
        "name": null,
        "nuts3": "IE042"
      },
      "geometry": {
        "type": "Point",
        "coordinates": [
          -8.381,
          53.1658
        ]
      }
    },
    {
      "type": "Feature",
      "properties": {
        "id": "INET_N_377",
        "name": null,
        "nuts3": "HU321"
      },
      "geometry": {
        "type": "Point",
        "coordinates": [
          21.6329,
          47.5185
        ]
      }
    },
    {
      "type": "Feature",
      "properties": {
        "id": "INET_N_1483",
        "name": null,
        "nuts3": "UKL21"
      },
      "geometry": {
        "type": "Point",
        "coordinates": [
          -2.975,
          51.5475
        ]
      }
    },
    {
      "type": "Feature",
      "properties": {
        "id": "INET_N_793",
        "name": null,
        "nuts3": "DE731"
      },
      "geometry": {
        "type": "Point",
        "coordinates": [
          9.484,
          51.2791
        ]
      }
    },
    {
      "type": "Feature",
      "properties": {
        "id": "INET_N_324",
        "name": null,
        "nuts3": "UKK15"
      },
      "geometry": {
        "type": "Point",
        "coordinates": [
          -2.1247,
          51.46
        ]
      }
    },
    {
      "type": "Feature",
      "properties": {
        "id": "SEQ_10626_p",
        "name": null,
        "nuts3": null
      },
      "geometry": {
        "type": "Point",
        "coordinates": [
          -4.77063,
          54.29014
        ]
      }
    },
    {
      "type": "Feature",
      "properties": {
        "id": "INET_N_1315",
        "name": null,
        "nuts3": null
      },
      "geometry": {
        "type": "Point",
        "coordinates": [
          -4.501948,
          54.150485
        ]
      }
    },
    {
      "type": "Feature",
      "properties": {
        "id": "INET_N_386",
        "name": null,
        "nuts3": "UKF11"
      },
      "geometry": {
        "type": "Point",
        "coordinates": [
          -1.414278,
          52.911005
        ]
      }
    },
    {
      "type": "Feature",
      "properties": {
        "id": "INET_N_1424",
        "name": null,
        "nuts3": "AT323"
      },
      "geometry": {
        "type": "Point",
        "coordinates": [
          13.038,
          47.8092
        ]
      }
    },
    {
      "type": "Feature",
      "properties": {
        "id": "INET_N_1466",
        "name": null,
        "nuts3": "DEG0I"
      },
      "geometry": {
        "type": "Point",
        "coordinates": [
          11.3293,
          50.6869
        ]
      }
    },
    {
      "type": "Feature",
      "properties": {
        "id": "INET_N_1636",
        "name": null,
        "nuts3": "UKE44"
      },
      "geometry": {
        "type": "Point",
        "coordinates": [
          -1.6291,
          53.6908
        ]
      }
    },
    {
      "type": "Feature",
      "properties": {
        "id": "INET_N_1068",
        "name": null,
        "nuts3": "SK041"
      },
      "geometry": {
        "type": "Point",
        "coordinates": [
          21.077,
          48.9174
        ]
      }
    },
    {
      "type": "Feature",
      "properties": {
        "id": "INET_N_1576",
        "name": null,
        "nuts3": "DEG04"
      },
      "geometry": {
        "type": "Point",
        "coordinates": [
          10.6987,
          50.6315
        ]
      }
    },
    {
      "type": "Feature",
      "properties": {
        "id": "INET_N_471",
        "name": null,
        "nuts3": "DE267"
      },
      "geometry": {
        "type": "Point",
        "coordinates": [
          10.6514,
          49.984
        ]
      }
    },
    {
      "type": "Feature",
      "properties": {
        "id": "INET_N_352",
        "name": null,
        "nuts3": "UKJ34"
      },
      "geometry": {
        "type": "Point",
        "coordinates": [
          -1.2862,
          50.7469
        ]
      }
    },
    {
      "type": "Feature",
      "properties": {
        "id": "INET_N_3",
        "name": null,
        "nuts3": "UKL22"
      },
      "geometry": {
        "type": "Point",
        "coordinates": [
          -3.4068,
          51.3875
        ]
      }
    },
    {
      "type": "Feature",
      "properties": {
        "id": "INET_N_1491",
        "name": null,
        "nuts3": "UKJ27"
      },
      "geometry": {
        "type": "Point",
        "coordinates": [
          -0.231099,
          50.829252
        ]
      }
    },
    {
      "type": "Feature",
      "properties": {
        "id": "INET_N_1667",
        "name": null,
        "nuts3": "PT150"
      },
      "geometry": {
        "type": "Point",
        "coordinates": [
          -8.2647,
          37.1642
        ]
      }
    },
    {
      "type": "Feature",
      "properties": {
        "id": "SEQ_29_p",
        "name": null,
        "nuts3": null
      },
      "geometry": {
        "type": "Point",
        "coordinates": [
          22.25417,
          48.57247
        ]
      }
    },
    {
      "type": "Feature",
      "properties": {
        "id": "INET_N_808",
        "name": null,
        "nuts3": null
      },
      "geometry": {
        "type": "Point",
        "coordinates": [
          32.547639,
          46.597972
        ]
      }
    },
    {
      "type": "Feature",
      "properties": {
        "id": "SEQ_61_p",
        "name": null,
        "nuts3": null
      },
      "geometry": {
        "type": "Point",
        "coordinates": [
          3.1628,
          51.35808
        ]
      }
    },
    {
      "type": "Feature",
      "properties": {
        "id": "SEQ_67_p",
        "name": null,
        "nuts3": "HU221"
      },
      "geometry": {
        "type": "Point",
        "coordinates": [
          17.13919,
          47.95343
        ]
      }
    },
    {
      "type": "Feature",
      "properties": {
        "id": "INET_N_1336",
        "name": null,
        "nuts3": "ITH57"
      },
      "geometry": {
        "type": "Point",
        "coordinates": [
          12.306514,
          44.416686
        ]
      }
    },
    {
      "type": "Feature",
      "properties": {
        "id": "SEQ_225__G_LMGN",
        "name": null,
        "nuts3": null
      },
      "geometry": {
        "type": "Point",
        "coordinates": [
          13.40411,
          54.19421
        ]
      }
    },
    {
      "type": "Feature",
      "properties": {
        "id": "SEQ_86_p",
        "name": null,
        "nuts3": null
      },
      "geometry": {
        "type": "Point",
        "coordinates": [
          23.34832,
          48.17028
        ]
      }
    },
    {
      "type": "Feature",
      "properties": {
        "id": "SEQ_94_p",
        "name": null,
        "nuts3": "HU231"
      },
      "geometry": {
        "type": "Point",
        "coordinates": [
          18.18131,
          45.84678
        ]
      }
    },
    {
      "type": "Feature",
      "properties": {
        "id": "SEQ_205_p",
        "name": null,
        "nuts3": "FI1C5"
      },
      "geometry": {
        "type": "Point",
        "coordinates": [
          28.98897,
          61.1918
        ]
      }
    },
    {
      "type": "Feature",
      "properties": {
        "id": "SEQ_232_p",
        "name": null,
        "nuts3": "BG323"
      },
      "geometry": {
        "type": "Point",
        "coordinates": [
          26.22311,
          43.96751
        ]
      }
    },
    {
      "type": "Feature",
      "properties": {
        "id": "SEQ_339_p",
        "name": null,
        "nuts3": null
      },
      "geometry": {
        "type": "Point",
        "coordinates": [
          27.52687,
          57.67768
        ]
      }
    },
    {
      "type": "Feature",
      "properties": {
        "id": "N_644_M_LMGN",
        "name": null,
        "nuts3": null
      },
      "geometry": {
        "type": "Point",
        "coordinates": [
          0.17454,
          39.01094
        ]
      }
    },
    {
      "type": "Feature",
      "properties": {
        "id": "NutsCons_20",
        "name": null,
        "nuts3": null
      },
      "geometry": {
        "type": "Point",
        "coordinates": [
          10.45989,
          55.599526
        ]
      }
    },
    {
      "type": "Feature",
      "properties": {
        "id": "N_2154_S_LMGN",
        "name": null,
        "nuts3": "AT342"
      },
      "geometry": {
        "type": "Point",
        "coordinates": [
          9.59059,
          47.48454
        ]
      }
    },
    {
      "type": "Feature",
      "properties": {
        "id": "NutsCons_60",
        "name": null,
        "nuts3": "LI000"
      },
      "geometry": {
        "type": "Point",
        "coordinates": [
          9.541638,
          47.148053
        ]
      }
    },
    {
      "type": "Feature",
      "properties": {
        "id": "INET_N_1620",
        "name": null,
        "nuts3": "ES241"
      },
      "geometry": {
        "type": "Point",
        "coordinates": [
          0.1824,
          42.5741
        ]
      }
    },
    {
      "type": "Feature",
      "properties": {
        "id": "SEQ_490_p",
        "name": null,
        "nuts3": "ITF45"
      },
      "geometry": {
        "type": "Point",
        "coordinates": [
          18.38,
          40.265
        ]
      }
    },
    {
      "type": "Feature",
      "properties": {
        "id": "SEQ_526_p",
        "name": null,
        "nuts3": "RS213"
      },
      "geometry": {
        "type": "Point",
        "coordinates": [
          19.21389,
          44.3159
        ]
      }
    },
    {
      "type": "Feature",
      "properties": {
        "id": "INET_N_1715",
        "name": null,
        "nuts3": null
      },
      "geometry": {
        "type": "Point",
        "coordinates": [
          22.287883,
          48.6208
        ]
      }
    },
    {
      "type": "Feature",
      "properties": {
        "id": "SEQ_566_p",
        "name": null,
        "nuts3": "HU333"
      },
      "geometry": {
        "type": "Point",
        "coordinates": [
          20.61434,
          46.23446
        ]
      }
    },
    {
      "type": "Feature",
      "properties": {
        "id": "SEQ_577_p",
        "name": null,
        "nuts3": "NL423"
      },
      "geometry": {
        "type": "Point",
        "coordinates": [
          5.98559,
          50.7936
        ]
      }
    },
    {
      "type": "Feature",
      "properties": {
        "id": "SEQ_647_p",
        "name": null,
        "nuts3": "NL412"
      },
      "geometry": {
        "type": "Point",
        "coordinates": [
          5.11676,
          51.52743
        ]
      }
    },
    {
      "type": "Feature",
      "properties": {
        "id": "SEQ_680_p",
        "name": null,
        "nuts3": null
      },
      "geometry": {
        "type": "Point",
        "coordinates": [
          12.79133,
          55.63544
        ]
      }
    },
    {
      "type": "Feature",
      "properties": {
        "id": "SEQ_687_p",
        "name": null,
        "nuts3": "NL421"
      },
      "geometry": {
        "type": "Point",
        "coordinates": [
          6.12893,
          51.31844
        ]
      }
    },
    {
      "type": "Feature",
      "properties": {
        "id": "N_1953_S_LMGN",
        "name": null,
        "nuts3": "CH013"
      },
      "geometry": {
        "type": "Point",
        "coordinates": [
          6.24074,
          46.29433
        ]
      }
    },
    {
      "type": "Feature",
      "properties": {
        "id": "SEQ_699_p",
        "name": null,
        "nuts3": null
      },
      "geometry": {
        "type": "Point",
        "coordinates": [
          23.26215,
          52.35832
        ]
      }
    },
    {
      "type": "Feature",
      "properties": {
        "id": "SEQ_706_p",
        "name": null,
        "nuts3": null
      },
      "geometry": {
        "type": "Point",
        "coordinates": [
          23.97908,
          52.97687
        ]
      }
    },
    {
      "type": "Feature",
      "properties": {
        "id": "SEQ_792_p",
        "name": null,
        "nuts3": "FRI15"
      },
      "geometry": {
        "type": "Point",
        "coordinates": [
          -0.88551,
          42.99799
        ]
      }
    },
    {
      "type": "Feature",
      "properties": {
        "id": "SEQ_1600_p",
        "name": null,
        "nuts3": null
      },
      "geometry": {
        "type": "Point",
        "coordinates": [
          -5.72598,
          54.85761
        ]
      }
    },
    {
      "type": "Feature",
      "properties": {
        "id": "SEQ_14007__S_LMGN",
        "name": null,
        "nuts3": "FRL04"
      },
      "geometry": {
        "type": "Point",
        "coordinates": [
          4.78076,
          43.39922
        ]
      }
    },
    {
      "type": "Feature",
      "properties": {
        "id": "SEQ_5515__L_LMGN",
        "name": null,
        "nuts3": null
      },
      "geometry": {
        "type": "Point",
        "coordinates": [
          36.07239,
          36.90042
        ]
      }
    },
    {
      "type": "Feature",
      "properties": {
        "id": "SEQ_887_p",
        "name": null,
        "nuts3": "BG413"
      },
      "geometry": {
        "type": "Point",
        "coordinates": [
          23.18725,
          41.37304
        ]
      }
    },
    {
      "type": "Feature",
      "properties": {
        "id": "SEQ_936_p",
        "name": null,
        "nuts3": "LV008"
      },
      "geometry": {
        "type": "Point",
        "coordinates": [
          26.99581,
          57.5837
        ]
      }
    },
    {
      "type": "Feature",
      "properties": {
        "id": "SEQ_961_p",
        "name": null,
        "nuts3": "BG332"
      },
      "geometry": {
        "type": "Point",
        "coordinates": [
          27.84224,
          43.94706
        ]
      }
    },
    {
      "type": "Feature",
      "properties": {
        "id": "SEQ_978_p",
        "name": null,
        "nuts3": null
      },
      "geometry": {
        "type": "Point",
        "coordinates": [
          -6.17007,
          53.71176
        ]
      }
    },
    {
      "type": "Feature",
      "properties": {
        "id": "N_19_NS_LMGN",
        "name": null,
        "nuts3": null
      },
      "geometry": {
        "type": "Point",
        "coordinates": [
          -4.55187,
          54.37766
        ]
      }
    },
    {
      "type": "Feature",
      "properties": {
        "id": "SEQ_1015_p",
        "name": null,
        "nuts3": "ES114"
      },
      "geometry": {
        "type": "Point",
        "coordinates": [
          -8.59351,
          42.11784
        ]
      }
    },
    {
      "type": "Feature",
      "properties": {
        "id": "SEQ_1042_p",
        "name": null,
        "nuts3": "HU333"
      },
      "geometry": {
        "type": "Point",
        "coordinates": [
          19.93941,
          46.17909
        ]
      }
    },
    {
      "type": "Feature",
      "properties": {
        "id": "SEQ_1090_p",
        "name": null,
        "nuts3": "AT225"
      },
      "geometry": {
        "type": "Point",
        "coordinates": [
          15.67915,
          46.75045
        ]
      }
    },
    {
      "type": "Feature",
      "properties": {
        "id": "N_29_L_LMGN",
        "name": null,
        "nuts3": null
      },
      "geometry": {
        "type": "Point",
        "coordinates": [
          11.51096,
          42.34385
        ]
      }
    },
    {
      "type": "Feature",
      "properties": {
        "id": "SEQ_1160_p",
        "name": null,
        "nuts3": "ITG11"
      },
      "geometry": {
        "type": "Point",
        "coordinates": [
          12.51862,
          37.67033
        ]
      }
    },
    {
      "type": "Feature",
      "properties": {
        "id": "SEQ_1357_p",
        "name": null,
        "nuts3": "EE008"
      },
      "geometry": {
        "type": "Point",
        "coordinates": [
          25.59511,
          57.95161
        ]
      }
    },
    {
      "type": "Feature",
      "properties": {
        "id": "SEQ_1381_p",
        "name": null,
        "nuts3": null
      },
      "geometry": {
        "type": "Point",
        "coordinates": [
          -2.24066,
          36.72766
        ]
      }
    },
    {
      "type": "Feature",
      "properties": {
        "id": "NutsCons_113",
        "name": null,
        "nuts3": "TR100"
      },
      "geometry": {
        "type": "Point",
        "coordinates": [
          29.053592,
          41.045459
        ]
      }
    },
    {
      "type": "Feature",
      "properties": {
        "id": "SEQ_11008_p",
        "name": null,
        "nuts3": null
      },
      "geometry": {
        "type": "Point",
        "coordinates": [
          13.88715,
          36.19728
        ]
      }
    },
    {
      "type": "Feature",
      "properties": {
        "id": "SEQ_1444_p",
        "name": null,
        "nuts3": "ITG18"
      },
      "geometry": {
        "type": "Point",
        "coordinates": [
          14.50326,
          36.97973
        ]
      }
    },
    {
      "type": "Feature",
      "properties": {
        "id": "SEQ_1479_p",
        "name": null,
        "nuts3": "LU000"
      },
      "geometry": {
        "type": "Point",
        "coordinates": [
          5.89234,
          50.06895
        ]
      }
    },
    {
      "type": "Feature",
      "properties": {
        "id": "SEQ_1631_p",
        "name": null,
        "nuts3": null
      },
      "geometry": {
        "type": "Point",
        "coordinates": [
          23.91865,
          53.1667
        ]
      }
    },
    {
      "type": "Feature",
      "properties": {
        "id": "N_1595_S_LMGN",
        "name": null,
        "nuts3": "CZ080"
      },
      "geometry": {
        "type": "Point",
        "coordinates": [
          17.72252,
          50.2752
        ]
      }
    },
    {
      "type": "Feature",
      "properties": {
        "id": "N_1661_S_LMGN",
        "name": null,
        "nuts3": null
      },
      "geometry": {
        "type": "Point",
        "coordinates": [
          28.89498,
          46.57521
        ]
      }
    },
    {
      "type": "Feature",
      "properties": {
        "id": "SEQ_1679_p",
        "name": null,
        "nuts3": "FRI15"
      },
      "geometry": {
        "type": "Point",
        "coordinates": [
          -1.71111,
          43.30877
        ]
      }
    },
    {
      "type": "Feature",
      "properties": {
        "id": "Prod_15",
        "name": null,
        "nuts3": null
      },
      "geometry": {
        "type": "Point",
        "coordinates": [
          29.18211,
          44.46848
        ]
      }
    },
    {
      "type": "Feature",
      "properties": {
        "id": "N_335_M_LMGN",
        "name": null,
        "nuts3": null
      },
      "geometry": {
        "type": "Point",
        "coordinates": [
          -0.97906,
          37.57399
        ]
      }
    },
    {
      "type": "Feature",
      "properties": {
        "id": "INET_N_1232",
        "name": null,
        "nuts3": "ITC34"
      },
      "geometry": {
        "type": "Point",
        "coordinates": [
          9.830632,
          44.073876
        ]
      }
    },
    {
      "type": "Feature",
      "properties": {
        "id": "SEQ_1863_p",
        "name": null,
        "nuts3": "DE94C"
      },
      "geometry": {
        "type": "Point",
        "coordinates": [
          7.423593,
          53.233796
        ]
      }
    },
    {
      "type": "Feature",
      "properties": {
        "id": "SEQ_1893_p",
        "name": null,
        "nuts3": "DE147"
      },
      "geometry": {
        "type": "Point",
        "coordinates": [
          9.60101,
          47.62449
        ]
      }
    },
    {
      "type": "Feature",
      "properties": {
        "id": "SEQ_1910_p",
        "name": null,
        "nuts3": "DE228"
      },
      "geometry": {
        "type": "Point",
        "coordinates": [
          13.71475,
          48.59774
        ]
      }
    },
    {
      "type": "Feature",
      "properties": {
        "id": "SEQ_1921_p",
        "name": null,
        "nuts3": "DEC05"
      },
      "geometry": {
        "type": "Point",
        "coordinates": [
          7.3067,
          49.17171
        ]
      }
    },
    {
      "type": "Feature",
      "properties": {
        "id": "SEQ_1937_p",
        "name": null,
        "nuts3": "DE80N"
      },
      "geometry": {
        "type": "Point",
        "coordinates": [
          14.11717,
          53.9655
        ]
      }
    },
    {
      "type": "Feature",
      "properties": {
        "id": "SEQ_2022_p",
        "name": null,
        "nuts3": null
      },
      "geometry": {
        "type": "Point",
        "coordinates": [
          3.235887,
          51.374082
        ]
      }
    },
    {
      "type": "Feature",
      "properties": {
        "id": "INET_N_90",
        "name": null,
        "nuts3": "UKE12"
      },
      "geometry": {
        "type": "Point",
        "coordinates": [
          -0.207479,
          53.946533
        ]
      }
    },
    {
      "type": "Feature",
      "properties": {
        "id": "INET_N_1301",
        "name": null,
        "nuts3": null
      },
      "geometry": {
        "type": "Point",
        "coordinates": [
          -3.000976,
          53.912959
        ]
      }
    },
    {
      "type": "Feature",
      "properties": {
        "id": "LKD_N_89",
        "name": null,
        "nuts3": "AT311"
      },
      "geometry": {
        "type": "Point",
        "coordinates": [
          12.818238,
          48.118827
        ]
      }
    },
    {
      "type": "Feature",
      "properties": {
        "id": "INET_N_376",
        "name": null,
        "nuts3": null
      },
      "geometry": {
        "type": "Point",
        "coordinates": [
          1.44754,
          52.878453
        ]
      }
    },
    {
      "type": "Feature",
      "properties": {
        "id": "INET_N_570",
        "name": null,
        "nuts3": "NL33C"
      },
      "geometry": {
        "type": "Point",
        "coordinates": [
          4.064029,
          51.973837
        ]
      }
    },
    {
      "type": "Feature",
      "properties": {
        "id": "INET_N_547",
        "name": null,
        "nuts3": "FRL04"
      },
      "geometry": {
        "type": "Point",
        "coordinates": [
          4.85167,
          43.454
        ]
      }
    },
    {
      "type": "Feature",
      "properties": {
        "id": "INET_N_1410",
        "name": null,
        "nuts3": "ES523"
      },
      "geometry": {
        "type": "Point",
        "coordinates": [
          -0.2344,
          39.6426
        ]
      }
    },
    {
      "type": "Feature",
      "properties": {
        "id": "NutsCons_90",
        "name": null,
        "nuts3": "UKD44"
      },
      "geometry": {
        "type": "Point",
        "coordinates": [
          -2.856456,
          53.992188
        ]
      }
    },
    {
      "type": "Feature",
      "properties": {
        "id": "NutsCons_114",
        "name": null,
        "nuts3": null
      },
      "geometry": {
        "type": "Point",
        "coordinates": [
          26.950981,
          40.4604
        ]
      }
    },
    {
      "type": "Feature",
      "properties": {
        "id": "N_2271_S_LMGN",
        "name": null,
        "nuts3": "NL113"
      },
      "geometry": {
        "type": "Point",
        "coordinates": [
          6.86719,
          53.44087
        ]
      }
    },
    {
      "type": "Feature",
      "properties": {
        "id": "INET_N_1246",
        "name": null,
        "nuts3": "UKL14"
      },
      "geometry": {
        "type": "Point",
        "coordinates": [
          -4.99,
          51.685
        ]
      }
    },
    {
      "type": "Feature",
      "properties": {
        "id": "INET_N_522",
        "name": null,
        "nuts3": "NL112"
      },
      "geometry": {
        "type": "Point",
        "coordinates": [
          6.9542,
          53.3187
        ]
      }
    },
    {
      "type": "Feature",
      "properties": {
        "id": "INET_N_1586",
        "name": null,
        "nuts3": "NL423"
      },
      "geometry": {
        "type": "Point",
        "coordinates": [
          5.7911,
          50.9721
        ]
      }
    },
    {
      "type": "Feature",
      "properties": {
        "id": "INET_N_485",
        "name": null,
        "nuts3": "ITH57"
      },
      "geometry": {
        "type": "Point",
        "coordinates": [
          12.2382,
          44.4487
        ]
      }
    },
    {
      "type": "Feature",
      "properties": {
        "id": "INET_N_369",
        "name": null,
        "nuts3": "UKJ41"
      },
      "geometry": {
        "type": "Point",
        "coordinates": [
          0.6014,
          51.4249
        ]
      }
    },
    {
      "type": "Feature",
      "properties": {
        "id": "INET_N_1792",
        "name": null,
        "nuts3": "IE053"
      },
      "geometry": {
        "type": "Point",
        "coordinates": [
          -8.2511,
          51.8161
        ]
      }
    },
    {
      "type": "Feature",
      "properties": {
        "id": "INET_N_16",
        "name": null,
        "nuts3": "EL307"
      },
      "geometry": {
        "type": "Point",
        "coordinates": [
          23.6104,
          37.9539
        ]
      }
    },
    {
      "type": "Feature",
      "properties": {
        "id": "INET_N_48",
        "name": null,
        "nuts3": "DEC01"
      },
      "geometry": {
        "type": "Point",
        "coordinates": [
          6.9781,
          49.2137
        ]
      }
    },
    {
      "type": "Feature",
      "properties": {
        "id": "INET_N_231",
        "name": null,
        "nuts3": "SK010"
      },
      "geometry": {
        "type": "Point",
        "coordinates": [
          17.1548,
          48.1775
        ]
      }
    },
    {
      "type": "Feature",
      "properties": {
        "id": "INET_N_1292",
        "name": null,
        "nuts3": null
      },
      "geometry": {
        "type": "Point",
        "coordinates": [
          13.53774,
          37.2829
        ]
      }
    },
    {
      "type": "Feature",
      "properties": {
        "id": "INET_N_613",
        "name": null,
        "nuts3": "UKH15"
      },
      "geometry": {
        "type": "Point",
        "coordinates": [
          1.7338,
          52.5839
        ]
      }
    },
    {
      "type": "Feature",
      "properties": {
        "id": "INET_N_1037",
        "name": null,
        "nuts3": "LT028"
      },
      "geometry": {
        "type": "Point",
        "coordinates": [
          22.1841,
          56.3843
        ]
      }
    },
    {
      "type": "Feature",
      "properties": {
        "id": "SEQ_32_p",
        "name": null,
        "nuts3": null
      },
      "geometry": {
        "type": "Point",
        "coordinates": [
          22.5196,
          48.61296
        ]
      }
    },
    {
      "type": "Feature",
      "properties": {
        "id": "SEQ_178_p",
        "name": null,
        "nuts3": null
      },
      "geometry": {
        "type": "Point",
        "coordinates": [
          22.65247,
          48.63297
        ]
      }
    },
    {
      "type": "Feature",
      "properties": {
        "id": "SEQ_184_p",
        "name": null,
        "nuts3": null
      },
      "geometry": {
        "type": "Point",
        "coordinates": [
          22.91853,
          48.67254
        ]
      }
    },
    {
      "type": "Feature",
      "properties": {
        "id": "INET_N_339",
        "name": null,
        "nuts3": "UKN0A"
      },
      "geometry": {
        "type": "Point",
        "coordinates": [
          -7.24868,
          55.0437
        ]
      }
    },
    {
      "type": "Feature",
      "properties": {
        "id": "INET_N_1069",
        "name": null,
        "nuts3": "ITG13"
      },
      "geometry": {
        "type": "Point",
        "coordinates": [
          15.2383,
          38.2212
        ]
      }
    },
    {
      "type": "Feature",
      "properties": {
        "id": "Prod_9",
        "name": null,
        "nuts3": null
      },
      "geometry": {
        "type": "Point",
        "coordinates": [
          -3.51561,
          53.72259
        ]
      }
    },
    {
      "type": "Feature",
      "properties": {
        "id": "SEQ_835_p",
        "name": null,
        "nuts3": "PL822"
      },
      "geometry": {
        "type": "Point",
        "coordinates": [
          22.73082,
          49.76771
        ]
      }
    },
    {
      "type": "Feature",
      "properties": {
        "id": "SEQ_990_p",
        "name": null,
        "nuts3": "LT024"
      },
      "geometry": {
        "type": "Point",
        "coordinates": [
          22.79175,
          54.94733
        ]
      }
    },
    {
      "type": "Feature",
      "properties": {
        "id": "SEQ_1073_p",
        "name": null,
        "nuts3": "MK007"
      },
      "geometry": {
        "type": "Point",
        "coordinates": [
          22.35629,
          42.17137
        ]
      }
    },
    {
      "type": "Feature",
      "properties": {
        "id": "SEQ_11204_p",
        "name": null,
        "nuts3": "PL518"
      },
      "geometry": {
        "type": "Point",
        "coordinates": [
          16.86107,
          50.93527
        ]
      }
    },
    {
      "type": "Feature",
      "properties": {
        "id": "SEQ_1713_p",
        "name": null,
        "nuts3": "CH040"
      },
      "geometry": {
        "type": "Point",
        "coordinates": [
          8.6492,
          47.64837
        ]
      }
    },
    {
      "type": "Feature",
      "properties": {
        "id": "SEQ_1912_p",
        "name": null,
        "nuts3": "DE228"
      },
      "geometry": {
        "type": "Point",
        "coordinates": [
          13.46777,
          48.69463
        ]
      }
    },
    {
      "type": "Feature",
      "properties": {
        "id": "SEQ_14088_p",
        "name": null,
        "nuts3": "DE225"
      },
      "geometry": {
        "type": "Point",
        "coordinates": [
          13.34393,
          48.74288
        ]
      }
    },
    {
      "type": "Feature",
      "properties": {
        "id": "SEQ_1915_p",
        "name": null,
        "nuts3": "DE224"
      },
      "geometry": {
        "type": "Point",
        "coordinates": [
          13.09553,
          48.83897
        ]
      }
    },
    {
      "type": "Feature",
      "properties": {
        "id": "INET_N_1288",
        "name": null,
        "nuts3": "FI196"
      },
      "geometry": {
        "type": "Point",
        "coordinates": [
          21.39881,
          61.63817
        ]
      }
    },
    {
      "type": "Feature",
      "properties": {
        "id": "INET_N_101",
        "name": null,
        "nuts3": "UKK12"
      },
      "geometry": {
        "type": "Point",
        "coordinates": [
          -2.65426,
          51.530664
        ]
      }
    },
    {
      "type": "Feature",
      "properties": {
        "id": "INET_N_1010",
        "name": null,
        "nuts3": "ITH42"
      },
      "geometry": {
        "type": "Point",
        "coordinates": [
          13.416054,
          46.503733
        ]
      }
    },
    {
      "type": "Feature",
      "properties": {
        "id": "INET_N_1019",
        "name": null,
        "nuts3": "FI1B1"
      },
      "geometry": {
        "type": "Point",
        "coordinates": [
          25.283605,
          60.663858
        ]
      }
    },
    {
      "type": "Feature",
      "properties": {
        "id": "INET_N_1062",
        "name": null,
        "nuts3": "ITG13"
      },
      "geometry": {
        "type": "Point",
        "coordinates": [
          15.58877,
          38.272079
        ]
      }
    },
    {
      "type": "Feature",
      "properties": {
        "id": "INET_N_1131",
        "name": null,
        "nuts3": null
      },
      "geometry": {
        "type": "Point",
        "coordinates": [
          26.676614,
          53.222604
        ]
      }
    },
    {
      "type": "Feature",
      "properties": {
        "id": "INET_N_1183",
        "name": null,
        "nuts3": "AT313"
      },
      "geometry": {
        "type": "Point",
        "coordinates": [
          13.751863,
          48.55443
        ]
      }
    },
    {
      "type": "Feature",
      "properties": {
        "id": "INET_N_1253",
        "name": null,
        "nuts3": "UKH11"
      },
      "geometry": {
        "type": "Point",
        "coordinates": [
          -0.204,
          52.5769
        ]
      }
    },
    {
      "type": "Feature",
      "properties": {
        "id": "INET_N_1313",
        "name": null,
        "nuts3": "EE008"
      },
      "geometry": {
        "type": "Point",
        "coordinates": [
          25.422,
          58.354
        ]
      }
    },
    {
      "type": "Feature",
      "properties": {
        "id": "INET_N_133",
        "name": null,
        "nuts3": null
      },
      "geometry": {
        "type": "Point",
        "coordinates": [
          -5.788932,
          54.84019
        ]
      }
    },
    {
      "type": "Feature",
      "properties": {
        "id": "INET_N_1344",
        "name": null,
        "nuts3": "DE922"
      },
      "geometry": {
        "type": "Point",
        "coordinates": [
          8.493598,
          52.613673
        ]
      }
    },
    {
      "type": "Feature",
      "properties": {
        "id": "INET_N_1384",
        "name": null,
        "nuts3": null
      },
      "geometry": {
        "type": "Point",
        "coordinates": [
          39.817866,
          47.271921
        ]
      }
    },
    {
      "type": "Feature",
      "properties": {
        "id": "INET_N_139",
        "name": null,
        "nuts3": null
      },
      "geometry": {
        "type": "Point",
        "coordinates": [
          27.6895,
          49.080861
        ]
      }
    },
    {
      "type": "Feature",
      "properties": {
        "id": "INET_N_1391",
        "name": null,
        "nuts3": "CZ032"
      },
      "geometry": {
        "type": "Point",
        "coordinates": [
          12.549857,
          49.663384
        ]
      }
    },
    {
      "type": "Feature",
      "properties": {
        "id": "INET_N_1393",
        "name": null,
        "nuts3": "AT213"
      },
      "geometry": {
        "type": "Point",
        "coordinates": [
          14.756849,
          46.674191
        ]
      }
    },
    {
      "type": "Feature",
      "properties": {
        "id": "INET_N_1433",
        "name": null,
        "nuts3": "ITF14"
      },
      "geometry": {
        "type": "Point",
        "coordinates": [
          14.701403,
          42.024817
        ]
      }
    },
    {
      "type": "Feature",
      "properties": {
        "id": "INET_N_1481",
        "name": null,
        "nuts3": "ITC4C"
      },
      "geometry": {
        "type": "Point",
        "coordinates": [
          9.403412,
          45.451046
        ]
      }
    },
    {
      "type": "Feature",
      "properties": {
        "id": "INET_N_1569",
        "name": null,
        "nuts3": "BG341"
      },
      "geometry": {
        "type": "Point",
        "coordinates": [
          27.008611,
          42.1825
        ]
      }
    },
    {
      "type": "Feature",
      "properties": {
        "id": "INET_N_1589",
        "name": null,
        "nuts3": null
      },
      "geometry": {
        "type": "Point",
        "coordinates": [
          26.138222,
          49.016056
        ]
      }
    },
    {
      "type": "Feature",
      "properties": {
        "id": "INET_N_1627",
        "name": null,
        "nuts3": "ITI18"
      },
      "geometry": {
        "type": "Point",
        "coordinates": [
          11.640662,
          43.557809
        ]
      }
    },
    {
      "type": "Feature",
      "properties": {
        "id": "INET_N_1628",
        "name": null,
        "nuts3": "FRK23"
      },
      "geometry": {
        "type": "Point",
        "coordinates": [
          5.01536,
          45.2149
        ]
      }
    },
    {
      "type": "Feature",
      "properties": {
        "id": "INET_N_1672",
        "name": null,
        "nuts3": "CZ064"
      },
      "geometry": {
        "type": "Point",
        "coordinates": [
          16.936667,
          48.780688
        ]
      }
    },
    {
      "type": "Feature",
      "properties": {
        "id": "INET_N_168",
        "name": null,
        "nuts3": "HU323"
      },
      "geometry": {
        "type": "Point",
        "coordinates": [
          22.532007,
          48.198511
        ]
      }
    },
    {
      "type": "Feature",
      "properties": {
        "id": "INET_N_1731",
        "name": null,
        "nuts3": "SK042"
      },
      "geometry": {
        "type": "Point",
        "coordinates": [
          22.121625,
          48.552002
        ]
      }
    },
    {
      "type": "Feature",
      "properties": {
        "id": "INET_N_1760",
        "name": null,
        "nuts3": null
      },
      "geometry": {
        "type": "Point",
        "coordinates": [
          23.185005,
          48.711491
        ]
      }
    },
    {
      "type": "Feature",
      "properties": {
        "id": "INET_N_178",
        "name": null,
        "nuts3": "BE332"
      },
      "geometry": {
        "type": "Point",
        "coordinates": [
          5.739351,
          50.753777
        ]
      }
    },
    {
      "type": "Feature",
      "properties": {
        "id": "INET_N_1805",
        "name": null,
        "nuts3": "PL619"
      },
      "geometry": {
        "type": "Point",
        "coordinates": [
          18.9589,
          52.7074
        ]
      }
    },
    {
      "type": "Feature",
      "properties": {
        "id": "INET_N_182",
        "name": null,
        "nuts3": "FR103"
      },
      "geometry": {
        "type": "Point",
        "coordinates": [
          1.873865,
          48.844032
        ]
      }
    },
    {
      "type": "Feature",
      "properties": {
        "id": "INET_N_1829",
        "name": null,
        "nuts3": "PL842"
      },
      "geometry": {
        "type": "Point",
        "coordinates": [
          22.241386,
          52.984994
        ]
      }
    },
    {
      "type": "Feature",
      "properties": {
        "id": "INET_N_229",
        "name": null,
        "nuts3": "CZ042"
      },
      "geometry": {
        "type": "Point",
        "coordinates": [
          13.39,
          50.635
        ]
      }
    },
    {
      "type": "Feature",
      "properties": {
        "id": "INET_N_243",
        "name": null,
        "nuts3": "UKM92"
      },
      "geometry": {
        "type": "Point",
        "coordinates": [
          -4.12912,
          54.78735
        ]
      }
    },
    {
      "type": "Feature",
      "properties": {
        "id": "INET_N_329",
        "name": null,
        "nuts3": "PL922"
      },
      "geometry": {
        "type": "Point",
        "coordinates": [
          20.619795,
          52.881484
        ]
      }
    },
    {
      "type": "Feature",
      "properties": {
        "id": "INET_N_365",
        "name": null,
        "nuts3": "FRE22"
      },
      "geometry": {
        "type": "Point",
        "coordinates": [
          2.703964,
          49.530886
        ]
      }
    },
    {
      "type": "Feature",
      "properties": {
        "id": "INET_N_383",
        "name": null,
        "nuts3": "ES521"
      },
      "geometry": {
        "type": "Point",
        "coordinates": [
          -0.026709,
          38.868056
        ]
      }
    },
    {
      "type": "Feature",
      "properties": {
        "id": "INET_N_408",
        "name": null,
        "nuts3": null
      },
      "geometry": {
        "type": "Point",
        "coordinates": [
          23.989246,
          48.976457
        ]
      }
    },
    {
      "type": "Feature",
      "properties": {
        "id": "INET_N_45",
        "name": null,
        "nuts3": "UKG24"
      },
      "geometry": {
        "type": "Point",
        "coordinates": [
          -1.775613,
          52.73869
        ]
      }
    },
    {
      "type": "Feature",
      "properties": {
        "id": "INET_N_481",
        "name": null,
        "nuts3": "NL226"
      },
      "geometry": {
        "type": "Point",
        "coordinates": [
          5.7,
          51.8
        ]
      }
    },
    {
      "type": "Feature",
      "properties": {
        "id": "INET_N_509",
        "name": null,
        "nuts3": "FRK21"
      },
      "geometry": {
        "type": "Point",
        "coordinates": [
          5.212561,
          46.336132
        ]
      }
    },
    {
      "type": "Feature",
      "properties": {
        "id": "INET_N_532",
        "name": null,
        "nuts3": "AL032"
      },
      "geometry": {
        "type": "Point",
        "coordinates": [
          19.451467,
          40.793474
        ]
      }
    },
    {
      "type": "Feature",
      "properties": {
        "id": "INET_N_564",
        "name": null,
        "nuts3": "ITI41"
      },
      "geometry": {
        "type": "Point",
        "coordinates": [
          12.40241,
          42.373095
        ]
      }
    },
    {
      "type": "Feature",
      "properties": {
        "id": "INET_N_64",
        "name": null,
        "nuts3": null
      },
      "geometry": {
        "type": "Point",
        "coordinates": [
          30.016722,
          47.712944
        ]
      }
    },
    {
      "type": "Feature",
      "properties": {
        "id": "INET_N_640",
        "name": null,
        "nuts3": "HU321"
      },
      "geometry": {
        "type": "Point",
        "coordinates": [
          21.366312,
          47.507335
        ]
      }
    },
    {
      "type": "Feature",
      "properties": {
        "id": "INET_N_707",
        "name": null,
        "nuts3": null
      },
      "geometry": {
        "type": "Point",
        "coordinates": [
          23.297248,
          48.173463
        ]
      }
    },
    {
      "type": "Feature",
      "properties": {
        "id": "INET_N_750",
        "name": null,
        "nuts3": null
      },
      "geometry": {
        "type": "Point",
        "coordinates": [
          25.335375,
          52.707963
        ]
      }
    },
    {
      "type": "Feature",
      "properties": {
        "id": "INET_N_830",
        "name": null,
        "nuts3": "EL511"
      },
      "geometry": {
        "type": "Point",
        "coordinates": [
          26.307161,
          40.970417
        ]
      }
    },
    {
      "type": "Feature",
      "properties": {
        "id": "INET_N_832",
        "name": null,
        "nuts3": "AT126"
      },
      "geometry": {
        "type": "Point",
        "coordinates": [
          15.897494,
          48.431986
        ]
      }
    },
    {
      "type": "Feature",
      "properties": {
        "id": "INET_N_839",
        "name": null,
        "nuts3": null
      },
      "geometry": {
        "type": "Point",
        "coordinates": [
          32.368917,
          48.682833
        ]
      }
    },
    {
      "type": "Feature",
      "properties": {
        "id": "INET_N_853",
        "name": null,
        "nuts3": null
      },
      "geometry": {
        "type": "Point",
        "coordinates": [
          24.358179,
          52.214111
        ]
      }
    },
    {
      "type": "Feature",
      "properties": {
        "id": "INET_N_856",
        "name": null,
        "nuts3": "PL841"
      },
      "geometry": {
        "type": "Point",
        "coordinates": [
          23.896413,
          53.01781
        ]
      }
    },
    {
      "type": "Feature",
      "properties": {
        "id": "INET_N_900",
        "name": null,
        "nuts3": "SK010"
      },
      "geometry": {
        "type": "Point",
        "coordinates": [
          16.9,
          48.35
        ]
      }
    },
    {
      "type": "Feature",
      "properties": {
        "id": "INET_N_910",
        "name": null,
        "nuts3": "FRF31"
      },
      "geometry": {
        "type": "Point",
        "coordinates": [
          6.295,
          48.7289
        ]
      }
    },
    {
      "type": "Feature",
      "properties": {
        "id": "INET_N_933",
        "name": null,
        "nuts3": "DE409"
      },
      "geometry": {
        "type": "Point",
        "coordinates": [
          14.543,
          52.427
        ]
      }
    },
    {
      "type": "Feature",
      "properties": {
        "id": "INET_N_973",
        "name": null,
        "nuts3": "UKJ36"
      },
      "geometry": {
        "type": "Point",
        "coordinates": [
          -1.570799,
          51.024033
        ]
      }
    },
    {
      "type": "Feature",
      "properties": {
        "id": "INET_N_984",
        "name": null,
        "nuts3": "DE80N"
      },
      "geometry": {
        "type": "Point",
        "coordinates": [
          13.655607,
          54.151055
        ]
      }
    },
    {
      "type": "Feature",
      "properties": {
        "id": "INET_N_993",
        "name": null,
        "nuts3": "FRI13"
      },
      "geometry": {
        "type": "Point",
        "coordinates": [
          -0.220066,
          43.780448
        ]
      }
    },
    {
      "type": "Feature",
      "properties": {
        "id": "LKD_N_136",
        "name": null,
        "nuts3": "DEA2D"
      },
      "geometry": {
        "type": "Point",
        "coordinates": [
          6.207367,
          50.760751
        ]
      }
    },
    {
      "type": "Feature",
      "properties": {
        "id": "LKD_N_147",
        "name": null,
        "nuts3": "DEB3F"
      },
      "geometry": {
        "type": "Point",
        "coordinates": [
          7.643662,
          49.404181
        ]
      }
    },
    {
      "type": "Feature",
      "properties": {
        "id": "LKD_N_154",
        "name": null,
        "nuts3": "DE132"
      },
      "geometry": {
        "type": "Point",
        "coordinates": [
          7.637349,
          47.849604
        ]
      }
    },
    {
      "type": "Feature",
      "properties": {
        "id": "LKD_N_165",
        "name": null,
        "nuts3": "DE94D"
      },
      "geometry": {
        "type": "Point",
        "coordinates": [
          8.200765,
          53.074696
        ]
      }
    },
    {
      "type": "Feature",
      "properties": {
        "id": "LKD_N_173",
        "name": null,
        "nuts3": "DEF0C"
      },
      "geometry": {
        "type": "Point",
        "coordinates": [
          9.28109,
          54.803874
        ]
      }
    },
    {
      "type": "Feature",
      "properties": {
        "id": "LKD_N_175",
        "name": null,
        "nuts3": "DEF0E"
      },
      "geometry": {
        "type": "Point",
        "coordinates": [
          9.712548,
          53.936078
        ]
      }
    },
    {
      "type": "Feature",
      "properties": {
        "id": "LKD_N_192",
        "name": null,
        "nuts3": "DE93B"
      },
      "geometry": {
        "type": "Point",
        "coordinates": [
          9.007212,
          53.040937
        ]
      }
    },
    {
      "type": "Feature",
      "properties": {
        "id": "LKD_N_230",
        "name": null,
        "nuts3": "DE725"
      },
      "geometry": {
        "type": "Point",
        "coordinates": [
          9.311253,
          50.551258
        ]
      }
    },
    {
      "type": "Feature",
      "properties": {
        "id": "LKD_N_273",
        "name": null,
        "nuts3": "DEA26"
      },
      "geometry": {
        "type": "Point",
        "coordinates": [
          6.332856,
          50.853764
        ]
      }
    },
    {
      "type": "Feature",
      "properties": {
        "id": "LKD_N_373",
        "name": null,
        "nuts3": "DED43"
      },
      "geometry": {
        "type": "Point",
        "coordinates": [
          13.439963,
          50.717132
        ]
      }
    },
    {
      "type": "Feature",
      "properties": {
        "id": "LKD_N_415",
        "name": null,
        "nuts3": "DEE05"
      },
      "geometry": {
        "type": "Point",
        "coordinates": [
          12.212117,
          51.703685
        ]
      }
    },
    {
      "type": "Feature",
      "properties": {
        "id": "LKD_N_630",
        "name": null,
        "nuts3": "DE122"
      },
      "geometry": {
        "type": "Point",
        "coordinates": [
          8.452136,
          49.03634
        ]
      }
    },
    {
      "type": "Feature",
      "properties": {
        "id": "LKD_N_97",
        "name": null,
        "nuts3": "DEG0L"
      },
      "geometry": {
        "type": "Point",
        "coordinates": [
          12.214035,
          50.782075
        ]
      }
    },
    {
      "type": "Feature",
      "properties": {
        "id": "N_113_NS_LMGN",
        "name": null,
        "nuts3": "UKM50"
      },
      "geometry": {
        "type": "Point",
        "coordinates": [
          -1.89108,
          57.58608
        ]
      }
    },
    {
      "type": "Feature",
      "properties": {
        "id": "N_1158_S_LMGN",
        "name": null,
        "nuts3": "FRH03"
      },
      "geometry": {
        "type": "Point",
        "coordinates": [
          -1.6722,
          48.11106
        ]
      }
    },
    {
      "type": "Feature",
      "properties": {
        "id": "N_120_M_LMGN",
        "name": null,
        "nuts3": "FI1C4"
      },
      "geometry": {
        "type": "Point",
        "coordinates": [
          26.84281,
          60.90546
        ]
      }
    },
    {
      "type": "Feature",
      "properties": {
        "id": "N_1253_S_LMGN",
        "name": null,
        "nuts3": "PL619"
      },
      "geometry": {
        "type": "Point",
        "coordinates": [
          18.85433,
          52.62145
        ]
      }
    },
    {
      "type": "Feature",
      "properties": {
        "id": "N_1268_S_LMGN",
        "name": null,
        "nuts3": "LT025"
      },
      "geometry": {
        "type": "Point",
        "coordinates": [
          24.54501,
          55.7508
        ]
      }
    },
    {
      "type": "Feature",
      "properties": {
        "id": "N_1287_S_LMGN",
        "name": null,
        "nuts3": "BE242"
      },
      "geometry": {
        "type": "Point",
        "coordinates": [
          4.68147,
          50.91334
        ]
      }
    },
    {
      "type": "Feature",
      "properties": {
        "id": "N_1377_S_LMGN",
        "name": null,
        "nuts3": "NL111"
      },
      "geometry": {
        "type": "Point",
        "coordinates": [
          7.18757,
          53.2104
        ]
      }
    },
    {
      "type": "Feature",
      "properties": {
        "id": "N_1496_M_LMGN",
        "name": null,
        "nuts3": "DK032"
      },
      "geometry": {
        "type": "Point",
        "coordinates": [
          9.2489,
          55.57256
        ]
      }
    },
    {
      "type": "Feature",
      "properties": {
        "id": "N_151_L_LMGN",
        "name": null,
        "nuts3": "FRF24"
      },
      "geometry": {
        "type": "Point",
        "coordinates": [
          5.17495,
          47.84579
        ]
      }
    },
    {
      "type": "Feature",
      "properties": {
        "id": "N_153_M_LMGN",
        "name": null,
        "nuts3": "ES419"
      },
      "geometry": {
        "type": "Point",
        "coordinates": [
          -5.61925,
          41.57389
        ]
      }
    },
    {
      "type": "Feature",
      "properties": {
        "id": "N_1556_S_LMGN",
        "name": null,
        "nuts3": "CZ031"
      },
      "geometry": {
        "type": "Point",
        "coordinates": [
          14.6309,
          49.15411
        ]
      }
    },
    {
      "type": "Feature",
      "properties": {
        "id": "N_1604_S_LMGN",
        "name": null,
        "nuts3": null
      },
      "geometry": {
        "type": "Point",
        "coordinates": [
          27.90667,
          54.06826
        ]
      }
    },
    {
      "type": "Feature",
      "properties": {
        "id": "N_1609_S_LMGN",
        "name": null,
        "nuts3": "NL211"
      },
      "geometry": {
        "type": "Point",
        "coordinates": [
          6.38615,
          52.47225
        ]
      }
    },
    {
      "type": "Feature",
      "properties": {
        "id": "N_1615_S_LMGN",
        "name": null,
        "nuts3": "FRB02"
      },
      "geometry": {
        "type": "Point",
        "coordinates": [
          1.16564,
          48.49947
        ]
      }
    },
    {
      "type": "Feature",
      "properties": {
        "id": "N_168_L_LMGN",
        "name": null,
        "nuts3": null
      },
      "geometry": {
        "type": "Point",
        "coordinates": [
          36.24971,
          49.52788
        ]
      }
    },
    {
      "type": "Feature",
      "properties": {
        "id": "N_190_L_LMGN",
        "name": null,
        "nuts3": "UKF30"
      },
      "geometry": {
        "type": "Point",
        "coordinates": [
          0.13441,
          52.73934
        ]
      }
    },
    {
      "type": "Feature",
      "properties": {
        "id": "N_1974_S_LMGN",
        "name": null,
        "nuts3": "BG331"
      },
      "geometry": {
        "type": "Point",
        "coordinates": [
          27.42852,
          43.12706
        ]
      }
    },
    {
      "type": "Feature",
      "properties": {
        "id": "N_1988_S_LMGN",
        "name": null,
        "nuts3": "FR102"
      },
      "geometry": {
        "type": "Point",
        "coordinates": [
          2.57106,
          48.65089
        ]
      }
    },
    {
      "type": "Feature",
      "properties": {
        "id": "N_19_M_LMGN",
        "name": null,
        "nuts3": "EL522"
      },
      "geometry": {
        "type": "Point",
        "coordinates": [
          22.81831,
          40.70354
        ]
      }
    },
    {
      "type": "Feature",
      "properties": {
        "id": "N_208_S_LMGN",
        "name": null,
        "nuts3": "RO412"
      },
      "geometry": {
        "type": "Point",
        "coordinates": [
          23.54231,
          44.74909
        ]
      }
    },
    {
      "type": "Feature",
      "properties": {
        "id": "N_2120_S_LMGN",
        "name": null,
        "nuts3": "FRL06"
      },
      "geometry": {
        "type": "Point",
        "coordinates": [
          4.84987,
          44.044
        ]
      }
    },
    {
      "type": "Feature",
      "properties": {
        "id": "N_2130_S_LMGN",
        "name": null,
        "nuts3": null
      },
      "geometry": {
        "type": "Point",
        "coordinates": [
          8.18838,
          36.55779
        ]
      }
    },
    {
      "type": "Feature",
      "properties": {
        "id": "N_2138_S_LMGN",
        "name": null,
        "nuts3": "ITF61"
      },
      "geometry": {
        "type": "Point",
        "coordinates": [
          16.3045,
          39.65271
        ]
      }
    },
    {
      "type": "Feature",
      "properties": {
        "id": "N_2247_S_LMGN",
        "name": null,
        "nuts3": "ES220"
      },
      "geometry": {
        "type": "Point",
        "coordinates": [
          -1.5123,
          42.80111
        ]
      }
    },
    {
      "type": "Feature",
      "properties": {
        "id": "N_2320_S_LMGN",
        "name": null,
        "nuts3": "FRK24"
      },
      "geometry": {
        "type": "Point",
        "coordinates": [
          5.69815,
          45.39766
        ]
      }
    },
    {
      "type": "Feature",
      "properties": {
        "id": "N_235_L_LMGN",
        "name": null,
        "nuts3": "UKH35"
      },
      "geometry": {
        "type": "Point",
        "coordinates": [
          0.13874,
          52.04909
        ]
      }
    },
    {
      "type": "Feature",
      "properties": {
        "id": "N_2373_S_LMGN",
        "name": null,
        "nuts3": "FRE11"
      },
      "geometry": {
        "type": "Point",
        "coordinates": [
          3.84137,
          50.28714
        ]
      }
    },
    {
      "type": "Feature",
      "properties": {
        "id": "N_2553_S_LMGN",
        "name": null,
        "nuts3": "FRJ23"
      },
      "geometry": {
        "type": "Point",
        "coordinates": [
          1.38853,
          43.56996
        ]
      }
    },
    {
      "type": "Feature",
      "properties": {
        "id": "N_2631_S_LMGN",
        "name": null,
        "nuts3": "DE214"
      },
      "geometry": {
        "type": "Point",
        "coordinates": [
          12.86439,
          48.19555
        ]
      }
    },
    {
      "type": "Feature",
      "properties": {
        "id": "N_288_L_LMGN",
        "name": null,
        "nuts3": "ES422"
      },
      "geometry": {
        "type": "Point",
        "coordinates": [
          -3.27678,
          39.38595
        ]
      }
    },
    {
      "type": "Feature",
      "properties": {
        "id": "N_290_L_LMGN",
        "name": null,
        "nuts3": "BE213"
      },
      "geometry": {
        "type": "Point",
        "coordinates": [
          5.03325,
          51.41228
        ]
      }
    },
    {
      "type": "Feature",
      "properties": {
        "id": "N_30_M_LMGN",
        "name": null,
        "nuts3": "ES431"
      },
      "geometry": {
        "type": "Point",
        "coordinates": [
          -6.39304,
          38.71628
        ]
      }
    },
    {
      "type": "Feature",
      "properties": {
        "id": "N_330_S_LMGN",
        "name": null,
        "nuts3": "ES300"
      },
      "geometry": {
        "type": "Point",
        "coordinates": [
          -3.57294,
          40.53036
        ]
      }
    },
    {
      "type": "Feature",
      "properties": {
        "id": "N_42_L_LMGN",
        "name": null,
        "nuts3": "ES421"
      },
      "geometry": {
        "type": "Point",
        "coordinates": [
          -1.71355,
          38.88721
        ]
      }
    },
    {
      "type": "Feature",
      "properties": {
        "id": "N_42_S_LMGN",
        "name": null,
        "nuts3": "IE053"
      },
      "geometry": {
        "type": "Point",
        "coordinates": [
          -8.18137,
          51.91707
        ]
      }
    },
    {
      "type": "Feature",
      "properties": {
        "id": "N_48_L_LMGN",
        "name": null,
        "nuts3": "AT225"
      },
      "geometry": {
        "type": "Point",
        "coordinates": [
          15.44747,
          46.8862
        ]
      }
    },
    {
      "type": "Feature",
      "properties": {
        "id": "N_515_M_LMGN",
        "name": null,
        "nuts3": "UKK13"
      },
      "geometry": {
        "type": "Point",
        "coordinates": [
          -1.92836,
          51.9501
        ]
      }
    },
    {
      "type": "Feature",
      "properties": {
        "id": "N_519_M_LMGN",
        "name": null,
        "nuts3": "UKG13"
      },
      "geometry": {
        "type": "Point",
        "coordinates": [
          -1.24571,
          52.37116
        ]
      }
    },
    {
      "type": "Feature",
      "properties": {
        "id": "N_522_M_LMGN",
        "name": null,
        "nuts3": "NL126"
      },
      "geometry": {
        "type": "Point",
        "coordinates": [
          5.9614,
          53.10485
        ]
      }
    },
    {
      "type": "Feature",
      "properties": {
        "id": "N_536_M_LMGN",
        "name": null,
        "nuts3": "ES613"
      },
      "geometry": {
        "type": "Point",
        "coordinates": [
          -4.65858,
          37.88422
        ]
      }
    },
    {
      "type": "Feature",
      "properties": {
        "id": "N_537_M_LMGN",
        "name": null,
        "nuts3": "ES523"
      },
      "geometry": {
        "type": "Point",
        "coordinates": [
          -0.60235,
          38.92858
        ]
      }
    },
    {
      "type": "Feature",
      "properties": {
        "id": "N_5_L_LMGN",
        "name": null,
        "nuts3": "UKM84"
      },
      "geometry": {
        "type": "Point",
        "coordinates": [
          -3.75893,
          55.86963
        ]
      }
    },
    {
      "type": "Feature",
      "properties": {
        "id": "N_602_M_LMGN",
        "name": null,
        "nuts3": "NL423"
      },
      "geometry": {
        "type": "Point",
        "coordinates": [
          5.84567,
          50.90342
        ]
      }
    },
    {
      "type": "Feature",
      "properties": {
        "id": "N_617_M_LMGN",
        "name": null,
        "nuts3": "HU311"
      },
      "geometry": {
        "type": "Point",
        "coordinates": [
          21.00636,
          47.85057
        ]
      }
    },
    {
      "type": "Feature",
      "properties": {
        "id": "N_61_L_LMGN",
        "name": null,
        "nuts3": "FRC13"
      },
      "geometry": {
        "type": "Point",
        "coordinates": [
          4.04303,
          46.34023
        ]
      }
    },
    {
      "type": "Feature",
      "properties": {
        "id": "N_647_S_LMGN",
        "name": null,
        "nuts3": "ES618"
      },
      "geometry": {
        "type": "Point",
        "coordinates": [
          -6.01402,
          37.27381
        ]
      }
    },
    {
      "type": "Feature",
      "properties": {
        "id": "N_65_L_LMGN",
        "name": null,
        "nuts3": "ITF32"
      },
      "geometry": {
        "type": "Point",
        "coordinates": [
          14.50144,
          41.15062
        ]
      }
    },
    {
      "type": "Feature",
      "properties": {
        "id": "N_688_M_LMGN",
        "name": null,
        "nuts3": "PL416"
      },
      "geometry": {
        "type": "Point",
        "coordinates": [
          17.58819,
          51.55972
        ]
      }
    },
    {
      "type": "Feature",
      "properties": {
        "id": "N_713_S_LMGN",
        "name": null,
        "nuts3": "BG332"
      },
      "geometry": {
        "type": "Point",
        "coordinates": [
          27.96951,
          43.77018
        ]
      }
    },
    {
      "type": "Feature",
      "properties": {
        "id": "N_736_M_LMGN",
        "name": null,
        "nuts3": "ITC4A"
      },
      "geometry": {
        "type": "Point",
        "coordinates": [
          9.66495,
          45.41689
        ]
      }
    },
    {
      "type": "Feature",
      "properties": {
        "id": "N_772_M_LMGN",
        "name": null,
        "nuts3": "ES514"
      },
      "geometry": {
        "type": "Point",
        "coordinates": [
          0.70725,
          41.00578
        ]
      }
    },
    {
      "type": "Feature",
      "properties": {
        "id": "N_794_S_LMGN",
        "name": null,
        "nuts3": "BE236"
      },
      "geometry": {
        "type": "Point",
        "coordinates": [
          4.279,
          51.25917
        ]
      }
    },
    {
      "type": "Feature",
      "properties": {
        "id": "N_803_M_LMGN",
        "name": null,
        "nuts3": "ES230"
      },
      "geometry": {
        "type": "Point",
        "coordinates": [
          -2.86384,
          42.5851
        ]
      }
    },
    {
      "type": "Feature",
      "properties": {
        "id": "N_81_L_LMGN",
        "name": null,
        "nuts3": "PL822"
      },
      "geometry": {
        "type": "Point",
        "coordinates": [
          22.61611,
          50.01128
        ]
      }
    },
    {
      "type": "Feature",
      "properties": {
        "id": "N_847_M_LMGN",
        "name": null,
        "nuts3": "AT313"
      },
      "geometry": {
        "type": "Point",
        "coordinates": [
          14.55229,
          48.5272
        ]
      }
    },
    {
      "type": "Feature",
      "properties": {
        "id": "N_867_M_LMGN",
        "name": null,
        "nuts3": "FRI31"
      },
      "geometry": {
        "type": "Point",
        "coordinates": [
          0.3189,
          45.6799
        ]
      }
    },
    {
      "type": "Feature",
      "properties": {
        "id": "N_868_M_LMGN",
        "name": null,
        "nuts3": "ES230"
      },
      "geometry": {
        "type": "Point",
        "coordinates": [
          -1.98374,
          42.27718
        ]
      }
    },
    {
      "type": "Feature",
      "properties": {
        "id": "N_891_S_LMGN",
        "name": null,
        "nuts3": "ES422"
      },
      "geometry": {
        "type": "Point",
        "coordinates": [
          -4.06544,
          38.6886
        ]
      }
    },
    {
      "type": "Feature",
      "properties": {
        "id": "N_908_S_LMGN",
        "name": null,
        "nuts3": "HR028"
      },
      "geometry": {
        "type": "Point",
        "coordinates": [
          16.55299,
          45.60219
        ]
      }
    },
    {
      "type": "Feature",
      "properties": {
        "id": "N_95_L_LMGN",
        "name": null,
        "nuts3": "UKD44"
      },
      "geometry": {
        "type": "Point",
        "coordinates": [
          -2.679,
          54.15688
        ]
      }
    },
    {
      "type": "Feature",
      "properties": {
        "id": "N_97_L_LMGN",
        "name": null,
        "nuts3": "FRC13"
      },
      "geometry": {
        "type": "Point",
        "coordinates": [
          4.98148,
          46.92012
        ]
      }
    },
    {
      "type": "Feature",
      "properties": {
        "id": "N_998_S_LMGN",
        "name": null,
        "nuts3": null
      },
      "geometry": {
        "type": "Point",
        "coordinates": [
          25.38102,
          53.07477
        ]
      }
    },
    {
      "type": "Feature",
      "properties": {
        "id": "NutsCons_19",
        "name": null,
        "nuts3": "DEG01"
      },
      "geometry": {
        "type": "Point",
        "coordinates": [
          11.035028,
          50.939779
        ]
      }
    },
    {
      "type": "Feature",
      "properties": {
        "id": "NutsCons_99",
        "name": null,
        "nuts3": "RO314"
      },
      "geometry": {
        "type": "Point",
        "coordinates": [
          25.77588,
          44.46316
        ]
      }
    },
    {
      "type": "Feature",
      "properties": {
        "id": "SEQ_10021__M_LMGN",
        "name": null,
        "nuts3": "FRI12"
      },
      "geometry": {
        "type": "Point",
        "coordinates": [
          -0.05653,
          44.60722
        ]
      }
    },
    {
      "type": "Feature",
      "properties": {
        "id": "SEQ_10114_p",
        "name": null,
        "nuts3": null
      },
      "geometry": {
        "type": "Point",
        "coordinates": [
          24.63808,
          49.34843
        ]
      }
    },
    {
      "type": "Feature",
      "properties": {
        "id": "SEQ_10405__S_LMGN",
        "name": null,
        "nuts3": "CZ063"
      },
      "geometry": {
        "type": "Point",
        "coordinates": [
          16.10671,
          49.19474
        ]
      }
    },
    {
      "type": "Feature",
      "properties": {
        "id": "SEQ_10412_p",
        "name": null,
        "nuts3": "HU221"
      },
      "geometry": {
        "type": "Point",
        "coordinates": [
          17.28572,
          47.8357
        ]
      }
    },
    {
      "type": "Feature",
      "properties": {
        "id": "SEQ_10502_p",
        "name": null,
        "nuts3": null
      },
      "geometry": {
        "type": "Point",
        "coordinates": [
          28.43399,
          45.69054
        ]
      }
    },
    {
      "type": "Feature",
      "properties": {
        "id": "SEQ_10867__M_LMGN",
        "name": null,
        "nuts3": "NL113"
      },
      "geometry": {
        "type": "Point",
        "coordinates": [
          6.27938,
          53.28106
        ]
      }
    },
    {
      "type": "Feature",
      "properties": {
        "id": "SEQ_11156_p",
        "name": null,
        "nuts3": null
      },
      "geometry": {
        "type": "Point",
        "coordinates": [
          28.57415,
          59.54355
        ]
      }
    },
    {
      "type": "Feature",
      "properties": {
        "id": "SEQ_1117_p",
        "name": null,
        "nuts3": "ITC14"
      },
      "geometry": {
        "type": "Point",
        "coordinates": [
          8.36329,
          46.42379
        ]
      }
    },
    {
      "type": "Feature",
      "properties": {
        "id": "SEQ_11208_p",
        "name": null,
        "nuts3": "PL517"
      },
      "geometry": {
        "type": "Point",
        "coordinates": [
          16.31449,
          50.45106
        ]
      }
    },
    {
      "type": "Feature",
      "properties": {
        "id": "SEQ_1132_p",
        "name": null,
        "nuts3": "NL226"
      },
      "geometry": {
        "type": "Point",
        "coordinates": [
          6.11577,
          51.90844
        ]
      }
    },
    {
      "type": "Feature",
      "properties": {
        "id": "SEQ_11452_p",
        "name": null,
        "nuts3": "DEA41"
      },
      "geometry": {
        "type": "Point",
        "coordinates": [
          8.61882,
          52.07103
        ]
      }
    },
    {
      "type": "Feature",
      "properties": {
        "id": "SEQ_11603_p",
        "name": null,
        "nuts3": "DE406"
      },
      "geometry": {
        "type": "Point",
        "coordinates": [
          13.587282,
          52.093499
        ]
      }
    },
    {
      "type": "Feature",
      "properties": {
        "id": "SEQ_11717_p",
        "name": null,
        "nuts3": "DE237"
      },
      "geometry": {
        "type": "Point",
        "coordinates": [
          12.382241,
          49.684671
        ]
      }
    },
    {
      "type": "Feature",
      "properties": {
        "id": "SEQ_11733_p",
        "name": null,
        "nuts3": "DE715"
      },
      "geometry": {
        "type": "Point",
        "coordinates": [
          8.534832,
          49.722546
        ]
      }
    },
    {
      "type": "Feature",
      "properties": {
        "id": "SEQ_11777_p",
        "name": null,
        "nuts3": "DE124"
      },
      "geometry": {
        "type": "Point",
        "coordinates": [
          8.078997,
          48.74406
        ]
      }
    },
    {
      "type": "Feature",
      "properties": {
        "id": "SEQ_11804_p",
        "name": null,
        "nuts3": "DE93B"
      },
      "geometry": {
        "type": "Point",
        "coordinates": [
          9.335639,
          52.963817
        ]
      }
    },
    {
      "type": "Feature",
      "properties": {
        "id": "SEQ_11938_p",
        "name": null,
        "nuts3": "DE94D"
      },
      "geometry": {
        "type": "Point",
        "coordinates": [
          8.3642,
          52.95562
        ]
      }
    },
    {
      "type": "Feature",
      "properties": {
        "id": "SEQ_11975_p",
        "name": null,
        "nuts3": "DE733"
      },
      "geometry": {
        "type": "Point",
        "coordinates": [
          9.82305,
          50.79345
        ]
      }
    },
    {
      "type": "Feature",
      "properties": {
        "id": "SEQ_1201_p",
        "name": null,
        "nuts3": "TR213"
      },
      "geometry": {
        "type": "Point",
        "coordinates": [
          27.02768,
          42.04342
        ]
      }
    },
    {
      "type": "Feature",
      "properties": {
        "id": "SEQ_12142_p",
        "name": null,
        "nuts3": "DEA23"
      },
      "geometry": {
        "type": "Point",
        "coordinates": [
          7.098327,
          50.86828
        ]
      }
    },
    {
      "type": "Feature",
      "properties": {
        "id": "SEQ_1236_p",
        "name": null,
        "nuts3": "UKD36"
      },
      "geometry": {
        "type": "Point",
        "coordinates": [
          -2.53523,
          53.49469
        ]
      }
    },
    {
      "type": "Feature",
      "properties": {
        "id": "SEQ_1252_p",
        "name": null,
        "nuts3": "PL225"
      },
      "geometry": {
        "type": "Point",
        "coordinates": [
          18.59525,
          49.81172
        ]
      }
    },
    {
      "type": "Feature",
      "properties": {
        "id": "SEQ_12647_p",
        "name": null,
        "nuts3": "DE26C"
      },
      "geometry": {
        "type": "Point",
        "coordinates": [
          9.905808,
          49.839157
        ]
      }
    },
    {
      "type": "Feature",
      "properties": {
        "id": "SEQ_1281_p",
        "name": null,
        "nuts3": "FRK23"
      },
      "geometry": {
        "type": "Point",
        "coordinates": [
          4.86867,
          44.50072
        ]
      }
    },
    {
      "type": "Feature",
      "properties": {
        "id": "SEQ_1289__M_LMGN",
        "name": null,
        "nuts3": "PL428"
      },
      "geometry": {
        "type": "Point",
        "coordinates": [
          14.85962,
          53.54103
        ]
      }
    },
    {
      "type": "Feature",
      "properties": {
        "id": "SEQ_13279_p",
        "name": null,
        "nuts3": "DE942"
      },
      "geometry": {
        "type": "Point",
        "coordinates": [
          7.023179,
          53.353273
        ]
      }
    },
    {
      "type": "Feature",
      "properties": {
        "id": "SEQ_1452_p",
        "name": null,
        "nuts3": "UKL18"
      },
      "geometry": {
        "type": "Point",
        "coordinates": [
          -3.89856,
          51.68553
        ]
      }
    },
    {
      "type": "Feature",
      "properties": {
        "id": "SEQ_1492_p",
        "name": null,
        "nuts3": "ITF35"
      },
      "geometry": {
        "type": "Point",
        "coordinates": [
          15.66568,
          40.22969
        ]
      }
    },
    {
      "type": "Feature",
      "properties": {
        "id": "SEQ_14_p",
        "name": null,
        "nuts3": "FRD21"
      },
      "geometry": {
        "type": "Point",
        "coordinates": [
          0.40896,
          49.42052
        ]
      }
    },
    {
      "type": "Feature",
      "properties": {
        "id": "SEQ_1545_p",
        "name": null,
        "nuts3": "ES521"
      },
      "geometry": {
        "type": "Point",
        "coordinates": [
          -0.83128,
          38.22377
        ]
      }
    },
    {
      "type": "Feature",
      "properties": {
        "id": "SEQ_1558_p",
        "name": null,
        "nuts3": "BG343"
      },
      "geometry": {
        "type": "Point",
        "coordinates": [
          26.73211,
          42.64512
        ]
      }
    },
    {
      "type": "Feature",
      "properties": {
        "id": "SEQ_15843__S_LMGN",
        "name": null,
        "nuts3": "BE233"
      },
      "geometry": {
        "type": "Point",
        "coordinates": [
          3.81321,
          51.19842
        ]
      }
    },
    {
      "type": "Feature",
      "properties": {
        "id": "SEQ_1750_p",
        "name": null,
        "nuts3": "UKM92"
      },
      "geometry": {
        "type": "Point",
        "coordinates": [
          -3.38516,
          55.22432
        ]
      }
    },
    {
      "type": "Feature",
      "properties": {
        "id": "SEQ_1783_p",
        "name": null,
        "nuts3": "PL418"
      },
      "geometry": {
        "type": "Point",
        "coordinates": [
          16.58351,
          52.51197
        ]
      }
    },
    {
      "type": "Feature",
      "properties": {
        "id": "SEQ_1854_p",
        "name": null,
        "nuts3": "FI1C5"
      },
      "geometry": {
        "type": "Point",
        "coordinates": [
          27.67137,
          60.99013
        ]
      }
    },
    {
      "type": "Feature",
      "properties": {
        "id": "SEQ_2005_p",
        "name": null,
        "nuts3": "ITH34"
      },
      "geometry": {
        "type": "Point",
        "coordinates": [
          12.06307,
          45.67951
        ]
      }
    },
    {
      "type": "Feature",
      "properties": {
        "id": "SEQ_2090_p",
        "name": null,
        "nuts3": null
      },
      "geometry": {
        "type": "Point",
        "coordinates": [
          30.76496,
          48.80777
        ]
      }
    },
    {
      "type": "Feature",
      "properties": {
        "id": "SEQ_2158_p",
        "name": null,
        "nuts3": "FRB03"
      },
      "geometry": {
        "type": "Point",
        "coordinates": [
          1.25697,
          46.4875
        ]
      }
    },
    {
      "type": "Feature",
      "properties": {
        "id": "SEQ_2253_p",
        "name": null,
        "nuts3": null
      },
      "geometry": {
        "type": "Point",
        "coordinates": [
          23.15985,
          48.42979
        ]
      }
    },
    {
      "type": "Feature",
      "properties": {
        "id": "SEQ_2357_p",
        "name": null,
        "nuts3": "ITG16"
      },
      "geometry": {
        "type": "Point",
        "coordinates": [
          14.21256,
          37.46219
        ]
      }
    },
    {
      "type": "Feature",
      "properties": {
        "id": "SEQ_2459_p",
        "name": null,
        "nuts3": "AT224"
      },
      "geometry": {
        "type": "Point",
        "coordinates": [
          15.93628,
          47.282
        ]
      }
    },
    {
      "type": "Feature",
      "properties": {
        "id": "SEQ_2477_p",
        "name": null,
        "nuts3": "CZ064"
      },
      "geometry": {
        "type": "Point",
        "coordinates": [
          15.93103,
          48.98078
        ]
      }
    },
    {
      "type": "Feature",
      "properties": {
        "id": "SEQ_2536_p",
        "name": null,
        "nuts3": "AT127"
      },
      "geometry": {
        "type": "Point",
        "coordinates": [
          16.26723,
          47.92208
        ]
      }
    },
    {
      "type": "Feature",
      "properties": {
        "id": "SEQ_2540_p",
        "name": null,
        "nuts3": "BG332"
      },
      "geometry": {
        "type": "Point",
        "coordinates": [
          27.52752,
          43.50532
        ]
      }
    },
    {
      "type": "Feature",
      "properties": {
        "id": "SEQ_2574_p",
        "name": null,
        "nuts3": "FI1C5"
      },
      "geometry": {
        "type": "Point",
        "coordinates": [
          28.71409,
          61.17337
        ]
      }
    },
    {
      "type": "Feature",
      "properties": {
        "id": "SEQ_2575__L_LMGN",
        "name": null,
        "nuts3": "FRL04"
      },
      "geometry": {
        "type": "Point",
        "coordinates": [
          4.86999,
          43.60342
        ]
      }
    },
    {
      "type": "Feature",
      "properties": {
        "id": "SEQ_2702_p",
        "name": null,
        "nuts3": "FRB05"
      },
      "geometry": {
        "type": "Point",
        "coordinates": [
          1.86094,
          47.22989
        ]
      }
    },
    {
      "type": "Feature",
      "properties": {
        "id": "SEQ_2708_p",
        "name": null,
        "nuts3": "FR102"
      },
      "geometry": {
        "type": "Point",
        "coordinates": [
          2.63215,
          48.16442
        ]
      }
    },
    {
      "type": "Feature",
      "properties": {
        "id": "SEQ_2713_p",
        "name": null,
        "nuts3": "PT185"
      },
      "geometry": {
        "type": "Point",
        "coordinates": [
          -8.87002,
          38.87171
        ]
      }
    },
    {
      "type": "Feature",
      "properties": {
        "id": "SEQ_2722_p",
        "name": null,
        "nuts3": "FRI12"
      },
      "geometry": {
        "type": "Point",
        "coordinates": [
          -0.27196,
          44.36387
        ]
      }
    },
    {
      "type": "Feature",
      "properties": {
        "id": "SEQ_2730_p",
        "name": null,
        "nuts3": "UKH14"
      },
      "geometry": {
        "type": "Point",
        "coordinates": [
          1.18238,
          52.35433
        ]
      }
    },
    {
      "type": "Feature",
      "properties": {
        "id": "SEQ_2830_p",
        "name": null,
        "nuts3": "FRK11"
      },
      "geometry": {
        "type": "Point",
        "coordinates": [
          2.65472,
          46.45526
        ]
      }
    },
    {
      "type": "Feature",
      "properties": {
        "id": "SEQ_2872_p",
        "name": null,
        "nuts3": "UKM50"
      },
      "geometry": {
        "type": "Point",
        "coordinates": [
          -2.33587,
          57.10441
        ]
      }
    },
    {
      "type": "Feature",
      "properties": {
        "id": "SEQ_2880_p",
        "name": null,
        "nuts3": "LT011"
      },
      "geometry": {
        "type": "Point",
        "coordinates": [
          24.85407,
          54.9487
        ]
      }
    },
    {
      "type": "Feature",
      "properties": {
        "id": "SEQ_2948_p",
        "name": null,
        "nuts3": "UKJ13"
      },
      "geometry": {
        "type": "Point",
        "coordinates": [
          -0.93353,
          51.83962
        ]
      }
    },
    {
      "type": "Feature",
      "properties": {
        "id": "SEQ_3167__L_LMGN",
        "name": null,
        "nuts3": "UKC14"
      },
      "geometry": {
        "type": "Point",
        "coordinates": [
          -1.62809,
          54.67153
        ]
      }
    },
    {
      "type": "Feature",
      "properties": {
        "id": "SEQ_3179_p",
        "name": null,
        "nuts3": "UKH16"
      },
      "geometry": {
        "type": "Point",
        "coordinates": [
          0.57907,
          52.69164
        ]
      }
    },
    {
      "type": "Feature",
      "properties": {
        "id": "SEQ_3223__L_LMGN",
        "name": null,
        "nuts3": "FRF11"
      },
      "geometry": {
        "type": "Point",
        "coordinates": [
          7.58774,
          48.27313
        ]
      }
    },
    {
      "type": "Feature",
      "properties": {
        "id": "SEQ_3326_p",
        "name": null,
        "nuts3": "RO223"
      },
      "geometry": {
        "type": "Point",
        "coordinates": [
          28.14808,
          44.35541
        ]
      }
    },
    {
      "type": "Feature",
      "properties": {
        "id": "SEQ_3368_p",
        "name": null,
        "nuts3": "UKH12"
      },
      "geometry": {
        "type": "Point",
        "coordinates": [
          -0.34515,
          52.353
        ]
      }
    },
    {
      "type": "Feature",
      "properties": {
        "id": "SEQ_3549_p",
        "name": null,
        "nuts3": "FRG04"
      },
      "geometry": {
        "type": "Point",
        "coordinates": [
          -0.31239,
          47.90074
        ]
      }
    },
    {
      "type": "Feature",
      "properties": {
        "id": "SEQ_3980_p",
        "name": null,
        "nuts3": "FRE11"
      },
      "geometry": {
        "type": "Point",
        "coordinates": [
          2.30956,
          51.00541
        ]
      }
    },
    {
      "type": "Feature",
      "properties": {
        "id": "SEQ_4159__L_LMGN",
        "name": null,
        "nuts3": "UKE13"
      },
      "geometry": {
        "type": "Point",
        "coordinates": [
          -0.77896,
          53.55695
        ]
      }
    },
    {
      "type": "Feature",
      "properties": {
        "id": "SEQ_4288_p",
        "name": null,
        "nuts3": "FRF22"
      },
      "geometry": {
        "type": "Point",
        "coordinates": [
          3.83143,
          48.36364
        ]
      }
    },
    {
      "type": "Feature",
      "properties": {
        "id": "SEQ_4361_p",
        "name": null,
        "nuts3": "CZ020"
      },
      "geometry": {
        "type": "Point",
        "coordinates": [
          14.89987,
          50.04827
        ]
      }
    },
    {
      "type": "Feature",
      "properties": {
        "id": "SEQ_4380_p",
        "name": null,
        "nuts3": null
      },
      "geometry": {
        "type": "Point",
        "coordinates": [
          29.05624,
          54.41249
        ]
      }
    },
    {
      "type": "Feature",
      "properties": {
        "id": "SEQ_4389_p",
        "name": null,
        "nuts3": "UKM71"
      },
      "geometry": {
        "type": "Point",
        "coordinates": [
          -2.84204,
          56.6884
        ]
      }
    },
    {
      "type": "Feature",
      "properties": {
        "id": "SEQ_4431__M_LMGN",
        "name": null,
        "nuts3": "BG413"
      },
      "geometry": {
        "type": "Point",
        "coordinates": [
          23.13124,
          41.59913
        ]
      }
    },
    {
      "type": "Feature",
      "properties": {
        "id": "SEQ_4681_p",
        "name": null,
        "nuts3": "FRF32"
      },
      "geometry": {
        "type": "Point",
        "coordinates": [
          5.74178,
          48.47496
        ]
      }
    },
    {
      "type": "Feature",
      "properties": {
        "id": "SEQ_4690_p",
        "name": null,
        "nuts3": null
      },
      "geometry": {
        "type": "Point",
        "coordinates": [
          3.16475,
          32.87013
        ]
      }
    },
    {
      "type": "Feature",
      "properties": {
        "id": "SEQ_4764_p",
        "name": null,
        "nuts3": null
      },
      "geometry": {
        "type": "Point",
        "coordinates": [
          30.80682,
          49.44766
        ]
      }
    },
    {
      "type": "Feature",
      "properties": {
        "id": "SEQ_4861_p",
        "name": null,
        "nuts3": null
      },
      "geometry": {
        "type": "Point",
        "coordinates": [
          27.05731,
          49.71893
        ]
      }
    },
    {
      "type": "Feature",
      "properties": {
        "id": "SEQ_4866_p",
        "name": null,
        "nuts3": null
      },
      "geometry": {
        "type": "Point",
        "coordinates": [
          28.66055,
          49.8006
        ]
      }
    },
    {
      "type": "Feature",
      "properties": {
        "id": "SEQ_4993_p",
        "name": null,
        "nuts3": null
      },
      "geometry": {
        "type": "Point",
        "coordinates": [
          39.87115,
          45.75394
        ]
      }
    },
    {
      "type": "Feature",
      "properties": {
        "id": "SEQ_5383__M_LMGN",
        "name": null,
        "nuts3": null
      },
      "geometry": {
        "type": "Point",
        "coordinates": [
          27.72251,
          47.99491
        ]
      }
    },
    {
      "type": "Feature",
      "properties": {
        "id": "SEQ_570_p",
        "name": null,
        "nuts3": null
      },
      "geometry": {
        "type": "Point",
        "coordinates": [
          28.48418,
          45.31576
        ]
      }
    },
    {
      "type": "Feature",
      "properties": {
        "id": "SEQ_5772_p",
        "name": null,
        "nuts3": "BG321"
      },
      "geometry": {
        "type": "Point",
        "coordinates": [
          25.16398,
          43.28291
        ]
      }
    },
    {
      "type": "Feature",
      "properties": {
        "id": "SEQ_5805__M_LMGN",
        "name": null,
        "nuts3": "FRE12"
      },
      "geometry": {
        "type": "Point",
        "coordinates": [
          2.86873,
          50.4075
        ]
      }
    },
    {
      "type": "Feature",
      "properties": {
        "id": "SEQ_5823__M_LMGN",
        "name": null,
        "nuts3": "NL323"
      },
      "geometry": {
        "type": "Point",
        "coordinates": [
          4.67759,
          52.54012
        ]
      }
    },
    {
      "type": "Feature",
      "properties": {
        "id": "SEQ_5935__L_LMGN",
        "name": null,
        "nuts3": "UKH35"
      },
      "geometry": {
        "type": "Point",
        "coordinates": [
          0.22238,
          51.76605
        ]
      }
    },
    {
      "type": "Feature",
      "properties": {
        "id": "SEQ_6019_p",
        "name": null,
        "nuts3": null
      },
      "geometry": {
        "type": "Point",
        "coordinates": [
          12.55633,
          32.32657
        ]
      }
    },
    {
      "type": "Feature",
      "properties": {
        "id": "SEQ_6025_p",
        "name": null,
        "nuts3": "UKC21"
      },
      "geometry": {
        "type": "Point",
        "coordinates": [
          -2.07751,
          55.52316
        ]
      }
    },
    {
      "type": "Feature",
      "properties": {
        "id": "SEQ_6201_p",
        "name": null,
        "nuts3": null
      },
      "geometry": {
        "type": "Point",
        "coordinates": [
          31.30426,
          47.77446
        ]
      }
    },
    {
      "type": "Feature",
      "properties": {
        "id": "SEQ_6259_p",
        "name": null,
        "nuts3": "NL321"
      },
      "geometry": {
        "type": "Point",
        "coordinates": [
          5.06728,
          52.78373
        ]
      }
    },
    {
      "type": "Feature",
      "properties": {
        "id": "SEQ_6445_p",
        "name": null,
        "nuts3": null
      },
      "geometry": {
        "type": "Point",
        "coordinates": [
          32.14219,
          54.70993
        ]
      }
    },
    {
      "type": "Feature",
      "properties": {
        "id": "SEQ_6470_p",
        "name": null,
        "nuts3": "ITH56"
      },
      "geometry": {
        "type": "Point",
        "coordinates": [
          11.38844,
          44.83296
        ]
      }
    },
    {
      "type": "Feature",
      "properties": {
        "id": "SEQ_6700_p",
        "name": null,
        "nuts3": "HU331"
      },
      "geometry": {
        "type": "Point",
        "coordinates": [
          19.88632,
          46.84182
        ]
      }
    },
    {
      "type": "Feature",
      "properties": {
        "id": "SEQ_673_p",
        "name": null,
        "nuts3": "ES523"
      },
      "geometry": {
        "type": "Point",
        "coordinates": [
          -0.41375,
          39.59871
        ]
      }
    },
    {
      "type": "Feature",
      "properties": {
        "id": "SEQ_689__L_LMGN",
        "name": null,
        "nuts3": "NL112"
      },
      "geometry": {
        "type": "Point",
        "coordinates": [
          6.83902,
          53.4103
        ]
      }
    },
    {
      "type": "Feature",
      "properties": {
        "id": "SEQ_697__L_LMGN",
        "name": null,
        "nuts3": "NL111"
      },
      "geometry": {
        "type": "Point",
        "coordinates": [
          6.93055,
          53.17842
        ]
      }
    },
    {
      "type": "Feature",
      "properties": {
        "id": "SEQ_7027_p",
        "name": null,
        "nuts3": "FRI32"
      },
      "geometry": {
        "type": "Point",
        "coordinates": [
          -0.47471,
          45.87751
        ]
      }
    },
    {
      "type": "Feature",
      "properties": {
        "id": "SEQ_719__L_LMGN",
        "name": null,
        "nuts3": "NL225"
      },
      "geometry": {
        "type": "Point",
        "coordinates": [
          6.10757,
          51.96397
        ]
      }
    },
    {
      "type": "Feature",
      "properties": {
        "id": "SEQ_7331__L_LMGN",
        "name": null,
        "nuts3": "BG412"
      },
      "geometry": {
        "type": "Point",
        "coordinates": [
          23.81187,
          42.47715
        ]
      }
    },
    {
      "type": "Feature",
      "properties": {
        "id": "SEQ_791_p",
        "name": null,
        "nuts3": "SI043"
      },
      "geometry": {
        "type": "Point",
        "coordinates": [
          13.90062,
          45.88023
        ]
      }
    },
    {
      "type": "Feature",
      "properties": {
        "id": "SEQ_7947__L_LMGN",
        "name": null,
        "nuts3": "UKF30"
      },
      "geometry": {
        "type": "Point",
        "coordinates": [
          -0.25862,
          53.22971
        ]
      }
    },
    {
      "type": "Feature",
      "properties": {
        "id": "SEQ_8022_p",
        "name": null,
        "nuts3": null
      },
      "geometry": {
        "type": "Point",
        "coordinates": [
          30.57245,
          54.48977
        ]
      }
    },
    {
      "type": "Feature",
      "properties": {
        "id": "SEQ_8075__M_LMGN",
        "name": null,
        "nuts3": "FRI15"
      },
      "geometry": {
        "type": "Point",
        "coordinates": [
          -1.5758,
          43.3277
        ]
      }
    },
    {
      "type": "Feature",
      "properties": {
        "id": "SEQ_8235_p",
        "name": null,
        "nuts3": "RO422"
      },
      "geometry": {
        "type": "Point",
        "coordinates": [
          22.26146,
          45.48367
        ]
      }
    },
    {
      "type": "Feature",
      "properties": {
        "id": "SEQ_8309_p",
        "name": null,
        "nuts3": "FRG04"
      },
      "geometry": {
        "type": "Point",
        "coordinates": [
          0.77695,
          48.07418
        ]
      }
    },
    {
      "type": "Feature",
      "properties": {
        "id": "SEQ_8829__M_LMGN",
        "name": null,
        "nuts3": "ES514"
      },
      "geometry": {
        "type": "Point",
        "coordinates": [
          1.54676,
          41.25179
        ]
      }
    },
    {
      "type": "Feature",
      "properties": {
        "id": "SEQ_8834_p",
        "name": null,
        "nuts3": "FRJ11"
      },
      "geometry": {
        "type": "Point",
        "coordinates": [
          2.47576,
          43.16264
        ]
      }
    },
    {
      "type": "Feature",
      "properties": {
        "id": "SEQ_9064_p",
        "name": null,
        "nuts3": "FRI15"
      },
      "geometry": {
        "type": "Point",
        "coordinates": [
          -0.68861,
          43.46863
        ]
      }
    },
    {
      "type": "Feature",
      "properties": {
        "id": "SEQ_9137_p",
        "name": null,
        "nuts3": "CH061"
      },
      "geometry": {
        "type": "Point",
        "coordinates": [
          8.21797,
          47.05671
        ]
      }
    },
    {
      "type": "Feature",
      "properties": {
        "id": "SEQ_9201__M_LMGN",
        "name": null,
        "nuts3": "ES243"
      },
      "geometry": {
        "type": "Point",
        "coordinates": [
          -0.875,
          41.55381
        ]
      }
    },
    {
      "type": "Feature",
      "properties": {
        "id": "SEQ_923__L_LMGN",
        "name": null,
        "nuts3": "SI032"
      },
      "geometry": {
        "type": "Point",
        "coordinates": [
          15.81718,
          46.38856
        ]
      }
    },
    {
      "type": "Feature",
      "properties": {
        "id": "SEQ_9254_p",
        "name": null,
        "nuts3": "FRJ28"
      },
      "geometry": {
        "type": "Point",
        "coordinates": [
          1.46523,
          44.0891
        ]
      }
    },
    {
      "type": "Feature",
      "properties": {
        "id": "SEQ_9562_p",
        "name": null,
        "nuts3": "FRF32"
      },
      "geometry": {
        "type": "Point",
        "coordinates": [
          5.38428,
          49.41636
        ]
      }
    },
    {
      "type": "Feature",
      "properties": {
        "id": "SEQ_9633_p",
        "name": null,
        "nuts3": "HU233"
      },
      "geometry": {
        "type": "Point",
        "coordinates": [
          18.74969,
          46.13801
        ]
      }
    },
    {
      "type": "Feature",
      "properties": {
        "id": "SEQ_9997__M_LMGN",
        "name": null,
        "nuts3": "FRG01"
      },
      "geometry": {
        "type": "Point",
        "coordinates": [
          -1.61896,
          47.54763
        ]
      }
    }
  ]
}
