{
  "type": "FeatureCollection",
  "name": "P_Powerplants",
  "crs": {
    "type": "name",
    "properties": {
      "name": "urn:ogc:def:crs:OGC:1.3:CRS84"
    }
  },
  "features": [
    {
      "type": "Feature",
      "properties": {
        "id": "INET_CS_355",
        "name": "Melfi",
        "node": "INET_N_1048",
        "tags": {},
        "PowerPlantType": "CCGT",
        "capacity_E_MW": 100.0,
        "capacity_TH_MW": 0.0,
        "year_end": null,
        "exact": 3,
        "is_H_gas": 1,
        "is_gas_fuel1": 1,
        "nuts_id_1": "ITF",
        "nuts_id_2": "ITF5",
        "nuts_id_3": "ITF51",
        "year_start": 1997.0,
        "nuts3": "ITF51"
      },
      "geometry": {
        "type": "Point",
        "coordinates": [
          15.7119,
          41.0664
        ]
      }
    },
    {
      "type": "Feature",
      "properties": {
        "id": "INET_CS_151",
        "name": "Duessesldorf 1",
        "node": "INET_N_434",
        "tags": {},
        "PowerPlantType": null,
        "capacity_E_MW": 393.9,
        "capacity_TH_MW": 0.0,
        "year_end": null,
        "exact": 3,
        "is_H_gas": 1,
        "is_gas_fuel1": 1,
        "nuts_id_1": "DEA",
        "nuts_id_2": "DEA1",
        "nuts_id_3": "DEA11",
        "year_start": null,
        "nuts3": "DEA11"
      },
      "geometry": {
        "type": "Point",
        "coordinates": [
          6.7319,
          51.2212
        ]
      }
    },
    {
      "type": "Feature",
      "properties": {
        "id": "INET_CS_311",
        "name": "Leiden 12",
        "node": "INET_N_937",
        "tags": {},
        "PowerPlantType": "CHP",
        "capacity_E_MW": 82.0,
        "capacity_TH_MW": 0.0,
        "year_end": null,
        "exact": 3,
        "is_H_gas": 1,
        "is_gas_fuel1": 1,
        "nuts_id_1": "NL3",
        "nuts_id_2": "NL33",
        "nuts_id_3": "NL337",
        "year_start": 1982.0,
        "nuts3": "NL337"
      },
      "geometry": {
        "type": "Point",
        "coordinates": [
          4.4941,
          52.1641
        ]
      }
    },
    {
      "type": "Feature",
      "properties": {
        "id": "INET_CS_51",
        "name": "Barby",
        "node": "INET_N_141",
        "tags": {},
        "PowerPlantType": null,
        "capacity_E_MW": 216.0,
        "capacity_TH_MW": 0.0,
        "year_end": null,
        "exact": 3,
        "is_H_gas": 1,
        "is_gas_fuel1": 1,
        "nuts_id_1": "DEE",
        "nuts_id_2": "DEE0",
        "nuts_id_3": "DEE0C",
        "year_start": 1993.0,
        "nuts3": "DEE0C"
      },
      "geometry": {
        "type": "Point",
        "coordinates": [
          11.8766,
          51.9832
        ]
      }
    },
    {
      "type": "Feature",
      "properties": {
        "id": "INET_CS_11",
        "name": "Alessandro Volta",
        "node": "N_29_L_LMGN",
        "tags": {},
        "PowerPlantType": null,
        "capacity_E_MW": 3600.0,
        "capacity_TH_MW": 0.0,
        "year_end": null,
        "exact": 3,
        "is_H_gas": 1,
        "is_gas_fuel1": 1,
        "nuts_id_1": "ITI",
        "nuts_id_2": "ITI4",
        "nuts_id_3": "ITI41",
        "year_start": 1997.0,
        "nuts3": null
      },
      "geometry": {
        "type": "Point",
        "coordinates": [
          11.51096,
          42.34385
        ]
      }
    },
    {
      "type": "Feature",
      "properties": {
        "id": "INET_CS_373",
        "name": "Muenchen 3",
        "node": "INET_N_1110",
        "tags": {},
        "PowerPlantType": null,
        "capacity_E_MW": 858.0,
        "capacity_TH_MW": 1214.0,
        "year_end": null,
        "exact": 3,
        "is_H_gas": 1,
        "is_gas_fuel1": 1,
        "nuts_id_1": "DE2",
        "nuts_id_2": "DE21",
        "nuts_id_3": "DE212",
        "year_start": 1974.0,
        "nuts3": "DE212"
      },
      "geometry": {
        "type": "Point",
        "coordinates": [
          11.5957,
          48.1889
        ]
      }
    },
    {
      "type": "Feature",
      "properties": {
        "id": "INET_CS_41",
        "name": "Azuliber",
        "node": "INET_N_108",
        "tags": {},
        "PowerPlantType": null,
        "capacity_E_MW": 1680.834,
        "capacity_TH_MW": 0.0,
        "year_end": null,
        "exact": 3,
        "is_H_gas": 1,
        "is_gas_fuel1": 1,
        "nuts_id_1": "ES5",
        "nuts_id_2": "ES52",
        "nuts_id_3": "ES522",
        "year_start": null,
        "nuts3": "ES522"
      },
      "geometry": {
        "type": "Point",
        "coordinates": [
          -0.2,
          40.0667
        ]
      }
    },
    {
      "type": "Feature",
      "properties": {
        "id": "INET_CS_206",
        "name": "Gera Nord",
        "node": "INET_N_580",
        "tags": {},
        "PowerPlantType": null,
        "capacity_E_MW": 148.0,
        "capacity_TH_MW": 0.0,
        "year_end": null,
        "exact": 3,
        "is_H_gas": 1,
        "is_gas_fuel1": 1,
        "nuts_id_1": "DEG",
        "nuts_id_2": "DEG0",
        "nuts_id_3": "DEG02",
        "year_start": 1996.0,
        "nuts3": "DEG02"
      },
      "geometry": {
        "type": "Point",
        "coordinates": [
          12.061,
          50.9076
        ]
      }
    },
    {
      "type": "Feature",
      "properties": {
        "id": "INET_CS_22",
        "name": "Amorebieta",
        "node": "INET_N_59",
        "tags": {},
        "PowerPlantType": null,
        "capacity_E_MW": 1955.0,
        "capacity_TH_MW": 0.0,
        "year_end": null,
        "exact": 3,
        "is_H_gas": 1,
        "is_gas_fuel1": 1,
        "nuts_id_1": "ES2",
        "nuts_id_2": "ES21",
        "nuts_id_3": "ES213",
        "year_start": 2005.0,
        "nuts3": "ES213"
      },
      "geometry": {
        "type": "Point",
        "coordinates": [
          -2.7497,
          43.2347
        ]
      }
    },
    {
      "type": "Feature",
      "properties": {
        "id": "INET_CS_340",
        "name": "Mainz",
        "node": "INET_N_1006",
        "tags": {},
        "PowerPlantType": null,
        "capacity_E_MW": 755.0,
        "capacity_TH_MW": 0.0,
        "year_end": null,
        "exact": 3,
        "is_H_gas": 1,
        "is_gas_fuel1": 1,
        "nuts_id_1": "DEB",
        "nuts_id_2": "DEB3",
        "nuts_id_3": "DEB35",
        "year_start": 2001.0,
        "nuts3": "DEB35"
      },
      "geometry": {
        "type": "Point",
        "coordinates": [
          8.2379,
          50.0264
        ]
      }
    },
    {
      "type": "Feature",
      "properties": {
        "id": "INET_CS_195",
        "name": "Franken",
        "node": "INET_N_550",
        "tags": {},
        "PowerPlantType": null,
        "capacity_E_MW": 991.6,
        "capacity_TH_MW": 0.0,
        "year_end": null,
        "exact": 3,
        "is_H_gas": 1,
        "is_gas_fuel1": 1,
        "nuts_id_1": "DE2",
        "nuts_id_2": "DE25",
        "nuts_id_3": "DE254",
        "year_start": 1973.0,
        "nuts3": "DE254"
      },
      "geometry": {
        "type": "Point",
        "coordinates": [
          11.0077,
          49.4208
        ]
      }
    },
    {
      "type": "Feature",
      "properties": {
        "id": "INET_CS_73",
        "name": "Braunschweig 1",
        "node": "INET_N_232",
        "tags": {},
        "PowerPlantType": "HKW",
        "capacity_E_MW": 162.3,
        "capacity_TH_MW": 0.0,
        "year_end": null,
        "exact": 3,
        "is_H_gas": 1,
        "is_gas_fuel1": 1,
        "nuts_id_1": "DE9",
        "nuts_id_2": "DE91",
        "nuts_id_3": "DE911",
        "year_start": null,
        "nuts3": "DE911"
      },
      "geometry": {
        "type": "Point",
        "coordinates": [
          10.5147,
          52.2786
        ]
      }
    },
    {
      "type": "Feature",
      "properties": {
        "id": "INET_CS_223",
        "name": "Hagen-Kabel",
        "node": "INET_N_636",
        "tags": {},
        "PowerPlantType": "HKW",
        "capacity_E_MW": 230.0,
        "capacity_TH_MW": 0.0,
        "year_end": null,
        "exact": 3,
        "is_H_gas": 1,
        "is_gas_fuel1": 1,
        "nuts_id_1": "DEA",
        "nuts_id_2": "DEA5",
        "nuts_id_3": "DEA53",
        "year_start": 1980.0,
        "nuts3": "DEA53"
      },
      "geometry": {
        "type": "Point",
        "coordinates": [
          7.4917,
          51.411
        ]
      }
    },
    {
      "type": "Feature",
      "properties": {
        "id": "INET_CS_533",
        "name": "Taylor's Lane",
        "node": "INET_N_1616",
        "tags": {},
        "PowerPlantType": "GT",
        "capacity_E_MW": 144.0,
        "capacity_TH_MW": 0.0,
        "year_end": null,
        "exact": 3,
        "is_H_gas": 1,
        "is_gas_fuel1": 1,
        "nuts_id_1": "UKI",
        "nuts_id_2": "UKI7",
        "nuts_id_3": "UKI72",
        "year_start": null,
        "nuts3": "UKI72"
      },
      "geometry": {
        "type": "Point",
        "coordinates": [
          -0.2575,
          51.5459
        ]
      }
    },
    {
      "type": "Feature",
      "properties": {
        "id": "INET_CS_245",
        "name": "Huntorf",
        "node": "INET_N_468",
        "tags": {},
        "PowerPlantType": null,
        "capacity_E_MW": 321.0,
        "capacity_TH_MW": 0.0,
        "year_end": null,
        "exact": 1,
        "is_H_gas": 1,
        "is_gas_fuel1": 1,
        "nuts_id_1": "DE9",
        "nuts_id_2": "DE94",
        "nuts_id_3": "DE94G",
        "year_start": 1978.0,
        "nuts3": "DE94G"
      },
      "geometry": {
        "type": "Point",
        "coordinates": [
          8.400715,
          53.194313
        ]
      }
    },
    {
      "type": "Feature",
      "properties": {
        "id": "INET_CS_207",
        "name": "Ghent 1",
        "node": "INET_N_584",
        "tags": {},
        "PowerPlantType": null,
        "capacity_E_MW": 915.0,
        "capacity_TH_MW": 0.0,
        "year_end": null,
        "exact": 3,
        "is_H_gas": 1,
        "is_gas_fuel1": 1,
        "nuts_id_1": "BE2",
        "nuts_id_2": "BE23",
        "nuts_id_3": "BE234",
        "year_start": 2006.0,
        "nuts3": "BE234"
      },
      "geometry": {
        "type": "Point",
        "coordinates": [
          3.7167,
          51.05
        ]
      }
    },
    {
      "type": "Feature",
      "properties": {
        "id": "INET_CS_320",
        "name": "Leverkusen",
        "node": "LKD_N_7",
        "tags": {},
        "PowerPlantType": null,
        "capacity_E_MW": 27.0,
        "capacity_TH_MW": 0.0,
        "year_end": null,
        "exact": 3,
        "is_H_gas": 1,
        "is_gas_fuel1": 1,
        "nuts_id_1": "DEA",
        "nuts_id_2": "DEA2",
        "nuts_id_3": "DEA23",
        "year_start": 1981.0,
        "nuts3": "DEA23"
      },
      "geometry": {
        "type": "Point",
        "coordinates": [
          6.956925,
          51.021797
        ]
      }
    },
    {
      "type": "Feature",
      "properties": {
        "id": "INET_CS_88",
        "name": "Bussi sul Tirino",
        "node": "INET_N_271",
        "tags": {},
        "PowerPlantType": "CCGT",
        "capacity_E_MW": 125.0,
        "capacity_TH_MW": 0.0,
        "year_end": null,
        "exact": 3,
        "is_H_gas": 1,
        "is_gas_fuel1": 1,
        "nuts_id_1": "ITF",
        "nuts_id_2": "ITF1",
        "nuts_id_3": "ITF13",
        "year_start": 1994.0,
        "nuts3": "ITF13"
      },
      "geometry": {
        "type": "Point",
        "coordinates": [
          13.8398,
          42.2002
        ]
      }
    },
    {
      "type": "Feature",
      "properties": {
        "id": "INET_CS_413",
        "name": "Peterborough",
        "node": "INET_N_1253",
        "tags": {},
        "PowerPlantType": "CCGT",
        "capacity_E_MW": 360.0,
        "capacity_TH_MW": 0.0,
        "year_end": null,
        "exact": 3,
        "is_H_gas": 1,
        "is_gas_fuel1": 1,
        "nuts_id_1": "UKH",
        "nuts_id_2": "UKH1",
        "nuts_id_3": "UKH11",
        "year_start": 1993.0,
        "nuts3": "UKH11"
      },
      "geometry": {
        "type": "Point",
        "coordinates": [
          -0.204,
          52.5769
        ]
      }
    },
    {
      "type": "Feature",
      "properties": {
        "id": "INET_CS_143",
        "name": "Dresden 1",
        "node": "INET_N_423",
        "tags": {},
        "PowerPlantType": null,
        "capacity_E_MW": 297.3,
        "capacity_TH_MW": 0.0,
        "year_end": null,
        "exact": 3,
        "is_H_gas": 1,
        "is_gas_fuel1": 1,
        "nuts_id_1": "DED",
        "nuts_id_2": "DED2",
        "nuts_id_3": "DED21",
        "year_start": 1995.0,
        "nuts3": "DED21"
      },
      "geometry": {
        "type": "Point",
        "coordinates": [
          13.7086,
          51.0421
        ]
      }
    },
    {
      "type": "Feature",
      "properties": {
        "id": "INET_CS_98",
        "name": "Castleford",
        "node": "INET_N_297",
        "tags": {},
        "PowerPlantType": null,
        "capacity_E_MW": 56.0,
        "capacity_TH_MW": 0.0,
        "year_end": null,
        "exact": 3,
        "is_H_gas": 1,
        "is_gas_fuel1": 1,
        "nuts_id_1": "UKE",
        "nuts_id_2": "UKE4",
        "nuts_id_3": "UKE45",
        "year_start": null,
        "nuts3": "UKE45"
      },
      "geometry": {
        "type": "Point",
        "coordinates": [
          -1.3626,
          53.7259
        ]
      }
    },
    {
      "type": "Feature",
      "properties": {
        "id": "INET_CS_343",
        "name": "Marchwood",
        "node": "INET_N_1022",
        "tags": {},
        "PowerPlantType": "CCGT",
        "capacity_E_MW": 842.0,
        "capacity_TH_MW": 0.0,
        "year_end": null,
        "exact": 3,
        "is_H_gas": 1,
        "is_gas_fuel1": 1,
        "nuts_id_1": "UKJ",
        "nuts_id_2": "UKJ3",
        "nuts_id_3": "UKJ36",
        "year_start": 2009.0,
        "nuts3": "UKJ36"
      },
      "geometry": {
        "type": "Point",
        "coordinates": [
          -1.4384,
          50.8998
        ]
      }
    },
    {
      "type": "Feature",
      "properties": {
        "id": "INET_CS_409",
        "name": "Pego",
        "node": "INET_N_1244",
        "tags": {},
        "PowerPlantType": null,
        "capacity_E_MW": 830.0,
        "capacity_TH_MW": 0.0,
        "year_end": null,
        "exact": 3,
        "is_H_gas": 1,
        "is_gas_fuel1": 1,
        "nuts_id_1": "PT1",
        "nuts_id_2": "PT16",
        "nuts_id_3": "PT16I",
        "year_start": 2011.0,
        "nuts3": "PT16I"
      },
      "geometry": {
        "type": "Point",
        "coordinates": [
          -8.1113,
          39.4689
        ]
      }
    },
    {
      "type": "Feature",
      "properties": {
        "id": "INET_CS_211",
        "name": "Goenyue",
        "node": "INET_N_593",
        "tags": {},
        "PowerPlantType": null,
        "capacity_E_MW": 859.6,
        "capacity_TH_MW": 0.0,
        "year_end": null,
        "exact": 3,
        "is_H_gas": 1,
        "is_gas_fuel1": 1,
        "nuts_id_1": "HU2",
        "nuts_id_2": "HU22",
        "nuts_id_3": "HU221",
        "year_start": null,
        "nuts3": "HU221"
      },
      "geometry": {
        "type": "Point",
        "coordinates": [
          17.8033,
          47.7384
        ]
      }
    },
    {
      "type": "Feature",
      "properties": {
        "id": "INET_CS_129",
        "name": "Dennennot",
        "node": "INET_N_385",
        "tags": {},
        "PowerPlantType": null,
        "capacity_E_MW": 422.0,
        "capacity_TH_MW": 0.0,
        "year_end": null,
        "exact": 3,
        "is_H_gas": 1,
        "is_gas_fuel1": 1,
        "nuts_id_1": "BE2",
        "nuts_id_2": "BE22",
        "nuts_id_3": "BE221",
        "year_start": 2011.0,
        "nuts3": "BE224"
      },
      "geometry": {
        "type": "Point",
        "coordinates": [
          5.1056,
          51.0586
        ]
      }
    },
    {
      "type": "Feature",
      "properties": {
        "id": "INET_CS_511",
        "name": "Spalding",
        "node": "INET_N_1532",
        "tags": {},
        "PowerPlantType": "CCGT",
        "capacity_E_MW": 1679.0,
        "capacity_TH_MW": 0.0,
        "year_end": null,
        "exact": 3,
        "is_H_gas": 1,
        "is_gas_fuel1": 1,
        "nuts_id_1": "UKF",
        "nuts_id_2": "UKF3",
        "nuts_id_3": "UKF30",
        "year_start": 2004.0,
        "nuts3": "UKF30"
      },
      "geometry": {
        "type": "Point",
        "coordinates": [
          -0.132164,
          52.807811
        ]
      }
    },
    {
      "type": "Feature",
      "properties": {
        "id": "INET_CS_483",
        "name": "Schongau",
        "node": "INET_N_1463",
        "tags": {},
        "PowerPlantType": null,
        "capacity_E_MW": 65.0,
        "capacity_TH_MW": 0.0,
        "year_end": null,
        "exact": 3,
        "is_H_gas": 1,
        "is_gas_fuel1": 1,
        "nuts_id_1": "DE2",
        "nuts_id_2": "DE27",
        "nuts_id_3": "DE279",
        "year_start": 2015.0,
        "nuts3": "DE279"
      },
      "geometry": {
        "type": "Point",
        "coordinates": [
          10.1144,
          48.1603
        ]
      }
    },
    {
      "type": "Feature",
      "properties": {
        "id": "INET_CS_578",
        "name": "Werdohl-Elverlingsen",
        "node": "INET_N_1786",
        "tags": {},
        "PowerPlantType": null,
        "capacity_E_MW": 206.0,
        "capacity_TH_MW": 0.0,
        "year_end": null,
        "exact": 3,
        "is_H_gas": 1,
        "is_gas_fuel1": 1,
        "nuts_id_1": "DEA",
        "nuts_id_2": "DEA5",
        "nuts_id_3": "DEA58",
        "year_start": 1975.0,
        "nuts3": "DEA58"
      },
      "geometry": {
        "type": "Point",
        "coordinates": [
          7.70523,
          51.27724
        ]
      }
    },
    {
      "type": "Feature",
      "properties": {
        "id": "INET_CS_330",
        "name": "Ludwigshafen",
        "node": "INET_N_986",
        "tags": {},
        "PowerPlantType": null,
        "capacity_E_MW": 904.5,
        "capacity_TH_MW": 540.0,
        "year_end": null,
        "exact": 3,
        "is_H_gas": 1,
        "is_gas_fuel1": 1,
        "nuts_id_1": "DEB",
        "nuts_id_2": "DEB3",
        "nuts_id_3": "DEB34",
        "year_start": 2008.0,
        "nuts3": "DEB34"
      },
      "geometry": {
        "type": "Point",
        "coordinates": [
          8.4336,
          49.4531
        ]
      }
    },
    {
      "type": "Feature",
      "properties": {
        "id": "INET_CS_397",
        "name": "Nyiregyhaza",
        "node": "INET_N_1177",
        "tags": {},
        "PowerPlantType": null,
        "capacity_E_MW": 49.0,
        "capacity_TH_MW": 0.0,
        "year_end": null,
        "exact": 3,
        "is_H_gas": 1,
        "is_gas_fuel1": 1,
        "nuts_id_1": "HU3",
        "nuts_id_2": "HU32",
        "nuts_id_3": "HU323",
        "year_start": 2007.0,
        "nuts3": "HU323"
      },
      "geometry": {
        "type": "Point",
        "coordinates": [
          21.6988,
          47.9569
        ]
      }
    },
    {
      "type": "Feature",
      "properties": {
        "id": "INET_CS_381",
        "name": "Naantali",
        "node": "INET_N_1120",
        "tags": {},
        "PowerPlantType": null,
        "capacity_E_MW": 290.0,
        "capacity_TH_MW": 0.0,
        "year_end": null,
        "exact": 3,
        "is_H_gas": 1,
        "is_gas_fuel1": 1,
        "nuts_id_1": "FI1",
        "nuts_id_2": "FI1C",
        "nuts_id_3": "FI1C1",
        "year_start": null,
        "nuts3": "FI1C1"
      },
      "geometry": {
        "type": "Point",
        "coordinates": [
          22.0545,
          60.459
        ]
      }
    },
    {
      "type": "Feature",
      "properties": {
        "id": "INET_CS_555",
        "name": "Tuebingen",
        "node": "INET_N_1666",
        "tags": {},
        "PowerPlantType": null,
        "capacity_E_MW": 13.4,
        "capacity_TH_MW": 0.0,
        "year_end": null,
        "exact": 3,
        "is_H_gas": 1,
        "is_gas_fuel1": 1,
        "nuts_id_1": "DE1",
        "nuts_id_2": "DE14",
        "nuts_id_3": "DE142",
        "year_start": 2000.0,
        "nuts3": "DE142"
      },
      "geometry": {
        "type": "Point",
        "coordinates": [
          9.0715,
          48.5109
        ]
      }
    },
    {
      "type": "Feature",
      "properties": {
        "id": "INET_CS_290",
        "name": "Koneharju",
        "node": "INET_N_857",
        "tags": {},
        "PowerPlantType": null,
        "capacity_E_MW": 4.6,
        "capacity_TH_MW": 0.0,
        "year_end": null,
        "exact": 3,
        "is_H_gas": 1,
        "is_gas_fuel1": 1,
        "nuts_id_1": "FI1",
        "nuts_id_2": "FI1C",
        "nuts_id_3": "FI1C3",
        "year_start": null,
        "nuts3": "FI1C3"
      },
      "geometry": {
        "type": "Point",
        "coordinates": [
          25.6615,
          60.9827
        ]
      }
    },
    {
      "type": "Feature",
      "properties": {
        "id": "INET_CS_69",
        "name": "Bouchain 7",
        "node": "INET_N_221",
        "tags": {},
        "PowerPlantType": "CCGT",
        "capacity_E_MW": 1787.0,
        "capacity_TH_MW": 0.0,
        "year_end": null,
        "exact": 3,
        "is_H_gas": 1,
        "is_gas_fuel1": 1,
        "nuts_id_1": "FRE",
        "nuts_id_2": "FRE1",
        "nuts_id_3": "FRE11",
        "year_start": 2016.0,
        "nuts3": "FRE11"
      },
      "geometry": {
        "type": "Point",
        "coordinates": [
          3.3156,
          50.2987
        ]
      }
    },
    {
      "type": "Feature",
      "properties": {
        "id": "INET_CS_167",
        "name": "Eltmann",
        "node": "INET_N_471",
        "tags": {},
        "PowerPlantType": null,
        "capacity_E_MW": 57.0,
        "capacity_TH_MW": 0.0,
        "year_end": null,
        "exact": 3,
        "is_H_gas": 1,
        "is_gas_fuel1": 1,
        "nuts_id_1": "DE2",
        "nuts_id_2": "DE26",
        "nuts_id_3": "DE267",
        "year_start": 2008.0,
        "nuts3": "DE267"
      },
      "geometry": {
        "type": "Point",
        "coordinates": [
          10.6514,
          49.984
        ]
      }
    },
    {
      "type": "Feature",
      "properties": {
        "id": "INET_CS_209",
        "name": "Gissi",
        "node": "INET_N_589",
        "tags": {},
        "PowerPlantType": "CCGT",
        "capacity_E_MW": 944.0,
        "capacity_TH_MW": 0.0,
        "year_end": null,
        "exact": 3,
        "is_H_gas": 1,
        "is_gas_fuel1": 1,
        "nuts_id_1": "ITF",
        "nuts_id_2": "ITF1",
        "nuts_id_3": "ITF14",
        "year_start": 2004.0,
        "nuts3": "ITF14"
      },
      "geometry": {
        "type": "Point",
        "coordinates": [
          14.5639,
          42.0502
        ]
      }
    },
    {
      "type": "Feature",
      "properties": {
        "id": "INET_CS_97",
        "name": "Castelnou",
        "node": "INET_N_296",
        "tags": {},
        "PowerPlantType": null,
        "capacity_E_MW": 760.0,
        "capacity_TH_MW": 0.0,
        "year_end": null,
        "exact": 3,
        "is_H_gas": 1,
        "is_gas_fuel1": 1,
        "nuts_id_1": "ES2",
        "nuts_id_2": "ES24",
        "nuts_id_3": "ES242",
        "year_start": 2006.0,
        "nuts3": "ES242"
      },
      "geometry": {
        "type": "Point",
        "coordinates": [
          -0.2928,
          41.2167
        ]
      }
    },
    {
      "type": "Feature",
      "properties": {
        "id": "INET_CS_214",
        "name": "Gorzow",
        "node": "INET_N_604",
        "tags": {},
        "PowerPlantType": "CHP",
        "capacity_E_MW": 97.5,
        "capacity_TH_MW": 270.0,
        "year_end": null,
        "exact": 3,
        "is_H_gas": 1,
        "is_gas_fuel1": 1,
        "nuts_id_1": "PL4",
        "nuts_id_2": "PL43",
        "nuts_id_3": "PL431",
        "year_start": 1999.0,
        "nuts3": "PL431"
      },
      "geometry": {
        "type": "Point",
        "coordinates": [
          15.2687,
          52.7496
        ]
      }
    },
    {
      "type": "Feature",
      "properties": {
        "id": "INET_CS_264",
        "name": "Kaiserslautern",
        "node": "INET_N_770",
        "tags": {},
        "PowerPlantType": null,
        "capacity_E_MW": 11.6,
        "capacity_TH_MW": 0.0,
        "year_end": null,
        "exact": 3,
        "is_H_gas": 1,
        "is_gas_fuel1": 1,
        "nuts_id_1": "DEB",
        "nuts_id_2": "DEB3",
        "nuts_id_3": "DEB32",
        "year_start": 1989.0,
        "nuts3": "DEB32"
      },
      "geometry": {
        "type": "Point",
        "coordinates": [
          7.7602,
          49.4347
        ]
      }
    },
    {
      "type": "Feature",
      "properties": {
        "id": "INET_CS_212",
        "name": "Goettingen",
        "node": "INET_N_595",
        "tags": {},
        "PowerPlantType": "HKW",
        "capacity_E_MW": 38.3,
        "capacity_TH_MW": 0.0,
        "year_end": null,
        "exact": 3,
        "is_H_gas": 1,
        "is_gas_fuel1": 1,
        "nuts_id_1": "DE9",
        "nuts_id_2": "DE91",
        "nuts_id_3": "DE91C",
        "year_start": 1998.0,
        "nuts3": "DE91C"
      },
      "geometry": {
        "type": "Point",
        "coordinates": [
          9.9337,
          51.5534
        ]
      }
    },
    {
      "type": "Feature",
      "properties": {
        "id": "INET_CS_367",
        "name": "Moers",
        "node": "INET_N_1085",
        "tags": {},
        "PowerPlantType": null,
        "capacity_E_MW": 24.0,
        "capacity_TH_MW": 0.0,
        "year_end": null,
        "exact": 3,
        "is_H_gas": 1,
        "is_gas_fuel1": 1,
        "nuts_id_1": "DEA",
        "nuts_id_2": "DEA1",
        "nuts_id_3": "DEA1F",
        "year_start": 1995.0,
        "nuts3": "DEA1F"
      },
      "geometry": {
        "type": "Point",
        "coordinates": [
          6.6436,
          51.4693
        ]
      }
    },
    {
      "type": "Feature",
      "properties": {
        "id": "INET_CS_48",
        "name": "Ballylumford B",
        "node": "INET_N_133",
        "tags": {},
        "PowerPlantType": null,
        "capacity_E_MW": 1388.0,
        "capacity_TH_MW": 0.0,
        "year_end": null,
        "exact": 2,
        "is_H_gas": 1,
        "is_gas_fuel1": 1,
        "nuts_id_1": "UKN",
        "nuts_id_2": "UKN0",
        "nuts_id_3": "UKN15",
        "year_start": 1974.0,
        "nuts3": null
      },
      "geometry": {
        "type": "Point",
        "coordinates": [
          -5.788932,
          54.84019
        ]
      }
    },
    {
      "type": "Feature",
      "properties": {
        "id": "INET_CS_6",
        "name": "Aghada 1",
        "node": "INET_N_1792",
        "tags": {},
        "PowerPlantType": null,
        "capacity_E_MW": 2459.0,
        "capacity_TH_MW": 0.0,
        "year_end": null,
        "exact": 1,
        "is_H_gas": 1,
        "is_gas_fuel1": 1,
        "nuts_id_1": "IE0",
        "nuts_id_2": "IE05",
        "nuts_id_3": "IE053",
        "year_start": 1980.0,
        "nuts3": "IE053"
      },
      "geometry": {
        "type": "Point",
        "coordinates": [
          -8.2511,
          51.8161
        ]
      }
    },
    {
      "type": "Feature",
      "properties": {
        "id": "INET_CS_155",
        "name": "Duisberg 3",
        "node": "SEQ_8069__S_LMGN",
        "tags": {},
        "PowerPlantType": "HKW",
        "capacity_E_MW": 974.0,
        "capacity_TH_MW": 0.0,
        "year_end": null,
        "exact": 3,
        "is_H_gas": 1,
        "is_gas_fuel1": 1,
        "nuts_id_1": "DEA",
        "nuts_id_2": "DEA1",
        "nuts_id_3": "DEA12",
        "year_start": 2005.0,
        "nuts3": "DEA12"
      },
      "geometry": {
        "type": "Point",
        "coordinates": [
          6.7456,
          51.40675
        ]
      }
    },
    {
      "type": "Feature",
      "properties": {
        "id": "INET_CS_181",
        "name": "Eugenio Montale",
        "node": "SEQ_1233_p",
        "tags": {},
        "PowerPlantType": "CCGT",
        "capacity_E_MW": 1280.0,
        "capacity_TH_MW": 0.0,
        "year_end": null,
        "exact": 2,
        "is_H_gas": 1,
        "is_gas_fuel1": 1,
        "nuts_id_1": "ITC",
        "nuts_id_2": "ITC3",
        "nuts_id_3": "ITC34",
        "year_start": 1999.0,
        "nuts3": "ITC34"
      },
      "geometry": {
        "type": "Point",
        "coordinates": [
          9.80607,
          44.12888
        ]
      }
    },
    {
      "type": "Feature",
      "properties": {
        "id": "INET_CS_562",
        "name": "Valladolid",
        "node": "INET_N_1722",
        "tags": {},
        "PowerPlantType": null,
        "capacity_E_MW": 46.0,
        "capacity_TH_MW": 0.0,
        "year_end": null,
        "exact": 3,
        "is_H_gas": 1,
        "is_gas_fuel1": 1,
        "nuts_id_1": "ES4",
        "nuts_id_2": "ES41",
        "nuts_id_3": "ES418",
        "year_start": null,
        "nuts3": "ES418"
      },
      "geometry": {
        "type": "Point",
        "coordinates": [
          -4.7237,
          41.6552
        ]
      }
    },
    {
      "type": "Feature",
      "properties": {
        "id": "INET_CS_89",
        "name": "Candela",
        "node": "SEQ_4371_p",
        "tags": {},
        "PowerPlantType": "CCGT",
        "capacity_E_MW": 760.0,
        "capacity_TH_MW": 0.0,
        "year_end": null,
        "exact": 3,
        "is_H_gas": 1,
        "is_gas_fuel1": 1,
        "nuts_id_1": "ITF",
        "nuts_id_2": "ITF4",
        "nuts_id_3": "ITF46",
        "year_start": 2005.0,
        "nuts3": "ITF46"
      },
      "geometry": {
        "type": "Point",
        "coordinates": [
          15.48874,
          41.14472
        ]
      }
    },
    {
      "type": "Feature",
      "properties": {
        "id": "INET_CS_71",
        "name": "Brandenburg",
        "node": "INET_N_228",
        "tags": {},
        "PowerPlantType": "HKW",
        "capacity_E_MW": 158.0,
        "capacity_TH_MW": 0.0,
        "year_end": null,
        "exact": 3,
        "is_H_gas": 1,
        "is_gas_fuel1": 1,
        "nuts_id_1": "DE4",
        "nuts_id_2": "DE40",
        "nuts_id_3": "DE40B",
        "year_start": 1997.0,
        "nuts3": "DE40B"
      },
      "geometry": {
        "type": "Point",
        "coordinates": [
          13.9711,
          51.5122
        ]
      }
    },
    {
      "type": "Feature",
      "properties": {
        "id": "INET_CS_183",
        "name": "Farmsum 1",
        "node": "INET_N_522",
        "tags": {},
        "PowerPlantType": "CCGT",
        "capacity_E_MW": 525.0,
        "capacity_TH_MW": 0.0,
        "year_end": null,
        "exact": 3,
        "is_H_gas": 1,
        "is_gas_fuel1": 1,
        "nuts_id_1": "NL1",
        "nuts_id_2": "NL11",
        "nuts_id_3": "NL112",
        "year_start": 1987.0,
        "nuts3": "NL112"
      },
      "geometry": {
        "type": "Point",
        "coordinates": [
          6.9542,
          53.3187
        ]
      }
    },
    {
      "type": "Feature",
      "properties": {
        "id": "INET_CS_294",
        "name": "Krefeld 1",
        "node": "LKD_N_290",
        "tags": {},
        "PowerPlantType": "HKW",
        "capacity_E_MW": 52.4,
        "capacity_TH_MW": 0.0,
        "year_end": null,
        "exact": 3,
        "is_H_gas": 1,
        "is_gas_fuel1": 1,
        "nuts_id_1": "DEA",
        "nuts_id_2": "DEA1",
        "nuts_id_3": "DEA14",
        "year_start": null,
        "nuts3": "DEA14"
      },
      "geometry": {
        "type": "Point",
        "coordinates": [
          6.595104,
          51.320544
        ]
      }
    },
    {
      "type": "Feature",
      "properties": {
        "id": "INET_CS_521",
        "name": "Suhl",
        "node": "INET_N_1576",
        "tags": {},
        "PowerPlantType": null,
        "capacity_E_MW": 13.5,
        "capacity_TH_MW": 0.0,
        "year_end": null,
        "exact": 3,
        "is_H_gas": 1,
        "is_gas_fuel1": 1,
        "nuts_id_1": "DEG",
        "nuts_id_2": "DEG0",
        "nuts_id_3": "DEG04",
        "year_start": 1995.0,
        "nuts3": "DEG04"
      },
      "geometry": {
        "type": "Point",
        "coordinates": [
          10.6987,
          50.6315
        ]
      }
    },
    {
      "type": "Feature",
      "properties": {
        "id": "INET_CS_18",
        "name": "Altomonte",
        "node": "INET_N_51",
        "tags": {},
        "PowerPlantType": null,
        "capacity_E_MW": 2784.0,
        "capacity_TH_MW": 0.0,
        "year_end": null,
        "exact": 3,
        "is_H_gas": 1,
        "is_gas_fuel1": 1,
        "nuts_id_1": "ITF",
        "nuts_id_2": "ITF6",
        "nuts_id_3": "ITF61",
        "year_start": 2006.0,
        "nuts3": "ITF61"
      },
      "geometry": {
        "type": "Point",
        "coordinates": [
          16.215,
          39.7118
        ]
      }
    },
    {
      "type": "Feature",
      "properties": {
        "id": "INET_CS_40",
        "name": "Azotati",
        "node": "INET_N_107",
        "tags": {},
        "PowerPlantType": null,
        "capacity_E_MW": 1006.0,
        "capacity_TH_MW": 0.0,
        "year_end": null,
        "exact": 3,
        "is_H_gas": 1,
        "is_gas_fuel1": 1,
        "nuts_id_1": "ITH",
        "nuts_id_2": "ITH3",
        "nuts_id_3": "ITH35",
        "year_start": 1993.0,
        "nuts3": "ITH35"
      },
      "geometry": {
        "type": "Point",
        "coordinates": [
          12.2239,
          45.4511
        ]
      }
    },
    {
      "type": "Feature",
      "properties": {
        "id": "INET_CS_72",
        "name": "Bratislava",
        "node": "INET_N_231",
        "tags": {},
        "PowerPlantType": "CCGT",
        "capacity_E_MW": 218.0,
        "capacity_TH_MW": 0.0,
        "year_end": null,
        "exact": 3,
        "is_H_gas": 1,
        "is_gas_fuel1": 1,
        "nuts_id_1": "SK0",
        "nuts_id_2": "SK01",
        "nuts_id_3": "SK010",
        "year_start": 1998.0,
        "nuts3": "SK010"
      },
      "geometry": {
        "type": "Point",
        "coordinates": [
          17.1548,
          48.1775
        ]
      }
    },
    {
      "type": "Feature",
      "properties": {
        "id": "INET_CS_407",
        "name": "Pecs 1",
        "node": "INET_N_1242",
        "tags": {},
        "PowerPlantType": null,
        "capacity_E_MW": 228.2,
        "capacity_TH_MW": 0.0,
        "year_end": null,
        "exact": 3,
        "is_H_gas": 1,
        "is_gas_fuel1": 1,
        "nuts_id_1": "HU2",
        "nuts_id_2": "HU23",
        "nuts_id_3": "HU231",
        "year_start": 1961.0,
        "nuts3": "HU231"
      },
      "geometry": {
        "type": "Point",
        "coordinates": [
          18.2634,
          46.0641
        ]
      }
    },
    {
      "type": "Feature",
      "properties": {
        "id": "INET_CS_505",
        "name": "Sloe",
        "node": "INET_N_1514",
        "tags": {},
        "PowerPlantType": null,
        "capacity_E_MW": 870.0,
        "capacity_TH_MW": 0.0,
        "year_end": null,
        "exact": 3,
        "is_H_gas": 1,
        "is_gas_fuel1": 1,
        "nuts_id_1": "NL3",
        "nuts_id_2": "NL34",
        "nuts_id_3": "NL342",
        "year_start": 2010.0,
        "nuts3": "NL342"
      },
      "geometry": {
        "type": "Point",
        "coordinates": [
          3.6928,
          51.4482
        ]
      }
    },
    {
      "type": "Feature",
      "properties": {
        "id": "INET_CS_396",
        "name": "Nufri",
        "node": "INET_N_1173",
        "tags": {},
        "PowerPlantType": null,
        "capacity_E_MW": 10.0,
        "capacity_TH_MW": 0.0,
        "year_end": null,
        "exact": 3,
        "is_H_gas": 1,
        "is_gas_fuel1": 1,
        "nuts_id_1": "ES5",
        "nuts_id_2": "ES51",
        "nuts_id_3": "ES513",
        "year_start": 2005.0,
        "nuts3": "ES513"
      },
      "geometry": {
        "type": "Point",
        "coordinates": [
          0.9,
          41.6333
        ]
      }
    },
    {
      "type": "Feature",
      "properties": {
        "id": "INET_CS_105",
        "name": "Chippenham",
        "node": "INET_N_324",
        "tags": {},
        "PowerPlantType": null,
        "capacity_E_MW": 10.0,
        "capacity_TH_MW": 0.0,
        "year_end": null,
        "exact": 3,
        "is_H_gas": 1,
        "is_gas_fuel1": 1,
        "nuts_id_1": "UKK",
        "nuts_id_2": "UKK1",
        "nuts_id_3": "UKK15",
        "year_start": null,
        "nuts3": "UKK15"
      },
      "geometry": {
        "type": "Point",
        "coordinates": [
          -2.1247,
          51.46
        ]
      }
    },
    {
      "type": "Feature",
      "properties": {
        "id": "INET_CS_551",
        "name": "Torviscosa",
        "node": "INET_N_1649",
        "tags": {},
        "PowerPlantType": "CCGT",
        "capacity_E_MW": 785.0,
        "capacity_TH_MW": 0.0,
        "year_end": null,
        "exact": 3,
        "is_H_gas": 1,
        "is_gas_fuel1": 1,
        "nuts_id_1": "ITH",
        "nuts_id_2": "ITH4",
        "nuts_id_3": "ITH42",
        "year_start": 2006.0,
        "nuts3": "ITH42"
      },
      "geometry": {
        "type": "Point",
        "coordinates": [
          13.2891,
          45.817
        ]
      }
    },
    {
      "type": "Feature",
      "properties": {
        "id": "INET_CS_356",
        "name": "Mellach",
        "node": "INET_N_1052",
        "tags": {},
        "PowerPlantType": null,
        "capacity_E_MW": 838.0,
        "capacity_TH_MW": 400.0,
        "year_end": null,
        "exact": 3,
        "is_H_gas": 1,
        "is_gas_fuel1": 1,
        "nuts_id_1": "AT2",
        "nuts_id_2": "AT22",
        "nuts_id_3": "AT221",
        "year_start": 2012.0,
        "nuts3": "AT221"
      },
      "geometry": {
        "type": "Point",
        "coordinates": [
          15.49214,
          46.90859
        ]
      }
    },
    {
      "type": "Feature",
      "properties": {
        "id": "INET_CS_92",
        "name": "Cassino",
        "node": "INET_N_291",
        "tags": {},
        "PowerPlantType": "CCGT",
        "capacity_E_MW": 100.0,
        "capacity_TH_MW": 0.0,
        "year_end": null,
        "exact": 3,
        "is_H_gas": 1,
        "is_gas_fuel1": 1,
        "nuts_id_1": "ITI",
        "nuts_id_2": "ITI4",
        "nuts_id_3": "ITI45",
        "year_start": 1997.0,
        "nuts3": "ITI45"
      },
      "geometry": {
        "type": "Point",
        "coordinates": [
          13.752,
          41.476
        ]
      }
    },
    {
      "type": "Feature",
      "properties": {
        "id": "INET_CS_171",
        "name": "Enecogen",
        "node": "INET_N_570",
        "tags": {},
        "PowerPlantType": "CCGT",
        "capacity_E_MW": 3125.0,
        "capacity_TH_MW": 0.0,
        "year_end": null,
        "exact": 1,
        "is_H_gas": 1,
        "is_gas_fuel1": 1,
        "nuts_id_1": "NL3",
        "nuts_id_2": "NL33",
        "nuts_id_3": "NL33C",
        "year_start": 2011.0,
        "nuts3": "NL33C"
      },
      "geometry": {
        "type": "Point",
        "coordinates": [
          4.064029,
          51.973837
        ]
      }
    },
    {
      "type": "Feature",
      "properties": {
        "id": "INET_CS_103",
        "name": "Chemnitz 2",
        "node": "INET_N_315",
        "tags": {},
        "PowerPlantType": null,
        "capacity_E_MW": 57.2,
        "capacity_TH_MW": 0.0,
        "year_end": null,
        "exact": 3,
        "is_H_gas": 1,
        "is_gas_fuel1": 1,
        "nuts_id_1": "DED",
        "nuts_id_2": "DED4",
        "nuts_id_3": "DED41",
        "year_start": 1986.0,
        "nuts3": "DED41"
      },
      "geometry": {
        "type": "Point",
        "coordinates": [
          12.9231,
          50.857
        ]
      }
    },
    {
      "type": "Feature",
      "properties": {
        "id": "INET_CS_226",
        "name": "Hamm-Uentrop",
        "node": "INET_N_646",
        "tags": {},
        "PowerPlantType": null,
        "capacity_E_MW": 850.0,
        "capacity_TH_MW": 0.0,
        "year_end": null,
        "exact": 3,
        "is_H_gas": 1,
        "is_gas_fuel1": 1,
        "nuts_id_1": "DEA",
        "nuts_id_2": "DEA5",
        "nuts_id_3": "DEA54",
        "year_start": 2008.0,
        "nuts3": "DEA54"
      },
      "geometry": {
        "type": "Point",
        "coordinates": [
          7.9288,
          51.6736
        ]
      }
    },
    {
      "type": "Feature",
      "properties": {
        "id": "INET_CS_112",
        "name": "Coolkeeragh",
        "node": "INET_N_339",
        "tags": {},
        "PowerPlantType": "CCGT",
        "capacity_E_MW": 408.0,
        "capacity_TH_MW": 0.0,
        "year_end": null,
        "exact": 3,
        "is_H_gas": 1,
        "is_gas_fuel1": 1,
        "nuts_id_1": "UKN",
        "nuts_id_2": "UKN0",
        "nuts_id_3": "UKN10",
        "year_start": 2005.0,
        "nuts3": "UKN0A"
      },
      "geometry": {
        "type": "Point",
        "coordinates": [
          -7.24868,
          55.0437
        ]
      }
    },
    {
      "type": "Feature",
      "properties": {
        "id": "INET_CS_32",
        "name": "Arcos de la Frontera",
        "node": "INET_N_83",
        "tags": {},
        "PowerPlantType": null,
        "capacity_E_MW": 3212.216,
        "capacity_TH_MW": 0.0,
        "year_end": null,
        "exact": 3,
        "is_H_gas": 1,
        "is_gas_fuel1": 1,
        "nuts_id_1": "ES6",
        "nuts_id_2": "ES61",
        "nuts_id_3": "ES612",
        "year_start": 2005.0,
        "nuts3": "ES612"
      },
      "geometry": {
        "type": "Point",
        "coordinates": [
          -5.8164,
          36.6721
        ]
      }
    },
    {
      "type": "Feature",
      "properties": {
        "id": "INET_CS_418",
        "name": "Pietrafitta",
        "node": "INET_N_1261",
        "tags": {},
        "PowerPlantType": "CCGT",
        "capacity_E_MW": 528.0,
        "capacity_TH_MW": 0.0,
        "year_end": null,
        "exact": 3,
        "is_H_gas": 1,
        "is_gas_fuel1": 1,
        "nuts_id_1": "ITI",
        "nuts_id_2": "ITI2",
        "nuts_id_3": "ITI21",
        "year_start": 2003.0,
        "nuts3": "ITI21"
      },
      "geometry": {
        "type": "Point",
        "coordinates": [
          12.1995,
          42.9954
        ]
      }
    },
    {
      "type": "Feature",
      "properties": {
        "id": "INET_CS_529",
        "name": "Tapada de Outerio",
        "node": "N_1470_S_LMGN",
        "tags": {},
        "PowerPlantType": "CCGT",
        "capacity_E_MW": 990.0,
        "capacity_TH_MW": 0.0,
        "year_end": null,
        "exact": 3,
        "is_H_gas": 1,
        "is_gas_fuel1": 1,
        "nuts_id_1": "PT1",
        "nuts_id_2": "PT11",
        "nuts_id_3": "PT11A",
        "year_start": 1998.0,
        "nuts3": "PT11A"
      },
      "geometry": {
        "type": "Point",
        "coordinates": [
          -8.4508,
          41.07128
        ]
      }
    },
    {
      "type": "Feature",
      "properties": {
        "id": "INET_CS_393",
        "name": "Novel",
        "node": "N_823_M_LMGN",
        "tags": {},
        "PowerPlantType": "CCGT",
        "capacity_E_MW": 104.0,
        "capacity_TH_MW": 46.0,
        "year_end": null,
        "exact": 3,
        "is_H_gas": 1,
        "is_gas_fuel1": 1,
        "nuts_id_1": "ITC",
        "nuts_id_2": "ITC1",
        "nuts_id_3": "ITC15",
        "year_start": 2004.0,
        "nuts3": "ITC15"
      },
      "geometry": {
        "type": "Point",
        "coordinates": [
          8.65157,
          45.44362
        ]
      }
    },
    {
      "type": "Feature",
      "properties": {
        "id": "INET_CS_187",
        "name": "Ferrara",
        "node": "INET_N_529",
        "tags": {},
        "PowerPlantType": "CCGT",
        "capacity_E_MW": 840.0,
        "capacity_TH_MW": 0.0,
        "year_end": null,
        "exact": 3,
        "is_H_gas": 1,
        "is_gas_fuel1": 1,
        "nuts_id_1": "ITH",
        "nuts_id_2": "ITH5",
        "nuts_id_3": "ITH56",
        "year_start": 2004.0,
        "nuts3": "ITH56"
      },
      "geometry": {
        "type": "Point",
        "coordinates": [
          11.5947,
          44.864
        ]
      }
    },
    {
      "type": "Feature",
      "properties": {
        "id": "INET_CS_376",
        "name": "Muenster",
        "node": "INET_N_1112",
        "tags": {},
        "PowerPlantType": "HKW",
        "capacity_E_MW": 100.2,
        "capacity_TH_MW": 0.0,
        "year_end": null,
        "exact": 3,
        "is_H_gas": 1,
        "is_gas_fuel1": 1,
        "nuts_id_1": "DEA",
        "nuts_id_2": "DEA3",
        "nuts_id_3": "DEA33",
        "year_start": 2005.0,
        "nuts3": "DEA33"
      },
      "geometry": {
        "type": "Point",
        "coordinates": [
          7.6413,
          51.9501
        ]
      }
    },
    {
      "type": "Feature",
      "properties": {
        "id": "INET_CS_224",
        "name": "Halle",
        "node": "LKD_N_574",
        "tags": {},
        "PowerPlantType": "HKW",
        "capacity_E_MW": 254.0,
        "capacity_TH_MW": 0.0,
        "year_end": null,
        "exact": 3,
        "is_H_gas": 1,
        "is_gas_fuel1": 1,
        "nuts_id_1": "DEE",
        "nuts_id_2": "DEE0",
        "nuts_id_3": "DEE02",
        "year_start": null,
        "nuts3": "DEE02"
      },
      "geometry": {
        "type": "Point",
        "coordinates": [
          11.967801,
          51.468299
        ]
      }
    },
    {
      "type": "Feature",
      "properties": {
        "id": "INET_CS_586",
        "name": "Woerth 1",
        "node": "INET_N_1806",
        "tags": {},
        "PowerPlantType": null,
        "capacity_E_MW": 72.0,
        "capacity_TH_MW": 0.0,
        "year_end": null,
        "exact": 3,
        "is_H_gas": 1,
        "is_gas_fuel1": 1,
        "nuts_id_1": "DEB",
        "nuts_id_2": "DEB3",
        "nuts_id_3": "DEB3E",
        "year_start": 2013.0,
        "nuts3": "DEB3E"
      },
      "geometry": {
        "type": "Point",
        "coordinates": [
          8.2816,
          49.0475
        ]
      }
    },
    {
      "type": "Feature",
      "properties": {
        "id": "INET_CS_448",
        "name": "Rizziconi",
        "node": "INET_N_1371",
        "tags": {},
        "PowerPlantType": null,
        "capacity_E_MW": 760.0,
        "capacity_TH_MW": 0.0,
        "year_end": null,
        "exact": 3,
        "is_H_gas": 1,
        "is_gas_fuel1": 1,
        "nuts_id_1": "ITF",
        "nuts_id_2": "ITF6",
        "nuts_id_3": "ITF65",
        "year_start": 2008.0,
        "nuts3": "ITF65"
      },
      "geometry": {
        "type": "Point",
        "coordinates": [
          15.99,
          38.4453
        ]
      }
    },
    {
      "type": "Feature",
      "properties": {
        "id": "INET_CS_168",
        "name": "Emden",
        "node": "N_80_G_LMGN",
        "tags": {},
        "PowerPlantType": null,
        "capacity_E_MW": 50.0,
        "capacity_TH_MW": 0.0,
        "year_end": null,
        "exact": 3,
        "is_H_gas": 1,
        "is_gas_fuel1": 1,
        "nuts_id_1": "DE9",
        "nuts_id_2": "DE94",
        "nuts_id_3": "DE942",
        "year_start": 1973.0,
        "nuts3": "DE942"
      },
      "geometry": {
        "type": "Point",
        "coordinates": [
          7.23046,
          53.34639
        ]
      }
    },
    {
      "type": "Feature",
      "properties": {
        "id": "INET_CS_488",
        "name": "Seabank 1",
        "node": "INET_N_101",
        "tags": {},
        "PowerPlantType": "CCGT",
        "capacity_E_MW": 1145.0,
        "capacity_TH_MW": 0.0,
        "year_end": null,
        "exact": 2,
        "is_H_gas": 1,
        "is_gas_fuel1": 1,
        "nuts_id_1": "UKK",
        "nuts_id_2": "UKK1",
        "nuts_id_3": "UKK12",
        "year_start": 2000.0,
        "nuts3": "UKK12"
      },
      "geometry": {
        "type": "Point",
        "coordinates": [
          -2.65426,
          51.530664
        ]
      }
    },
    {
      "type": "Feature",
      "properties": {
        "id": "INET_CS_479",
        "name": "Sappi",
        "node": "INET_N_1447",
        "tags": {},
        "PowerPlantType": null,
        "capacity_E_MW": 20.0,
        "capacity_TH_MW": 0.0,
        "year_end": null,
        "exact": 3,
        "is_H_gas": 1,
        "is_gas_fuel1": 1,
        "nuts_id_1": "DE9",
        "nuts_id_2": "DE92",
        "nuts_id_3": "DE925",
        "year_start": 1947.0,
        "nuts3": "DE925"
      },
      "geometry": {
        "type": "Point",
        "coordinates": [
          9.8225,
          51.9851
        ]
      }
    },
    {
      "type": "Feature",
      "properties": {
        "id": "INET_CS_128",
        "name": "Den Hague",
        "node": "SEQ_4115__S_LMGN",
        "tags": {},
        "PowerPlantType": "CHP",
        "capacity_E_MW": 120.0,
        "capacity_TH_MW": 0.0,
        "year_end": null,
        "exact": 3,
        "is_H_gas": 1,
        "is_gas_fuel1": 1,
        "nuts_id_1": "NL3",
        "nuts_id_2": "NL33",
        "nuts_id_3": "NL332",
        "year_start": 2008.0,
        "nuts3": "NL332"
      },
      "geometry": {
        "type": "Point",
        "coordinates": [
          4.31021,
          52.07049
        ]
      }
    },
    {
      "type": "Feature",
      "properties": {
        "id": "INET_CS_459",
        "name": "Rye House",
        "node": "SEQ_6512_p",
        "tags": {},
        "PowerPlantType": null,
        "capacity_E_MW": 715.0,
        "capacity_TH_MW": 0.0,
        "year_end": null,
        "exact": 3,
        "is_H_gas": 1,
        "is_gas_fuel1": 1,
        "nuts_id_1": "UKH",
        "nuts_id_2": "UKH3",
        "nuts_id_3": "UKH35",
        "year_start": 1993.0,
        "nuts3": "UKH35"
      },
      "geometry": {
        "type": "Point",
        "coordinates": [
          0.03396,
          51.74435
        ]
      }
    },
    {
      "type": "Feature",
      "properties": {
        "id": "INET_CS_132",
        "name": "Didcot 1",
        "node": "N_412_M_LMGN",
        "tags": {},
        "PowerPlantType": "GT",
        "capacity_E_MW": 1570.0,
        "capacity_TH_MW": 0.0,
        "year_end": null,
        "exact": 3,
        "is_H_gas": 1,
        "is_gas_fuel1": 1,
        "nuts_id_1": "UKJ",
        "nuts_id_2": "UKJ1",
        "nuts_id_3": "UKJ14",
        "year_start": null,
        "nuts3": "UKJ14"
      },
      "geometry": {
        "type": "Point",
        "coordinates": [
          -1.28242,
          51.60058
        ]
      }
    },
    {
      "type": "Feature",
      "properties": {
        "id": "INET_CS_227",
        "name": "Hamnen",
        "node": "INET_N_647",
        "tags": {},
        "PowerPlantType": null,
        "capacity_E_MW": 440.0,
        "capacity_TH_MW": 250.0,
        "year_end": null,
        "exact": 3,
        "is_H_gas": 1,
        "is_gas_fuel1": 1,
        "nuts_id_1": "SE2",
        "nuts_id_2": "SE22",
        "nuts_id_3": "SE224",
        "year_start": 2009.0,
        "nuts3": "SE224"
      },
      "geometry": {
        "type": "Point",
        "coordinates": [
          13.0404,
          55.6261
        ]
      }
    },
    {
      "type": "Feature",
      "properties": {
        "id": "INET_CS_261",
        "name": "Jertovec",
        "node": "INET_N_763",
        "tags": {},
        "PowerPlantType": "CCGT",
        "capacity_E_MW": 78.0,
        "capacity_TH_MW": 0.0,
        "year_end": null,
        "exact": 3,
        "is_H_gas": 1,
        "is_gas_fuel1": 1,
        "nuts_id_1": "HR0",
        "nuts_id_2": "HR04",
        "nuts_id_3": "HR043",
        "year_start": 1975.0,
        "nuts3": "HR064"
      },
      "geometry": {
        "type": "Point",
        "coordinates": [
          16.1814,
          46.0386
        ]
      }
    },
    {
      "type": "Feature",
      "properties": {
        "id": "INET_CS_266",
        "name": "Karlsruhe",
        "node": "LKD_N_162",
        "tags": {},
        "PowerPlantType": null,
        "capacity_E_MW": 755.0,
        "capacity_TH_MW": 0.0,
        "year_end": null,
        "exact": 3,
        "is_H_gas": 1,
        "is_gas_fuel1": 1,
        "nuts_id_1": "DE1",
        "nuts_id_2": "DE12",
        "nuts_id_3": "DE122",
        "year_start": 1998.0,
        "nuts3": "DE122"
      },
      "geometry": {
        "type": "Point",
        "coordinates": [
          8.316901,
          49.0319
        ]
      }
    },
    {
      "type": "Feature",
      "properties": {
        "id": "INET_CS_242",
        "name": "Hochdahl",
        "node": "SEQ_12092_p",
        "tags": {},
        "PowerPlantType": null,
        "capacity_E_MW": 10.2,
        "capacity_TH_MW": 0.0,
        "year_end": null,
        "exact": 3,
        "is_H_gas": 1,
        "is_gas_fuel1": 1,
        "nuts_id_1": "DEA",
        "nuts_id_2": "DEA1",
        "nuts_id_3": "DEA1C",
        "year_start": 2000.0,
        "nuts3": "DEA1C"
      },
      "geometry": {
        "type": "Point",
        "coordinates": [
          6.923865,
          51.226917
        ]
      }
    },
    {
      "type": "Feature",
      "properties": {
        "id": "INET_CS_190",
        "name": "Fife",
        "node": "INET_N_534",
        "tags": {},
        "PowerPlantType": "CCGT",
        "capacity_E_MW": 123.0,
        "capacity_TH_MW": 0.0,
        "year_end": 2011.0,
        "exact": 3,
        "is_H_gas": 1,
        "is_gas_fuel1": 1,
        "nuts_id_1": "UKM",
        "nuts_id_2": "UKM7",
        "nuts_id_3": "UKM77",
        "year_start": 1998.0,
        "nuts3": "UKM77"
      },
      "geometry": {
        "type": "Point",
        "coordinates": [
          -3.306111,
          56.168889
        ]
      }
    },
    {
      "type": "Feature",
      "properties": {
        "id": "INET_CS_56",
        "name": "Bayet",
        "node": "INET_N_153",
        "tags": {},
        "PowerPlantType": "CCGT",
        "capacity_E_MW": 408.0,
        "capacity_TH_MW": 0.0,
        "year_end": null,
        "exact": 3,
        "is_H_gas": 1,
        "is_gas_fuel1": 1,
        "nuts_id_1": "FRK",
        "nuts_id_2": "FRK1",
        "nuts_id_3": "FRK11",
        "year_start": 2011.0,
        "nuts3": "FRK11"
      },
      "geometry": {
        "type": "Point",
        "coordinates": [
          3.3007,
          46.2731
        ]
      }
    },
    {
      "type": "Feature",
      "properties": {
        "id": "INET_CS_175",
        "name": "Erfurt-Ost",
        "node": "INET_N_499",
        "tags": {},
        "PowerPlantType": null,
        "capacity_E_MW": 109.1,
        "capacity_TH_MW": 0.0,
        "year_end": null,
        "exact": 3,
        "is_H_gas": 1,
        "is_gas_fuel1": 1,
        "nuts_id_1": "DEG",
        "nuts_id_2": "DEG0",
        "nuts_id_3": "DEG01",
        "year_start": null,
        "nuts3": "DEG01"
      },
      "geometry": {
        "type": "Point",
        "coordinates": [
          11.0299,
          50.9848
        ]
      }
    },
    {
      "type": "Feature",
      "properties": {
        "id": "INET_CS_484",
        "name": "Schwarza",
        "node": "INET_N_1466",
        "tags": {},
        "PowerPlantType": null,
        "capacity_E_MW": 26.5,
        "capacity_TH_MW": 0.0,
        "year_end": null,
        "exact": 3,
        "is_H_gas": 1,
        "is_gas_fuel1": 1,
        "nuts_id_1": "DEG",
        "nuts_id_2": "DEG0",
        "nuts_id_3": "DEG0I",
        "year_start": null,
        "nuts3": "DEG0I"
      },
      "geometry": {
        "type": "Point",
        "coordinates": [
          11.3293,
          50.6869
        ]
      }
    },
    {
      "type": "Feature",
      "properties": {
        "id": "INET_CS_361",
        "name": "Miklusovce",
        "node": "INET_N_1068",
        "tags": {},
        "PowerPlantType": null,
        "capacity_E_MW": 900.0,
        "capacity_TH_MW": 0.0,
        "year_end": null,
        "exact": 3,
        "is_H_gas": 1,
        "is_gas_fuel1": 1,
        "nuts_id_1": "SK0",
        "nuts_id_2": "SK04",
        "nuts_id_3": "SK041",
        "year_start": 1977.0,
        "nuts3": "SK041"
      },
      "geometry": {
        "type": "Point",
        "coordinates": [
          21.077,
          48.9174
        ]
      }
    },
    {
      "type": "Feature",
      "properties": {
        "id": "INET_CS_432",
        "name": "Pulrose",
        "node": "INET_N_1315",
        "tags": {},
        "PowerPlantType": "CCGT",
        "capacity_E_MW": 85.0,
        "capacity_TH_MW": 0.0,
        "year_end": null,
        "exact": 3,
        "is_H_gas": 1,
        "is_gas_fuel1": 1,
        "nuts_id_1": "XX",
        "nuts_id_2": "XX",
        "nuts_id_3": "XX",
        "year_start": 2003.0,
        "nuts3": null
      },
      "geometry": {
        "type": "Point",
        "coordinates": [
          -4.501948,
          54.150485
        ]
      }
    },
    {
      "type": "Feature",
      "properties": {
        "id": "INET_CS_301",
        "name": "Langage",
        "node": "INET_N_911",
        "tags": {},
        "PowerPlantType": null,
        "capacity_E_MW": 885.0,
        "capacity_TH_MW": 0.0,
        "year_end": null,
        "exact": 3,
        "is_H_gas": 1,
        "is_gas_fuel1": 1,
        "nuts_id_1": "UKK",
        "nuts_id_2": "UKK4",
        "nuts_id_3": "UKK43",
        "year_start": 2009.0,
        "nuts3": "UKK43"
      },
      "geometry": {
        "type": "Point",
        "coordinates": [
          -4.0118,
          50.3882
        ]
      }
    },
    {
      "type": "Feature",
      "properties": {
        "id": "INET_CS_268",
        "name": "Kaunas",
        "node": "INET_N_796",
        "tags": {},
        "PowerPlantType": "CHP",
        "capacity_E_MW": 170.0,
        "capacity_TH_MW": 673.0,
        "year_end": null,
        "exact": 3,
        "is_H_gas": 1,
        "is_gas_fuel1": 1,
        "nuts_id_1": "LT0",
        "nuts_id_2": "LT02",
        "nuts_id_3": "LT022",
        "year_start": 1975.0,
        "nuts3": "LT022"
      },
      "geometry": {
        "type": "Point",
        "coordinates": [
          24.018,
          54.9212
        ]
      }
    },
    {
      "type": "Feature",
      "properties": {
        "id": "INET_CS_535",
        "name": "Tella-Sin",
        "node": "INET_N_1620",
        "tags": {},
        "PowerPlantType": null,
        "capacity_E_MW": 33.92,
        "capacity_TH_MW": 0.0,
        "year_end": null,
        "exact": 3,
        "is_H_gas": 1,
        "is_gas_fuel1": 1,
        "nuts_id_1": "ES2",
        "nuts_id_2": "ES24",
        "nuts_id_3": "ES241",
        "year_start": null,
        "nuts3": "ES241"
      },
      "geometry": {
        "type": "Point",
        "coordinates": [
          0.1824,
          42.5741
        ]
      }
    },
    {
      "type": "Feature",
      "properties": {
        "id": "INET_CS_108",
        "name": "Cogeneracion Navia",
        "node": "SEQ_3275_p",
        "tags": {},
        "PowerPlantType": null,
        "capacity_E_MW": 878.17,
        "capacity_TH_MW": 0.0,
        "year_end": null,
        "exact": 3,
        "is_H_gas": 1,
        "is_gas_fuel1": 1,
        "nuts_id_1": "ES1",
        "nuts_id_2": "ES12",
        "nuts_id_3": "ES120",
        "year_start": null,
        "nuts3": "ES120"
      },
      "geometry": {
        "type": "Point",
        "coordinates": [
          -6.68537,
          43.52778
        ]
      }
    },
    {
      "type": "Feature",
      "properties": {
        "id": "INET_CS_384",
        "name": "Neubrandenburg",
        "node": "INET_N_1132",
        "tags": {},
        "PowerPlantType": "HKW",
        "capacity_E_MW": 75.0,
        "capacity_TH_MW": 0.0,
        "year_end": null,
        "exact": 3,
        "is_H_gas": 1,
        "is_gas_fuel1": 1,
        "nuts_id_1": "DE8",
        "nuts_id_2": "DE80",
        "nuts_id_3": "DE80J",
        "year_start": 1997.0,
        "nuts3": "DE80J"
      },
      "geometry": {
        "type": "Point",
        "coordinates": [
          13.2951,
          53.5745
        ]
      }
    },
    {
      "type": "Feature",
      "properties": {
        "id": "INET_CS_278",
        "name": "Kings Lynn",
        "node": "INET_N_828",
        "tags": {},
        "PowerPlantType": "CCGT",
        "capacity_E_MW": 340.0,
        "capacity_TH_MW": 0.0,
        "year_end": null,
        "exact": 3,
        "is_H_gas": 1,
        "is_gas_fuel1": 1,
        "nuts_id_1": "UKH",
        "nuts_id_2": "UKH1",
        "nuts_id_3": "UKH16",
        "year_start": 1997.0,
        "nuts3": "UKH16"
      },
      "geometry": {
        "type": "Point",
        "coordinates": [
          0.37954,
          52.72735
        ]
      }
    },
    {
      "type": "Feature",
      "properties": {
        "id": "INET_CS_342",
        "name": "Malzenice",
        "node": "INET_N_1016",
        "tags": {},
        "PowerPlantType": "CCGT",
        "capacity_E_MW": 430.0,
        "capacity_TH_MW": 0.0,
        "year_end": null,
        "exact": 3,
        "is_H_gas": 1,
        "is_gas_fuel1": 1,
        "nuts_id_1": "SK0",
        "nuts_id_2": "SK02",
        "nuts_id_3": "SK021",
        "year_start": 2010.0,
        "nuts3": "SK021"
      },
      "geometry": {
        "type": "Point",
        "coordinates": [
          17.6978,
          48.4296
        ]
      }
    },
    {
      "type": "Feature",
      "properties": {
        "id": "INET_CS_421",
        "name": "Pontevedra",
        "node": "INET_N_1282",
        "tags": {},
        "PowerPlantType": null,
        "capacity_E_MW": 26.62,
        "capacity_TH_MW": 0.0,
        "year_end": null,
        "exact": 3,
        "is_H_gas": 1,
        "is_gas_fuel1": 1,
        "nuts_id_1": "ES1",
        "nuts_id_2": "ES11",
        "nuts_id_3": "ES114",
        "year_start": 2008.0,
        "nuts3": "ES114"
      },
      "geometry": {
        "type": "Point",
        "coordinates": [
          -8.6667,
          42.4167
        ]
      }
    },
    {
      "type": "Feature",
      "properties": {
        "id": "INET_CS_337",
        "name": "Maddaloni",
        "node": "INET_N_1001",
        "tags": {},
        "PowerPlantType": null,
        "capacity_E_MW": 1512.0,
        "capacity_TH_MW": 0.0,
        "year_end": null,
        "exact": 3,
        "is_H_gas": 1,
        "is_gas_fuel1": 1,
        "nuts_id_1": "ITF",
        "nuts_id_2": "ITF3",
        "nuts_id_3": "ITF31",
        "year_start": 1977.0,
        "nuts3": "ITF31"
      },
      "geometry": {
        "type": "Point",
        "coordinates": [
          14.37,
          41.0197
        ]
      }
    },
    {
      "type": "Feature",
      "properties": {
        "id": "INET_CS_419",
        "name": "Plana del Vent",
        "node": "INET_N_1268",
        "tags": {},
        "PowerPlantType": "CCGT",
        "capacity_E_MW": 2066.42,
        "capacity_TH_MW": 0.0,
        "year_end": null,
        "exact": 3,
        "is_H_gas": 1,
        "is_gas_fuel1": 1,
        "nuts_id_1": "ES5",
        "nuts_id_2": "ES51",
        "nuts_id_3": "ES514",
        "year_start": 2007.0,
        "nuts3": "ES514"
      },
      "geometry": {
        "type": "Point",
        "coordinates": [
          0.8692,
          40.9596
        ]
      }
    },
    {
      "type": "Feature",
      "properties": {
        "id": "INET_CS_539",
        "name": "Terni",
        "node": "INET_N_1625",
        "tags": {},
        "PowerPlantType": "CCGT",
        "capacity_E_MW": 100.0,
        "capacity_TH_MW": 0.0,
        "year_end": null,
        "exact": 3,
        "is_H_gas": 1,
        "is_gas_fuel1": 1,
        "nuts_id_1": "ITI",
        "nuts_id_2": "ITI2",
        "nuts_id_3": "ITI22",
        "year_start": 2000.0,
        "nuts3": "ITI22"
      },
      "geometry": {
        "type": "Point",
        "coordinates": [
          12.6176,
          42.554
        ]
      }
    },
    {
      "type": "Feature",
      "properties": {
        "id": "INET_CS_494",
        "name": "Severn Power",
        "node": "INET_N_1483",
        "tags": {},
        "PowerPlantType": null,
        "capacity_E_MW": 850.0,
        "capacity_TH_MW": 0.0,
        "year_end": null,
        "exact": 3,
        "is_H_gas": 1,
        "is_gas_fuel1": 1,
        "nuts_id_1": "UKL",
        "nuts_id_2": "UKL2",
        "nuts_id_3": "UKL21",
        "year_start": 2010.0,
        "nuts3": "UKL21"
      },
      "geometry": {
        "type": "Point",
        "coordinates": [
          -2.975,
          51.5475
        ]
      }
    },
    {
      "type": "Feature",
      "properties": {
        "id": "INET_CS_502",
        "name": "Sindelfingen",
        "node": "INET_N_1504",
        "tags": {},
        "PowerPlantType": null,
        "capacity_E_MW": 95.0,
        "capacity_TH_MW": 0.0,
        "year_end": null,
        "exact": 3,
        "is_H_gas": 1,
        "is_gas_fuel1": 1,
        "nuts_id_1": "DE1",
        "nuts_id_2": "DE11",
        "nuts_id_3": "DE112",
        "year_start": null,
        "nuts3": "DE112"
      },
      "geometry": {
        "type": "Point",
        "coordinates": [
          8.9992,
          48.6972
        ]
      }
    },
    {
      "type": "Feature",
      "properties": {
        "id": "INET_CS_182",
        "name": "Evonik Rheinfelden",
        "node": "INET_N_514",
        "tags": {},
        "PowerPlantType": null,
        "capacity_E_MW": 56.0,
        "capacity_TH_MW": 0.0,
        "year_end": null,
        "exact": 3,
        "is_H_gas": 1,
        "is_gas_fuel1": 1,
        "nuts_id_1": "DE1",
        "nuts_id_2": "DE13",
        "nuts_id_3": "DE139",
        "year_start": 1980.0,
        "nuts3": "DE139"
      },
      "geometry": {
        "type": "Point",
        "coordinates": [
          7.8072,
          47.5708
        ]
      }
    },
    {
      "type": "Feature",
      "properties": {
        "id": "INET_CS_61",
        "name": "Bitterfeld",
        "node": "INET_N_196",
        "tags": {},
        "PowerPlantType": null,
        "capacity_E_MW": 146.0,
        "capacity_TH_MW": 0.0,
        "year_end": null,
        "exact": 3,
        "is_H_gas": 1,
        "is_gas_fuel1": 1,
        "nuts_id_1": "DEE",
        "nuts_id_2": "DEE0",
        "nuts_id_3": "DEE05",
        "year_start": 2000.0,
        "nuts3": "DEE05"
      },
      "geometry": {
        "type": "Point",
        "coordinates": [
          12.327,
          51.6257
        ]
      }
    },
    {
      "type": "Feature",
      "properties": {
        "id": "INET_CS_317",
        "name": "Leppersdorf",
        "node": "INET_N_945",
        "tags": {},
        "PowerPlantType": null,
        "capacity_E_MW": 36.0,
        "capacity_TH_MW": 0.0,
        "year_end": null,
        "exact": 3,
        "is_H_gas": 1,
        "is_gas_fuel1": 1,
        "nuts_id_1": "DED",
        "nuts_id_2": "DED2",
        "nuts_id_3": "DED2C",
        "year_start": 2014.0,
        "nuts3": "DED2C"
      },
      "geometry": {
        "type": "Point",
        "coordinates": [
          13.9776,
          51.1514
        ]
      }
    },
    {
      "type": "Feature",
      "properties": {
        "id": "INET_CS_90",
        "name": "Cartagena 1",
        "node": "N_335_M_LMGN",
        "tags": {},
        "PowerPlantType": null,
        "capacity_E_MW": 2061.666,
        "capacity_TH_MW": 0.0,
        "year_end": null,
        "exact": 3,
        "is_H_gas": 1,
        "is_gas_fuel1": 1,
        "nuts_id_1": "ES6",
        "nuts_id_2": "ES62",
        "nuts_id_3": "ES620",
        "year_start": 2006.0,
        "nuts3": null
      },
      "geometry": {
        "type": "Point",
        "coordinates": [
          -0.97906,
          37.57399
        ]
      }
    },
    {
      "type": "Feature",
      "properties": {
        "id": "INET_CS_29",
        "name": "Appeldorn",
        "node": "INET_N_78",
        "tags": {},
        "PowerPlantType": null,
        "capacity_E_MW": 11.4,
        "capacity_TH_MW": 0.0,
        "year_end": null,
        "exact": 3,
        "is_H_gas": 1,
        "is_gas_fuel1": 1,
        "nuts_id_1": "DEA",
        "nuts_id_2": "DEA1",
        "nuts_id_3": "DEA1B",
        "year_start": 2004.0,
        "nuts3": "DEA1B"
      },
      "geometry": {
        "type": "Point",
        "coordinates": [
          6.3586,
          51.7297
        ]
      }
    },
    {
      "type": "Feature",
      "properties": {
        "id": "INET_CS_353",
        "name": "Meggle",
        "node": "INET_N_1045",
        "tags": {},
        "PowerPlantType": null,
        "capacity_E_MW": 59.9,
        "capacity_TH_MW": 0.0,
        "year_end": null,
        "exact": 3,
        "is_H_gas": 1,
        "is_gas_fuel1": 1,
        "nuts_id_1": "DE2",
        "nuts_id_2": "DE21",
        "nuts_id_3": "DE21K",
        "year_start": 2000.0,
        "nuts3": "DE21K"
      },
      "geometry": {
        "type": "Point",
        "coordinates": [
          12.1852,
          48.0564
        ]
      }
    },
    {
      "type": "Feature",
      "properties": {
        "id": "INET_CS_262",
        "name": "Jesi",
        "node": "SEQ_8927__M_LMGN",
        "tags": {},
        "PowerPlantType": "CCGT",
        "capacity_E_MW": 125.0,
        "capacity_TH_MW": 0.0,
        "year_end": null,
        "exact": 3,
        "is_H_gas": 1,
        "is_gas_fuel1": 1,
        "nuts_id_1": "ITI",
        "nuts_id_2": "ITI3",
        "nuts_id_3": "ITI32",
        "year_start": 2001.0,
        "nuts3": "ITI32"
      },
      "geometry": {
        "type": "Point",
        "coordinates": [
          13.27125,
          43.56306
        ]
      }
    },
    {
      "type": "Feature",
      "properties": {
        "id": "INET_CS_429",
        "name": "Proto Viro",
        "node": "INET_N_1294",
        "tags": {},
        "PowerPlantType": null,
        "capacity_E_MW": 125.0,
        "capacity_TH_MW": 0.0,
        "year_end": null,
        "exact": 2,
        "is_H_gas": 1,
        "is_gas_fuel1": 1,
        "nuts_id_1": "ITH",
        "nuts_id_2": "ITH3",
        "nuts_id_3": "ITH37",
        "year_start": null,
        "nuts3": "ITH37"
      },
      "geometry": {
        "type": "Point",
        "coordinates": [
          12.219946,
          45.034434
        ]
      }
    },
    {
      "type": "Feature",
      "properties": {
        "id": "INET_CS_435",
        "name": "Ratcliffe",
        "node": "INET_N_1331",
        "tags": {},
        "PowerPlantType": "GT",
        "capacity_E_MW": 34.0,
        "capacity_TH_MW": 0.0,
        "year_end": null,
        "exact": 3,
        "is_H_gas": 1,
        "is_gas_fuel1": 1,
        "nuts_id_1": "UKF",
        "nuts_id_2": "UKF1",
        "nuts_id_3": "UKF16",
        "year_start": null,
        "nuts3": "UKF16"
      },
      "geometry": {
        "type": "Point",
        "coordinates": [
          -1.255,
          52.8653
        ]
      }
    },
    {
      "type": "Feature",
      "properties": {
        "id": "INET_CS_378",
        "name": "Mures",
        "node": "INET_N_1115",
        "tags": {},
        "PowerPlantType": null,
        "capacity_E_MW": 800.0,
        "capacity_TH_MW": 0.0,
        "year_end": null,
        "exact": 3,
        "is_H_gas": 1,
        "is_gas_fuel1": 1,
        "nuts_id_1": "RO1",
        "nuts_id_2": "RO12",
        "nuts_id_3": "RO125",
        "year_start": 1963.0,
        "nuts3": "RO125"
      },
      "geometry": {
        "type": "Point",
        "coordinates": [
          24.1833,
          46.4677
        ]
      }
    },
    {
      "type": "Feature",
      "properties": {
        "id": "INET_CS_15",
        "name": "Alstom",
        "node": "N_2666_S_LMGN",
        "tags": {},
        "PowerPlantType": null,
        "capacity_E_MW": 315.0,
        "capacity_TH_MW": 0.0,
        "year_end": null,
        "exact": 3,
        "is_H_gas": 1,
        "is_gas_fuel1": 1,
        "nuts_id_1": "CH0",
        "nuts_id_2": "CH03",
        "nuts_id_3": "CH033",
        "year_start": 2001.0,
        "nuts3": "CH033"
      },
      "geometry": {
        "type": "Point",
        "coordinates": [
          8.23855,
          47.42869
        ]
      }
    },
    {
      "type": "Feature",
      "properties": {
        "id": "INET_CS_62",
        "name": "Blachownia",
        "node": "INET_N_199",
        "tags": {},
        "PowerPlantType": null,
        "capacity_E_MW": 158.0,
        "capacity_TH_MW": 0.0,
        "year_end": null,
        "exact": 3,
        "is_H_gas": 1,
        "is_gas_fuel1": 1,
        "nuts_id_1": "PL5",
        "nuts_id_2": "PL52",
        "nuts_id_3": "PL524",
        "year_start": null,
        "nuts3": "PL524"
      },
      "geometry": {
        "type": "Point",
        "coordinates": [
          18.2912,
          50.3557
        ]
      }
    },
    {
      "type": "Feature",
      "properties": {
        "id": "INET_CS_115",
        "name": "Coryton",
        "node": "INET_N_347",
        "tags": {},
        "PowerPlantType": "CCGT",
        "capacity_E_MW": 800.0,
        "capacity_TH_MW": 0.0,
        "year_end": null,
        "exact": 3,
        "is_H_gas": 1,
        "is_gas_fuel1": 1,
        "nuts_id_1": "UKH",
        "nuts_id_2": "UKH3",
        "nuts_id_3": "UKH32",
        "year_start": 2001.0,
        "nuts3": "UKH32"
      },
      "geometry": {
        "type": "Point",
        "coordinates": [
          0.5079,
          51.5119
        ]
      }
    },
    {
      "type": "Feature",
      "properties": {
        "id": "INET_CS_77",
        "name": "Brestanica",
        "node": "INET_N_241",
        "tags": {},
        "PowerPlantType": null,
        "capacity_E_MW": 297.0,
        "capacity_TH_MW": 0.0,
        "year_end": null,
        "exact": 3,
        "is_H_gas": 1,
        "is_gas_fuel1": 1,
        "nuts_id_1": "SI0",
        "nuts_id_2": "SI03",
        "nuts_id_3": "SI036",
        "year_start": null,
        "nuts3": "SI036"
      },
      "geometry": {
        "type": "Point",
        "coordinates": [
          15.4796,
          45.9975
        ]
      }
    },
    {
      "type": "Feature",
      "properties": {
        "id": "INET_CS_172",
        "name": "Enfield",
        "node": "INET_N_483",
        "tags": {},
        "PowerPlantType": null,
        "capacity_E_MW": 408.0,
        "capacity_TH_MW": 0.0,
        "year_end": null,
        "exact": 3,
        "is_H_gas": 1,
        "is_gas_fuel1": 1,
        "nuts_id_1": "UKI",
        "nuts_id_2": "UKI5",
        "nuts_id_3": "UKI54",
        "year_start": 1999.0,
        "nuts3": "UKI54"
      },
      "geometry": {
        "type": "Point",
        "coordinates": [
          -0.0225,
          51.6625
        ]
      }
    },
    {
      "type": "Feature",
      "properties": {
        "id": "INET_CS_63",
        "name": "Blackburn",
        "node": "INET_N_200",
        "tags": {},
        "PowerPlantType": null,
        "capacity_E_MW": 59.0,
        "capacity_TH_MW": 0.0,
        "year_end": null,
        "exact": 3,
        "is_H_gas": 1,
        "is_gas_fuel1": 1,
        "nuts_id_1": "UKD",
        "nuts_id_2": "UKD4",
        "nuts_id_3": "UKD41",
        "year_start": null,
        "nuts3": "UKD41"
      },
      "geometry": {
        "type": "Point",
        "coordinates": [
          -2.4833,
          53.75
        ]
      }
    },
    {
      "type": "Feature",
      "properties": {
        "id": "INET_CS_387",
        "name": "Niederau 1",
        "node": "INET_N_1137",
        "tags": {},
        "PowerPlantType": null,
        "capacity_E_MW": 16.9,
        "capacity_TH_MW": 0.0,
        "year_end": null,
        "exact": 3,
        "is_H_gas": 1,
        "is_gas_fuel1": 1,
        "nuts_id_1": "DEA",
        "nuts_id_2": "DEA2",
        "nuts_id_3": "DEA26",
        "year_start": 2011.0,
        "nuts3": "DEA26"
      },
      "geometry": {
        "type": "Point",
        "coordinates": [
          6.49,
          50.7728
        ]
      }
    },
    {
      "type": "Feature",
      "properties": {
        "id": "INET_CS_66",
        "name": "Bomlitz",
        "node": "INET_N_212",
        "tags": {},
        "PowerPlantType": "HKW",
        "capacity_E_MW": 22.1,
        "capacity_TH_MW": 0.0,
        "year_end": null,
        "exact": 3,
        "is_H_gas": 1,
        "is_gas_fuel1": 1,
        "nuts_id_1": "DE9",
        "nuts_id_2": "DE93",
        "nuts_id_3": "DE938",
        "year_start": 1912.0,
        "nuts3": "DE938"
      },
      "geometry": {
        "type": "Point",
        "coordinates": [
          9.65,
          52.9
        ]
      }
    },
    {
      "type": "Feature",
      "properties": {
        "id": "INET_CS_273",
        "name": "Kiel",
        "node": "INET_N_813",
        "tags": {},
        "PowerPlantType": "HKW",
        "capacity_E_MW": 31.0,
        "capacity_TH_MW": 0.0,
        "year_end": null,
        "exact": 3,
        "is_H_gas": 1,
        "is_gas_fuel1": 1,
        "nuts_id_1": "DEF",
        "nuts_id_2": "DEF0",
        "nuts_id_3": "DEF02",
        "year_start": null,
        "nuts3": "DEF02"
      },
      "geometry": {
        "type": "Point",
        "coordinates": [
          10.1267,
          54.3275
        ]
      }
    },
    {
      "type": "Feature",
      "properties": {
        "id": "INET_CS_59",
        "name": "Bertonico-Turano Lodigiano",
        "node": "N_2105_S_LMGN",
        "tags": {},
        "PowerPlantType": "CCGT",
        "capacity_E_MW": 2540.0,
        "capacity_TH_MW": 0.0,
        "year_end": null,
        "exact": 3,
        "is_H_gas": 1,
        "is_gas_fuel1": 1,
        "nuts_id_1": "ITC",
        "nuts_id_2": "ITC4",
        "nuts_id_3": "ITC49",
        "year_start": 2011.0,
        "nuts3": "ITC49"
      },
      "geometry": {
        "type": "Point",
        "coordinates": [
          9.66156,
          45.21105
        ]
      }
    },
    {
      "type": "Feature",
      "properties": {
        "id": "INET_CS_318",
        "name": "Leuna 1",
        "node": "INET_N_947",
        "tags": {},
        "PowerPlantType": null,
        "capacity_E_MW": 187.7,
        "capacity_TH_MW": 0.0,
        "year_end": null,
        "exact": 3,
        "is_H_gas": 1,
        "is_gas_fuel1": 1,
        "nuts_id_1": "DEE",
        "nuts_id_2": "DEE0",
        "nuts_id_3": "DEE0B",
        "year_start": 1994.0,
        "nuts3": "DEE0B"
      },
      "geometry": {
        "type": "Point",
        "coordinates": [
          12.0193,
          51.2998
        ]
      }
    },
    {
      "type": "Feature",
      "properties": {
        "id": "INET_CS_594",
        "name": "Zielitz",
        "node": "INET_N_1843",
        "tags": {},
        "PowerPlantType": null,
        "capacity_E_MW": 52.0,
        "capacity_TH_MW": 0.0,
        "year_end": null,
        "exact": 3,
        "is_H_gas": 1,
        "is_gas_fuel1": 1,
        "nuts_id_1": "DEE",
        "nuts_id_2": "DEE0",
        "nuts_id_3": "DEE07",
        "year_start": 1996.0,
        "nuts3": "DEE07"
      },
      "geometry": {
        "type": "Point",
        "coordinates": [
          11.6796,
          52.2985
        ]
      }
    },
    {
      "type": "Feature",
      "properties": {
        "id": "INET_CS_80",
        "name": "Bruehl",
        "node": "INET_N_250",
        "tags": {},
        "PowerPlantType": null,
        "capacity_E_MW": 87.1,
        "capacity_TH_MW": 0.0,
        "year_end": null,
        "exact": 3,
        "is_H_gas": 1,
        "is_gas_fuel1": 1,
        "nuts_id_1": "DE1",
        "nuts_id_2": "DE13",
        "nuts_id_3": "DE131",
        "year_start": 1998.0,
        "nuts3": "DE131"
      },
      "geometry": {
        "type": "Point",
        "coordinates": [
          7.8452,
          48.0202
        ]
      }
    },
    {
      "type": "Feature",
      "properties": {
        "id": "INET_CS_561",
        "name": "Vado Ligure",
        "node": "INET_N_1716",
        "tags": {},
        "PowerPlantType": "CCGT",
        "capacity_E_MW": 1353.0,
        "capacity_TH_MW": 0.0,
        "year_end": null,
        "exact": 3,
        "is_H_gas": 1,
        "is_gas_fuel1": 1,
        "nuts_id_1": "ITC",
        "nuts_id_2": "ITC3",
        "nuts_id_3": "ITC32",
        "year_start": 2007.0,
        "nuts3": "ITC32"
      },
      "geometry": {
        "type": "Point",
        "coordinates": [
          8.4305,
          44.2755
        ]
      }
    },
    {
      "type": "Feature",
      "properties": {
        "id": "INET_CS_313",
        "name": "Leipzig-Nord",
        "node": "INET_N_939",
        "tags": {},
        "PowerPlantType": "HKW",
        "capacity_E_MW": 167.0,
        "capacity_TH_MW": 0.0,
        "year_end": null,
        "exact": 3,
        "is_H_gas": 1,
        "is_gas_fuel1": 1,
        "nuts_id_1": "DED",
        "nuts_id_2": "DED5",
        "nuts_id_3": "DED51",
        "year_start": 1996.0,
        "nuts3": "DED51"
      },
      "geometry": {
        "type": "Point",
        "coordinates": [
          12.3784,
          51.3512
        ]
      }
    },
    {
      "type": "Feature",
      "properties": {
        "id": "INET_CS_107",
        "name": "Claus A",
        "node": "INET_N_331",
        "tags": {},
        "PowerPlantType": null,
        "capacity_E_MW": 640.0,
        "capacity_TH_MW": 0.0,
        "year_end": null,
        "exact": 3,
        "is_H_gas": 1,
        "is_gas_fuel1": 1,
        "nuts_id_1": "NL4",
        "nuts_id_2": "NL42",
        "nuts_id_3": "NL422",
        "year_start": 1977.0,
        "nuts3": "NL422"
      },
      "geometry": {
        "type": "Point",
        "coordinates": [
          5.907,
          51.1542
        ]
      }
    },
    {
      "type": "Feature",
      "properties": {
        "id": "INET_CS_217",
        "name": "Great Yarmouth",
        "node": "INET_N_613",
        "tags": {},
        "PowerPlantType": null,
        "capacity_E_MW": 420.0,
        "capacity_TH_MW": 0.0,
        "year_end": null,
        "exact": 3,
        "is_H_gas": 1,
        "is_gas_fuel1": 1,
        "nuts_id_1": "UKH",
        "nuts_id_2": "UKH1",
        "nuts_id_3": "UKH15",
        "year_start": 2002.0,
        "nuts3": "UKH15"
      },
      "geometry": {
        "type": "Point",
        "coordinates": [
          1.7338,
          52.5839
        ]
      }
    },
    {
      "type": "Feature",
      "properties": {
        "id": "INET_CS_595",
        "name": "Zielona Gora",
        "node": "INET_N_1844",
        "tags": {},
        "PowerPlantType": "CCGT",
        "capacity_E_MW": 198.0,
        "capacity_TH_MW": 0.0,
        "year_end": null,
        "exact": 3,
        "is_H_gas": 1,
        "is_gas_fuel1": 1,
        "nuts_id_1": "PL4",
        "nuts_id_2": "PL43",
        "nuts_id_3": "PL432",
        "year_start": 2004.0,
        "nuts3": "PL432"
      },
      "geometry": {
        "type": "Point",
        "coordinates": [
          15.488,
          51.9513
        ]
      }
    },
    {
      "type": "Feature",
      "properties": {
        "id": "INET_CS_174",
        "name": "Eni Ravenna",
        "node": "INET_N_485",
        "tags": {},
        "PowerPlantType": "CCGT",
        "capacity_E_MW": 1722.0,
        "capacity_TH_MW": 0.0,
        "year_end": null,
        "exact": 3,
        "is_H_gas": 1,
        "is_gas_fuel1": 1,
        "nuts_id_1": "ITH",
        "nuts_id_2": "ITH5",
        "nuts_id_3": "ITH57",
        "year_start": 2004.0,
        "nuts3": "ITH57"
      },
      "geometry": {
        "type": "Point",
        "coordinates": [
          12.2382,
          44.4487
        ]
      }
    },
    {
      "type": "Feature",
      "properties": {
        "id": "INET_CS_28",
        "name": "Antwerp",
        "node": "INET_N_77",
        "tags": {},
        "PowerPlantType": null,
        "capacity_E_MW": 587.0,
        "capacity_TH_MW": 0.0,
        "year_end": null,
        "exact": 3,
        "is_H_gas": 1,
        "is_gas_fuel1": 1,
        "nuts_id_1": "BE2",
        "nuts_id_2": "BE21",
        "nuts_id_3": "BE211",
        "year_start": 2009.0,
        "nuts3": "BE211"
      },
      "geometry": {
        "type": "Point",
        "coordinates": [
          4.3383,
          51.2565
        ]
      }
    },
    {
      "type": "Feature",
      "properties": {
        "id": "INET_CS_300",
        "name": "Lage",
        "node": "INET_N_906",
        "tags": {},
        "PowerPlantType": null,
        "capacity_E_MW": 23.0,
        "capacity_TH_MW": 0.0,
        "year_end": null,
        "exact": 3,
        "is_H_gas": 1,
        "is_gas_fuel1": 1,
        "nuts_id_1": "DEA",
        "nuts_id_2": "DEA4",
        "nuts_id_3": "DEA45",
        "year_start": 1980.0,
        "nuts3": "DEA45"
      },
      "geometry": {
        "type": "Point",
        "coordinates": [
          8.8073,
          51.9861
        ]
      }
    },
    {
      "type": "Feature",
      "properties": {
        "id": "INET_CS_452",
        "name": "Rosignano",
        "node": "INET_N_1381",
        "tags": {},
        "PowerPlantType": "CCGT",
        "capacity_E_MW": 388.0,
        "capacity_TH_MW": 0.0,
        "year_end": null,
        "exact": 3,
        "is_H_gas": 1,
        "is_gas_fuel1": 1,
        "nuts_id_1": "ITI",
        "nuts_id_2": "ITI1",
        "nuts_id_3": "ITI16",
        "year_start": 2007.0,
        "nuts3": "ITI16"
      },
      "geometry": {
        "type": "Point",
        "coordinates": [
          10.44818,
          43.38178
        ]
      }
    },
    {
      "type": "Feature",
      "properties": {
        "id": "INET_CS_166",
        "name": "Elsta",
        "node": "INET_N_469",
        "tags": {},
        "PowerPlantType": "CCGT",
        "capacity_E_MW": 460.0,
        "capacity_TH_MW": 0.0,
        "year_end": null,
        "exact": 3,
        "is_H_gas": 1,
        "is_gas_fuel1": 1,
        "nuts_id_1": "NL3",
        "nuts_id_2": "NL34",
        "nuts_id_3": "NL341",
        "year_start": 1998.0,
        "nuts3": "NL341"
      },
      "geometry": {
        "type": "Point",
        "coordinates": [
          3.7787,
          51.3331
        ]
      }
    },
    {
      "type": "Feature",
      "properties": {
        "id": "INET_CS_233",
        "name": "Heidenheim",
        "node": "LKD_N_605",
        "tags": {},
        "PowerPlantType": null,
        "capacity_E_MW": 26.5,
        "capacity_TH_MW": 0.0,
        "year_end": null,
        "exact": 3,
        "is_H_gas": 1,
        "is_gas_fuel1": 1,
        "nuts_id_1": "DE1",
        "nuts_id_2": "DE11",
        "nuts_id_3": "DE11C",
        "year_start": null,
        "nuts3": "DE11C"
      },
      "geometry": {
        "type": "Point",
        "coordinates": [
          10.17675,
          48.64952
        ]
      }
    },
    {
      "type": "Feature",
      "properties": {
        "id": "INET_CS_392",
        "name": "Notrup",
        "node": "LKD_N_687",
        "tags": {},
        "PowerPlantType": "HKW",
        "capacity_E_MW": 18.1,
        "capacity_TH_MW": 0.0,
        "year_end": null,
        "exact": 3,
        "is_H_gas": 1,
        "is_gas_fuel1": 1,
        "nuts_id_1": "DE9",
        "nuts_id_2": "DE94",
        "nuts_id_3": "DE94E",
        "year_start": 1995.0,
        "nuts3": "DE94E"
      },
      "geometry": {
        "type": "Point",
        "coordinates": [
          7.845754,
          52.597295
        ]
      }
    },
    {
      "type": "Feature",
      "properties": {
        "id": "INET_CS_469",
        "name": "Parma",
        "node": "INET_N_1235",
        "tags": {},
        "PowerPlantType": "CCGT",
        "capacity_E_MW": 137.0,
        "capacity_TH_MW": 0.0,
        "year_end": null,
        "exact": 3,
        "is_H_gas": 1,
        "is_gas_fuel1": 1,
        "nuts_id_1": "ITH",
        "nuts_id_2": "ITH5",
        "nuts_id_3": "ITH52",
        "year_start": 1996.0,
        "nuts3": "ITH52"
      },
      "geometry": {
        "type": "Point",
        "coordinates": [
          10.3055,
          44.9289
        ]
      }
    },
    {
      "type": "Feature",
      "properties": {
        "id": "INET_CS_306",
        "name": "Lares",
        "node": "INET_N_919",
        "tags": {},
        "PowerPlantType": null,
        "capacity_E_MW": 862.0,
        "capacity_TH_MW": 0.0,
        "year_end": null,
        "exact": 3,
        "is_H_gas": 1,
        "is_gas_fuel1": 1,
        "nuts_id_1": "PT1",
        "nuts_id_2": "PT16",
        "nuts_id_3": "PT16E",
        "year_start": 2009.0,
        "nuts3": "PT16E"
      },
      "geometry": {
        "type": "Point",
        "coordinates": [
          -8.775,
          40.1245
        ]
      }
    },
    {
      "type": "Feature",
      "properties": {
        "id": "INET_CS_165",
        "name": "Elektrenai",
        "node": "INET_N_464",
        "tags": {},
        "PowerPlantType": null,
        "capacity_E_MW": 2160.0,
        "capacity_TH_MW": 0.0,
        "year_end": null,
        "exact": 3,
        "is_H_gas": 1,
        "is_gas_fuel1": 1,
        "nuts_id_1": "LT0",
        "nuts_id_2": "LT01",
        "nuts_id_3": "LT011",
        "year_start": 1962.0,
        "nuts3": "LT011"
      },
      "geometry": {
        "type": "Point",
        "coordinates": [
          24.6474,
          54.7701
        ]
      }
    },
    {
      "type": "Feature",
      "properties": {
        "id": "INET_CS_164",
        "name": "Eilenburg",
        "node": "INET_N_458",
        "tags": {},
        "PowerPlantType": null,
        "capacity_E_MW": 46.6,
        "capacity_TH_MW": 0.0,
        "year_end": null,
        "exact": 3,
        "is_H_gas": 1,
        "is_gas_fuel1": 1,
        "nuts_id_1": "DED",
        "nuts_id_2": "DED5",
        "nuts_id_3": "DED53",
        "year_start": 1993.0,
        "nuts3": "DED53"
      },
      "geometry": {
        "type": "Point",
        "coordinates": [
          12.592,
          51.4656
        ]
      }
    },
    {
      "type": "Feature",
      "properties": {
        "id": "INET_CS_230",
        "name": "Harculo",
        "node": "SEQ_7069_p",
        "tags": {},
        "PowerPlantType": null,
        "capacity_E_MW": 349.0,
        "capacity_TH_MW": 0.0,
        "year_end": null,
        "exact": 3,
        "is_H_gas": 1,
        "is_gas_fuel1": 1,
        "nuts_id_1": "NL2",
        "nuts_id_2": "NL22",
        "nuts_id_3": "NL221",
        "year_start": 1982.0,
        "nuts3": "NL221"
      },
      "geometry": {
        "type": "Point",
        "coordinates": [
          6.07198,
          52.46576
        ]
      }
    },
    {
      "type": "Feature",
      "properties": {
        "id": "INET_CS_2",
        "name": "Aberthaw",
        "node": "INET_N_3",
        "tags": {},
        "PowerPlantType": "GT",
        "capacity_E_MW": 281.0,
        "capacity_TH_MW": 0.0,
        "year_end": null,
        "exact": 3,
        "is_H_gas": 1,
        "is_gas_fuel1": 1,
        "nuts_id_1": "UKL",
        "nuts_id_2": "UKL2",
        "nuts_id_3": "UKL22",
        "year_start": null,
        "nuts3": "UKL22"
      },
      "geometry": {
        "type": "Point",
        "coordinates": [
          -3.4068,
          51.3875
        ]
      }
    },
    {
      "type": "Feature",
      "properties": {
        "id": "INET_CS_326",
        "name": "Liter",
        "node": "INET_N_965",
        "tags": {},
        "PowerPlantType": "OCGT",
        "capacity_E_MW": 120.0,
        "capacity_TH_MW": 0.0,
        "year_end": null,
        "exact": 3,
        "is_H_gas": 1,
        "is_gas_fuel1": 1,
        "nuts_id_1": "HU2",
        "nuts_id_2": "HU21",
        "nuts_id_3": "HU213",
        "year_start": 1998.0,
        "nuts3": "HU213"
      },
      "geometry": {
        "type": "Point",
        "coordinates": [
          18.0143,
          47.1075
        ]
      }
    },
    {
      "type": "Feature",
      "properties": {
        "id": "INET_CS_472",
        "name": "Sandbach",
        "node": "N_41_L_LMGN",
        "tags": {},
        "PowerPlantType": null,
        "capacity_E_MW": 56.0,
        "capacity_TH_MW": 0.0,
        "year_end": null,
        "exact": 3,
        "is_H_gas": 1,
        "is_gas_fuel1": 1,
        "nuts_id_1": "UKD",
        "nuts_id_2": "UKD6",
        "nuts_id_3": "UKD62",
        "year_start": null,
        "nuts3": "UKD62"
      },
      "geometry": {
        "type": "Point",
        "coordinates": [
          -2.41455,
          53.16865
        ]
      }
    },
    {
      "type": "Feature",
      "properties": {
        "id": "INET_CS_199",
        "name": "Fulda",
        "node": "INET_N_558",
        "tags": {},
        "PowerPlantType": null,
        "capacity_E_MW": 34.2,
        "capacity_TH_MW": 0.0,
        "year_end": null,
        "exact": 3,
        "is_H_gas": 1,
        "is_gas_fuel1": 1,
        "nuts_id_1": "DE7",
        "nuts_id_2": "DE73",
        "nuts_id_3": "DE732",
        "year_start": null,
        "nuts3": "DE732"
      },
      "geometry": {
        "type": "Point",
        "coordinates": [
          9.6813,
          50.5691
        ]
      }
    },
    {
      "type": "Feature",
      "properties": {
        "id": "INET_CS_482",
        "name": "Scandale",
        "node": "INET_N_1454",
        "tags": {},
        "PowerPlantType": null,
        "capacity_E_MW": 814.0,
        "capacity_TH_MW": 0.0,
        "year_end": null,
        "exact": 3,
        "is_H_gas": 1,
        "is_gas_fuel1": 1,
        "nuts_id_1": "ITF",
        "nuts_id_2": "ITF6",
        "nuts_id_3": "ITF62",
        "year_start": 2010.0,
        "nuts3": "ITF62"
      },
      "geometry": {
        "type": "Point",
        "coordinates": [
          17.0325,
          39.1022
        ]
      }
    },
    {
      "type": "Feature",
      "properties": {
        "id": "INET_CS_596",
        "name": "Zuelpich",
        "node": "INET_N_1847",
        "tags": {},
        "PowerPlantType": null,
        "capacity_E_MW": 45.3,
        "capacity_TH_MW": 0.0,
        "year_end": null,
        "exact": 3,
        "is_H_gas": 1,
        "is_gas_fuel1": 1,
        "nuts_id_1": "DEA",
        "nuts_id_2": "DEA2",
        "nuts_id_3": "DEA28",
        "year_start": 1966.0,
        "nuts3": "DEA28"
      },
      "geometry": {
        "type": "Point",
        "coordinates": [
          6.6536,
          50.7055
        ]
      }
    },
    {
      "type": "Feature",
      "properties": {
        "id": "INET_CS_17",
        "name": "Altbach Deizisau",
        "node": "INET_N_50",
        "tags": {},
        "PowerPlantType": null,
        "capacity_E_MW": 65.0,
        "capacity_TH_MW": 0.0,
        "year_end": null,
        "exact": 3,
        "is_H_gas": 1,
        "is_gas_fuel1": 1,
        "nuts_id_1": "DE1",
        "nuts_id_2": "DE11",
        "nuts_id_3": "DE113",
        "year_start": null,
        "nuts3": "DE113"
      },
      "geometry": {
        "type": "Point",
        "coordinates": [
          9.3749,
          48.7176
        ]
      }
    },
    {
      "type": "Feature",
      "properties": {
        "id": "INET_CS_546",
        "name": "Timelkam",
        "node": "INET_N_1308",
        "tags": {},
        "PowerPlantType": null,
        "capacity_E_MW": 400.0,
        "capacity_TH_MW": 100.0,
        "year_end": null,
        "exact": 1,
        "is_H_gas": 1,
        "is_gas_fuel1": 1,
        "nuts_id_1": "AT3",
        "nuts_id_2": "AT31",
        "nuts_id_3": "AT315",
        "year_start": 2008.0,
        "nuts3": "AT315"
      },
      "geometry": {
        "type": "Point",
        "coordinates": [
          13.572981,
          48.015746
        ]
      }
    },
    {
      "type": "Feature",
      "properties": {
        "id": "INET_CS_591",
        "name": "Zagreb 1",
        "node": "INET_N_1825",
        "tags": {},
        "PowerPlantType": "CHP",
        "capacity_E_MW": 414.8,
        "capacity_TH_MW": 1179.0,
        "year_end": null,
        "exact": 3,
        "is_H_gas": 1,
        "is_gas_fuel1": 1,
        "nuts_id_1": "HR0",
        "nuts_id_2": "HR04",
        "nuts_id_3": "HR041",
        "year_start": 1979.0,
        "nuts3": "HR050"
      },
      "geometry": {
        "type": "Point",
        "coordinates": [
          16.0169,
          45.7816
        ]
      }
    },
    {
      "type": "Feature",
      "properties": {
        "id": "INET_CS_304",
        "name": "Langeweide",
        "node": "INET_N_914",
        "tags": {},
        "PowerPlantType": "CHP",
        "capacity_E_MW": 691.0,
        "capacity_TH_MW": 570.0,
        "year_end": null,
        "exact": 3,
        "is_H_gas": 1,
        "is_gas_fuel1": 1,
        "nuts_id_1": "NL3",
        "nuts_id_2": "NL31",
        "nuts_id_3": "NL310",
        "year_start": 1976.0,
        "nuts3": "NL310"
      },
      "geometry": {
        "type": "Point",
        "coordinates": [
          5.0713,
          52.1026
        ]
      }
    },
    {
      "type": "Feature",
      "properties": {
        "id": "INET_CS_400",
        "name": "Offstein",
        "node": "LKD_N_133",
        "tags": {},
        "PowerPlantType": null,
        "capacity_E_MW": 30.0,
        "capacity_TH_MW": 0.0,
        "year_end": null,
        "exact": 3,
        "is_H_gas": 1,
        "is_gas_fuel1": 1,
        "nuts_id_1": "DEB",
        "nuts_id_2": "DEB3",
        "nuts_id_3": "DEB3B",
        "year_start": 1992.0,
        "nuts3": "DEB3B"
      },
      "geometry": {
        "type": "Point",
        "coordinates": [
          8.224932,
          49.623996
        ]
      }
    },
    {
      "type": "Feature",
      "properties": {
        "id": "INET_CS_401",
        "name": "Orsted",
        "node": "INET_N_1207",
        "tags": {},
        "PowerPlantType": "CHP",
        "capacity_E_MW": 266.0,
        "capacity_TH_MW": 1240.0,
        "year_end": null,
        "exact": 3,
        "is_H_gas": 1,
        "is_gas_fuel1": 1,
        "nuts_id_1": "DK0",
        "nuts_id_2": "DK01",
        "nuts_id_3": "DK011",
        "year_start": 1984.0,
        "nuts3": "DK011"
      },
      "geometry": {
        "type": "Point",
        "coordinates": [
          12.56834,
          55.6761
        ]
      }
    },
    {
      "type": "Feature",
      "properties": {
        "id": "INET_CS_57",
        "name": "Berlin-Mitte",
        "node": "INET_N_173",
        "tags": {},
        "PowerPlantType": null,
        "capacity_E_MW": 1108.0,
        "capacity_TH_MW": 1672.0,
        "year_end": null,
        "exact": 3,
        "is_H_gas": 1,
        "is_gas_fuel1": 1,
        "nuts_id_1": "DE4",
        "nuts_id_2": "DE40",
        "nuts_id_3": "DE300",
        "year_start": 1996.0,
        "nuts3": "DE300"
      },
      "geometry": {
        "type": "Point",
        "coordinates": [
          13.421,
          52.5116
        ]
      }
    },
    {
      "type": "Feature",
      "properties": {
        "id": "INET_CS_449",
        "name": "Rocksavage",
        "node": "N_409_M_LMGN",
        "tags": {},
        "PowerPlantType": null,
        "capacity_E_MW": 750.0,
        "capacity_TH_MW": 0.0,
        "year_end": null,
        "exact": 3,
        "is_H_gas": 1,
        "is_gas_fuel1": 1,
        "nuts_id_1": "UKD",
        "nuts_id_2": "UKD7",
        "nuts_id_3": "UKD71",
        "year_start": 1998.0,
        "nuts3": "UKD71"
      },
      "geometry": {
        "type": "Point",
        "coordinates": [
          -2.6801,
          53.3198
        ]
      }
    },
    {
      "type": "Feature",
      "properties": {
        "id": "INET_CS_232",
        "name": "Heidelberg",
        "node": "Stor_EU_77",
        "tags": {},
        "PowerPlantType": null,
        "capacity_E_MW": 13.5,
        "capacity_TH_MW": 0.0,
        "year_end": null,
        "exact": 3,
        "is_H_gas": 1,
        "is_gas_fuel1": 1,
        "nuts_id_1": "DE1",
        "nuts_id_2": "DE12",
        "nuts_id_3": "DE125",
        "year_start": 2002.0,
        "nuts3": "DE125"
      },
      "geometry": {
        "type": "Point",
        "coordinates": [
          8.67442,
          49.40305
        ]
      }
    },
    {
      "type": "Feature",
      "properties": {
        "id": "INET_CS_327",
        "name": "Little Barford",
        "node": "INET_N_966",
        "tags": {},
        "PowerPlantType": "CCGT",
        "capacity_E_MW": 680.0,
        "capacity_TH_MW": 0.0,
        "year_end": null,
        "exact": 3,
        "is_H_gas": 1,
        "is_gas_fuel1": 1,
        "nuts_id_1": "UKH",
        "nuts_id_2": "UKH2",
        "nuts_id_3": "UKH24",
        "year_start": 1995.0,
        "nuts3": "UKH24"
      },
      "geometry": {
        "type": "Point",
        "coordinates": [
          -0.269294,
          52.204609
        ]
      }
    },
    {
      "type": "Feature",
      "properties": {
        "id": "INET_CS_33",
        "name": "Arrubal",
        "node": "INET_N_86",
        "tags": {},
        "PowerPlantType": null,
        "capacity_E_MW": 800.0,
        "capacity_TH_MW": 0.0,
        "year_end": null,
        "exact": 3,
        "is_H_gas": 1,
        "is_gas_fuel1": 1,
        "nuts_id_1": "ES2",
        "nuts_id_2": "ES23",
        "nuts_id_3": "ES230",
        "year_start": 2005.0,
        "nuts3": "ES230"
      },
      "geometry": {
        "type": "Point",
        "coordinates": [
          -2.2511,
          42.4194
        ]
      }
    },
    {
      "type": "Feature",
      "properties": {
        "id": "INET_CS_178",
        "name": "Escatron 1",
        "node": "INET_N_503",
        "tags": {},
        "PowerPlantType": null,
        "capacity_E_MW": 1100.995,
        "capacity_TH_MW": 0.0,
        "year_end": null,
        "exact": 3,
        "is_H_gas": 1,
        "is_gas_fuel1": 1,
        "nuts_id_1": "ES2",
        "nuts_id_2": "ES24",
        "nuts_id_3": "ES243",
        "year_start": 2008.0,
        "nuts3": "ES243"
      },
      "geometry": {
        "type": "Point",
        "coordinates": [
          -0.3376,
          41.2977
        ]
      }
    },
    {
      "type": "Feature",
      "properties": {
        "id": "INET_CS_490",
        "name": "Seal Sands",
        "node": "INET_N_1474",
        "tags": {},
        "PowerPlantType": null,
        "capacity_E_MW": 50.0,
        "capacity_TH_MW": 0.0,
        "year_end": null,
        "exact": 3,
        "is_H_gas": 1,
        "is_gas_fuel1": 1,
        "nuts_id_1": "UKC",
        "nuts_id_2": "UKC1",
        "nuts_id_3": "UKC11",
        "year_start": 1997.0,
        "nuts3": "UKC11"
      },
      "geometry": {
        "type": "Point",
        "coordinates": [
          -1.200868,
          54.609072
        ]
      }
    },
    {
      "type": "Feature",
      "properties": {
        "id": "INET_CS_394",
        "name": "Nowa Sarzyna",
        "node": "INET_N_1168",
        "tags": {},
        "PowerPlantType": null,
        "capacity_E_MW": 129.0,
        "capacity_TH_MW": 0.0,
        "year_end": null,
        "exact": 3,
        "is_H_gas": 1,
        "is_gas_fuel1": 1,
        "nuts_id_1": "PL8",
        "nuts_id_2": "PL82",
        "nuts_id_3": "PL824",
        "year_start": null,
        "nuts3": "PL824"
      },
      "geometry": {
        "type": "Point",
        "coordinates": [
          22.3238,
          50.3167
        ]
      }
    },
    {
      "type": "Feature",
      "properties": {
        "id": "INET_CS_456",
        "name": "Ruesselsheim",
        "node": "INET_N_1396",
        "tags": {},
        "PowerPlantType": null,
        "capacity_E_MW": 112.1,
        "capacity_TH_MW": 0.0,
        "year_end": null,
        "exact": 3,
        "is_H_gas": 1,
        "is_gas_fuel1": 1,
        "nuts_id_1": "DE7",
        "nuts_id_2": "DE71",
        "nuts_id_3": "DE717",
        "year_start": 1999.0,
        "nuts3": "DE717"
      },
      "geometry": {
        "type": "Point",
        "coordinates": [
          8.4141,
          49.992
        ]
      }
    },
    {
      "type": "Feature",
      "properties": {
        "id": "INET_CS_55",
        "name": "Baunatal",
        "node": "INET_N_152",
        "tags": {},
        "PowerPlantType": null,
        "capacity_E_MW": 78.0,
        "capacity_TH_MW": 0.0,
        "year_end": null,
        "exact": 3,
        "is_H_gas": 1,
        "is_gas_fuel1": 1,
        "nuts_id_1": "DE7",
        "nuts_id_2": "DE73",
        "nuts_id_3": "DE734",
        "year_start": 2013.0,
        "nuts3": "DE734"
      },
      "geometry": {
        "type": "Point",
        "coordinates": [
          9.4379,
          51.2531
        ]
      }
    },
    {
      "type": "Feature",
      "properties": {
        "id": "INET_CS_402",
        "name": "Osijek",
        "node": "INET_N_1209",
        "tags": {},
        "PowerPlantType": "CHP",
        "capacity_E_MW": 89.0,
        "capacity_TH_MW": 139.0,
        "year_end": null,
        "exact": 3,
        "is_H_gas": 1,
        "is_gas_fuel1": 1,
        "nuts_id_1": "HR0",
        "nuts_id_2": "HR04",
        "nuts_id_3": "HR04B",
        "year_start": 1976.0,
        "nuts3": "HR025"
      },
      "geometry": {
        "type": "Point",
        "coordinates": [
          18.7449,
          45.542
        ]
      }
    },
    {
      "type": "Feature",
      "properties": {
        "id": "INET_CS_271",
        "name": "Kerava",
        "node": "INET_N_804",
        "tags": {},
        "PowerPlantType": null,
        "capacity_E_MW": 900.3,
        "capacity_TH_MW": 0.0,
        "year_end": null,
        "exact": 3,
        "is_H_gas": 1,
        "is_gas_fuel1": 1,
        "nuts_id_1": "FI1",
        "nuts_id_2": "FI1B",
        "nuts_id_3": "FI1B1",
        "year_start": null,
        "nuts3": "FI1B1"
      },
      "geometry": {
        "type": "Point",
        "coordinates": [
          25.105,
          60.4034
        ]
      }
    },
    {
      "type": "Feature",
      "properties": {
        "id": "INET_CS_185",
        "name": "Fellside",
        "node": "N_78_S_LMGN",
        "tags": {},
        "PowerPlantType": "CHP",
        "capacity_E_MW": 409.0,
        "capacity_TH_MW": 0.0,
        "year_end": null,
        "exact": 3,
        "is_H_gas": 1,
        "is_gas_fuel1": 1,
        "nuts_id_1": "UKD",
        "nuts_id_2": "UKD1",
        "nuts_id_3": "UKD11",
        "year_start": null,
        "nuts3": "UKD11"
      },
      "geometry": {
        "type": "Point",
        "coordinates": [
          -3.47774,
          54.41522
        ]
      }
    },
    {
      "type": "Feature",
      "properties": {
        "id": "INET_CS_558",
        "name": "Tynagh",
        "node": "INET_N_1675",
        "tags": {},
        "PowerPlantType": null,
        "capacity_E_MW": 404.0,
        "capacity_TH_MW": 0.0,
        "year_end": null,
        "exact": 3,
        "is_H_gas": 1,
        "is_gas_fuel1": 1,
        "nuts_id_1": "IE0",
        "nuts_id_2": "IE04",
        "nuts_id_3": "IE042",
        "year_start": 2006.0,
        "nuts3": "IE042"
      },
      "geometry": {
        "type": "Point",
        "coordinates": [
          -8.381,
          53.1658
        ]
      }
    },
    {
      "type": "Feature",
      "properties": {
        "id": "INET_CS_192",
        "name": "Fort Dunlop",
        "node": "INET_N_544",
        "tags": {},
        "PowerPlantType": null,
        "capacity_E_MW": 1000.0,
        "capacity_TH_MW": 0.0,
        "year_end": null,
        "exact": 3,
        "is_H_gas": 1,
        "is_gas_fuel1": 1,
        "nuts_id_1": "UKG",
        "nuts_id_2": "UKG3",
        "nuts_id_3": "UKG31",
        "year_start": 1999.0,
        "nuts3": "UKG31"
      },
      "geometry": {
        "type": "Point",
        "coordinates": [
          -1.808281,
          52.509966
        ]
      }
    },
    {
      "type": "Feature",
      "properties": {
        "id": "INET_CS_163",
        "name": "Egger",
        "node": "INET_N_455",
        "tags": {},
        "PowerPlantType": null,
        "capacity_E_MW": 13.5,
        "capacity_TH_MW": 0.0,
        "year_end": null,
        "exact": 3,
        "is_H_gas": 1,
        "is_gas_fuel1": 1,
        "nuts_id_1": "DEA",
        "nuts_id_2": "DEA5",
        "nuts_id_3": "DEA57",
        "year_start": 1996.0,
        "nuts3": "DEA57"
      },
      "geometry": {
        "type": "Point",
        "coordinates": [
          8.5999,
          51.4085
        ]
      }
    },
    {
      "type": "Feature",
      "properties": {
        "id": "INET_CS_148",
        "name": "Dublin",
        "node": "INET_N_429",
        "tags": {},
        "PowerPlantType": null,
        "capacity_E_MW": 1894.0,
        "capacity_TH_MW": 0.0,
        "year_end": null,
        "exact": 3,
        "is_H_gas": 1,
        "is_gas_fuel1": 1,
        "nuts_id_1": "IE0",
        "nuts_id_2": "IE06",
        "nuts_id_3": "IE061",
        "year_start": 2002.0,
        "nuts3": "IE061"
      },
      "geometry": {
        "type": "Point",
        "coordinates": [
          -6.2049,
          53.34
        ]
      }
    },
    {
      "type": "Feature",
      "properties": {
        "id": "INET_CS_486",
        "name": "Schwerin 1",
        "node": "LKD_N_476",
        "tags": {},
        "PowerPlantType": "HKW",
        "capacity_E_MW": 67.9,
        "capacity_TH_MW": 0.0,
        "year_end": null,
        "exact": 3,
        "is_H_gas": 1,
        "is_gas_fuel1": 1,
        "nuts_id_1": "DE8",
        "nuts_id_2": "DE80",
        "nuts_id_3": "DE80O",
        "year_start": 1994.0,
        "nuts3": "DE80O"
      },
      "geometry": {
        "type": "Point",
        "coordinates": [
          11.363147,
          53.560526
        ]
      }
    },
    {
      "type": "Feature",
      "properties": {
        "id": "INET_CS_590",
        "name": "Wuerzburg",
        "node": "INET_N_1818",
        "tags": {},
        "PowerPlantType": null,
        "capacity_E_MW": 122.0,
        "capacity_TH_MW": 0.0,
        "year_end": null,
        "exact": 3,
        "is_H_gas": 1,
        "is_gas_fuel1": 1,
        "nuts_id_1": "DE2",
        "nuts_id_2": "DE26",
        "nuts_id_3": "DE263",
        "year_start": null,
        "nuts3": "DE263"
      },
      "geometry": {
        "type": "Point",
        "coordinates": [
          9.9231,
          49.8
        ]
      }
    },
    {
      "type": "Feature",
      "properties": {
        "id": "INET_CS_496",
        "name": "Shoreham",
        "node": "INET_N_1491",
        "tags": {},
        "PowerPlantType": "CCGT",
        "capacity_E_MW": 400.0,
        "capacity_TH_MW": 0.0,
        "year_end": null,
        "exact": 3,
        "is_H_gas": 1,
        "is_gas_fuel1": 1,
        "nuts_id_1": "UKJ",
        "nuts_id_2": "UKJ2",
        "nuts_id_3": "UKJ27",
        "year_start": 2000.0,
        "nuts3": "UKJ27"
      },
      "geometry": {
        "type": "Point",
        "coordinates": [
          -0.231099,
          50.829252
        ]
      }
    },
    {
      "type": "Feature",
      "properties": {
        "id": "INET_CS_176",
        "name": "Erg Petroli Spa",
        "node": "SEQ_3165_p",
        "tags": {},
        "PowerPlantType": null,
        "capacity_E_MW": 1230.0,
        "capacity_TH_MW": 0.0,
        "year_end": null,
        "exact": 3,
        "is_H_gas": 1,
        "is_gas_fuel1": 1,
        "nuts_id_1": "ITG",
        "nuts_id_2": "ITG1",
        "nuts_id_3": "ITG19",
        "year_start": null,
        "nuts3": "ITG19"
      },
      "geometry": {
        "type": "Point",
        "coordinates": [
          15.19153,
          37.11758
        ]
      }
    },
    {
      "type": "Feature",
      "properties": {
        "id": "INET_CS_204",
        "name": "Genneviliers 1",
        "node": "INET_N_578",
        "tags": {},
        "PowerPlantType": null,
        "capacity_E_MW": 203.0,
        "capacity_TH_MW": 0.0,
        "year_end": null,
        "exact": 3,
        "is_H_gas": 1,
        "is_gas_fuel1": 1,
        "nuts_id_1": "FR1",
        "nuts_id_2": "FR10",
        "nuts_id_3": "FR105",
        "year_start": null,
        "nuts3": "FR105"
      },
      "geometry": {
        "type": "Point",
        "coordinates": [
          2.3,
          48.9333
        ]
      }
    },
    {
      "type": "Feature",
      "properties": {
        "id": "INET_CS_23",
        "name": "Amsterdam",
        "node": "INET_N_62",
        "tags": {},
        "PowerPlantType": "CHP",
        "capacity_E_MW": 1205.0,
        "capacity_TH_MW": 504.0,
        "year_end": null,
        "exact": 3,
        "is_H_gas": 1,
        "is_gas_fuel1": 1,
        "nuts_id_1": "NL3",
        "nuts_id_2": "NL32",
        "nuts_id_3": "NL329",
        "year_start": 2012.0,
        "nuts3": "NL329"
      },
      "geometry": {
        "type": "Point",
        "coordinates": [
          4.8418,
          52.4063
        ]
      }
    },
    {
      "type": "Feature",
      "properties": {
        "id": "INET_CS_44",
        "name": "Baglan Bay 1",
        "node": "INET_N_120",
        "tags": {},
        "PowerPlantType": "OCGT",
        "capacity_E_MW": 557.3,
        "capacity_TH_MW": 0.0,
        "year_end": null,
        "exact": 3,
        "is_H_gas": 1,
        "is_gas_fuel1": 1,
        "nuts_id_1": "UKL",
        "nuts_id_2": "UKL1",
        "nuts_id_3": "UKL17",
        "year_start": null,
        "nuts3": "UKL17"
      },
      "geometry": {
        "type": "Point",
        "coordinates": [
          -3.7802,
          51.5924
        ]
      }
    },
    {
      "type": "Feature",
      "properties": {
        "id": "INET_CS_225",
        "name": "Hamburg",
        "node": "INET_N_643",
        "tags": {},
        "PowerPlantType": "HKW",
        "capacity_E_MW": 149.5,
        "capacity_TH_MW": 0.0,
        "year_end": null,
        "exact": 3,
        "is_H_gas": 1,
        "is_gas_fuel1": 1,
        "nuts_id_1": "DE6",
        "nuts_id_2": "DE60",
        "nuts_id_3": "DE600",
        "year_start": 1992.0,
        "nuts3": "DE600"
      },
      "geometry": {
        "type": "Point",
        "coordinates": [
          9.9508,
          53.5177
        ]
      }
    },
    {
      "type": "Feature",
      "properties": {
        "id": "INET_CS_52",
        "name": "Barking",
        "node": "INET_N_143",
        "tags": {},
        "PowerPlantType": "CCGT",
        "capacity_E_MW": 1000.0,
        "capacity_TH_MW": 0.0,
        "year_end": null,
        "exact": 3,
        "is_H_gas": 1,
        "is_gas_fuel1": 1,
        "nuts_id_1": "UKI",
        "nuts_id_2": "UKI5",
        "nuts_id_3": "UKI52",
        "year_start": 1995.0,
        "nuts3": "UKI52"
      },
      "geometry": {
        "type": "Point",
        "coordinates": [
          0.147,
          51.521
        ]
      }
    },
    {
      "type": "Feature",
      "properties": {
        "id": "INET_CS_443",
        "name": "Riga 2",
        "node": "INET_N_1358",
        "tags": {},
        "PowerPlantType": "CCGT",
        "capacity_E_MW": 863.0,
        "capacity_TH_MW": 1347.0,
        "year_end": null,
        "exact": 3,
        "is_H_gas": 1,
        "is_gas_fuel1": 1,
        "nuts_id_1": "LV0",
        "nuts_id_2": "LV00",
        "nuts_id_3": "LV007",
        "year_start": 1975.0,
        "nuts3": "LV007"
      },
      "geometry": {
        "type": "Point",
        "coordinates": [
          24.2766,
          56.918
        ]
      }
    },
    {
      "type": "Feature",
      "properties": {
        "id": "INET_CS_234",
        "name": "Herdecke",
        "node": "SEQ_11479_p",
        "tags": {},
        "PowerPlantType": null,
        "capacity_E_MW": 417.0,
        "capacity_TH_MW": 0.0,
        "year_end": null,
        "exact": 3,
        "is_H_gas": 1,
        "is_gas_fuel1": 1,
        "nuts_id_1": "DEA",
        "nuts_id_2": "DEA5",
        "nuts_id_3": "DEA53",
        "year_start": 2007.0,
        "nuts3": "DEA53"
      },
      "geometry": {
        "type": "Point",
        "coordinates": [
          7.43023,
          51.39235
        ]
      }
    },
    {
      "type": "Feature",
      "properties": {
        "id": "INET_CS_137",
        "name": "Dingolfing",
        "node": "INET_N_400",
        "tags": {},
        "PowerPlantType": null,
        "capacity_E_MW": 13.4,
        "capacity_TH_MW": 0.0,
        "year_end": null,
        "exact": 3,
        "is_H_gas": 1,
        "is_gas_fuel1": 1,
        "nuts_id_1": "DE2",
        "nuts_id_2": "DE22",
        "nuts_id_3": "DE22C",
        "year_start": 1998.0,
        "nuts3": "DE22C"
      },
      "geometry": {
        "type": "Point",
        "coordinates": [
          12.4634,
          48.6403
        ]
      }
    },
    {
      "type": "Feature",
      "properties": {
        "id": "INET_CS_406",
        "name": "Papelera Guipuzcoana",
        "node": "INET_N_1233",
        "tags": {},
        "PowerPlantType": null,
        "capacity_E_MW": 79.918,
        "capacity_TH_MW": 0.0,
        "year_end": null,
        "exact": 3,
        "is_H_gas": 1,
        "is_gas_fuel1": 1,
        "nuts_id_1": "ES2",
        "nuts_id_2": "ES21",
        "nuts_id_3": "ES212",
        "year_start": null,
        "nuts3": "ES212"
      },
      "geometry": {
        "type": "Point",
        "coordinates": [
          -1.9688,
          43.2596
        ]
      }
    },
    {
      "type": "Feature",
      "properties": {
        "id": "INET_CS_299",
        "name": "Lachendorf",
        "node": "INET_N_904",
        "tags": {},
        "PowerPlantType": null,
        "capacity_E_MW": 13.0,
        "capacity_TH_MW": 0.0,
        "year_end": null,
        "exact": 3,
        "is_H_gas": 1,
        "is_gas_fuel1": 1,
        "nuts_id_1": "DE9",
        "nuts_id_2": "DE93",
        "nuts_id_3": "DE931",
        "year_start": 2000.0,
        "nuts3": "DE931"
      },
      "geometry": {
        "type": "Point",
        "coordinates": [
          10.2457,
          52.6235
        ]
      }
    },
    {
      "type": "Feature",
      "properties": {
        "id": "INET_CS_99",
        "name": "Castropo-Rauxel",
        "node": "LKD_N_12",
        "tags": {},
        "PowerPlantType": null,
        "capacity_E_MW": 150.1,
        "capacity_TH_MW": 0.0,
        "year_end": null,
        "exact": 3,
        "is_H_gas": 1,
        "is_gas_fuel1": 1,
        "nuts_id_1": "DEA",
        "nuts_id_2": "DEA3",
        "nuts_id_3": "DEA36",
        "year_start": 1991.0,
        "nuts3": "DEA36"
      },
      "geometry": {
        "type": "Point",
        "coordinates": [
          7.293203,
          51.549406
        ]
      }
    },
    {
      "type": "Feature",
      "properties": {
        "id": "INET_CS_525",
        "name": "Swentibold",
        "node": "INET_N_1586",
        "tags": {},
        "PowerPlantType": "CHP",
        "capacity_E_MW": 231.0,
        "capacity_TH_MW": 0.0,
        "year_end": null,
        "exact": 3,
        "is_H_gas": 1,
        "is_gas_fuel1": 1,
        "nuts_id_1": "NL4",
        "nuts_id_2": "NL42",
        "nuts_id_3": "NL423",
        "year_start": 1999.0,
        "nuts3": "NL423"
      },
      "geometry": {
        "type": "Point",
        "coordinates": [
          5.7911,
          50.9721
        ]
      }
    },
    {
      "type": "Feature",
      "properties": {
        "id": "INET_CS_568",
        "name": "Victoria-Gasteiz",
        "node": "INET_N_1742",
        "tags": {},
        "PowerPlantType": null,
        "capacity_E_MW": 47.0,
        "capacity_TH_MW": 0.0,
        "year_end": null,
        "exact": 3,
        "is_H_gas": 1,
        "is_gas_fuel1": 1,
        "nuts_id_1": "ES2",
        "nuts_id_2": "ES21",
        "nuts_id_3": "ES211",
        "year_start": null,
        "nuts3": "ES211"
      },
      "geometry": {
        "type": "Point",
        "coordinates": [
          -2.6667,
          42.85
        ]
      }
    },
    {
      "type": "Feature",
      "properties": {
        "id": "INET_CS_75",
        "name": "Brazi 1",
        "node": "INET_N_234",
        "tags": {},
        "PowerPlantType": "CCGT",
        "capacity_E_MW": 1080.0,
        "capacity_TH_MW": 0.0,
        "year_end": null,
        "exact": 3,
        "is_H_gas": 1,
        "is_gas_fuel1": 1,
        "nuts_id_1": "RO3",
        "nuts_id_2": "RO31",
        "nuts_id_3": "RO316",
        "year_start": 2012.0,
        "nuts3": "RO316"
      },
      "geometry": {
        "type": "Point",
        "coordinates": [
          25.9988,
          44.8802
        ]
      }
    },
    {
      "type": "Feature",
      "properties": {
        "id": "INET_CS_170",
        "name": "Emsland",
        "node": "SEQ_12204_p",
        "tags": {},
        "PowerPlantType": null,
        "capacity_E_MW": 1806.0,
        "capacity_TH_MW": 74.0,
        "year_end": null,
        "exact": 1,
        "is_H_gas": 1,
        "is_gas_fuel1": 1,
        "nuts_id_1": "DE9",
        "nuts_id_2": "DE94",
        "nuts_id_3": "DE94B",
        "year_start": 2010.0,
        "nuts3": "DE94B"
      },
      "geometry": {
        "type": "Point",
        "coordinates": [
          7.266417,
          52.475518
        ]
      }
    },
    {
      "type": "Feature",
      "properties": {
        "id": "INET_CS_0",
        "name": "Aalst 1",
        "node": "INET_N_1",
        "tags": {},
        "PowerPlantType": null,
        "capacity_E_MW": 48.0,
        "capacity_TH_MW": 0.0,
        "year_end": null,
        "exact": 3,
        "is_H_gas": 1,
        "is_gas_fuel1": 1,
        "nuts_id_1": "BE2",
        "nuts_id_2": "BE23",
        "nuts_id_3": "BE231",
        "year_start": null,
        "nuts3": "BE231"
      },
      "geometry": {
        "type": "Point",
        "coordinates": [
          4.0355,
          50.936
        ]
      }
    },
    {
      "type": "Feature",
      "properties": {
        "id": "INET_CS_130",
        "name": "Derwent",
        "node": "INET_N_386",
        "tags": {},
        "PowerPlantType": "CHP",
        "capacity_E_MW": 236.0,
        "capacity_TH_MW": 0.0,
        "year_end": null,
        "exact": 3,
        "is_H_gas": 1,
        "is_gas_fuel1": 1,
        "nuts_id_1": "UKF",
        "nuts_id_2": "UKF1",
        "nuts_id_3": "UKF11",
        "year_start": 1995.0,
        "nuts3": "UKF11"
      },
      "geometry": {
        "type": "Point",
        "coordinates": [
          -1.414278,
          52.911005
        ]
      }
    },
    {
      "type": "Feature",
      "properties": {
        "id": "INET_CS_426",
        "name": "Potsdam",
        "node": "INET_N_1300",
        "tags": {},
        "PowerPlantType": "HKW",
        "capacity_E_MW": 81.8,
        "capacity_TH_MW": 0.0,
        "year_end": null,
        "exact": 3,
        "is_H_gas": 1,
        "is_gas_fuel1": 1,
        "nuts_id_1": "DE4",
        "nuts_id_2": "DE40",
        "nuts_id_3": "DE404",
        "year_start": 1996.0,
        "nuts3": "DE404"
      },
      "geometry": {
        "type": "Point",
        "coordinates": [
          13.1125,
          52.3661
        ]
      }
    },
    {
      "type": "Feature",
      "properties": {
        "id": "INET_CS_177",
        "name": "Erlangen",
        "node": "INET_N_501",
        "tags": {},
        "PowerPlantType": null,
        "capacity_E_MW": 28.5,
        "capacity_TH_MW": 0.0,
        "year_end": null,
        "exact": 3,
        "is_H_gas": 1,
        "is_gas_fuel1": 1,
        "nuts_id_1": "DE2",
        "nuts_id_2": "DE25",
        "nuts_id_3": "DE252",
        "year_start": null,
        "nuts3": "DE252"
      },
      "geometry": {
        "type": "Point",
        "coordinates": [
          11.0016,
          49.593
        ]
      }
    },
    {
      "type": "Feature",
      "properties": {
        "id": "INET_CS_556",
        "name": "Tunes",
        "node": "INET_N_1667",
        "tags": {},
        "PowerPlantType": "OCGT",
        "capacity_E_MW": 197.0,
        "capacity_TH_MW": 0.0,
        "year_end": null,
        "exact": 3,
        "is_H_gas": 1,
        "is_gas_fuel1": 1,
        "nuts_id_1": "PT1",
        "nuts_id_2": "PT15",
        "nuts_id_3": "PT150",
        "year_start": 1973.0,
        "nuts3": "PT150"
      },
      "geometry": {
        "type": "Point",
        "coordinates": [
          -8.2647,
          37.1642
        ]
      }
    },
    {
      "type": "Feature",
      "properties": {
        "id": "INET_CS_464",
        "name": "Saint-Ghislain",
        "node": "INET_N_1414",
        "tags": {},
        "PowerPlantType": null,
        "capacity_E_MW": 350.0,
        "capacity_TH_MW": 0.0,
        "year_end": null,
        "exact": 3,
        "is_H_gas": 1,
        "is_gas_fuel1": 1,
        "nuts_id_1": "BE3",
        "nuts_id_2": "BE32",
        "nuts_id_3": "BE323",
        "year_start": 2000.0,
        "nuts3": "BE323"
      },
      "geometry": {
        "type": "Point",
        "coordinates": [
          3.8248,
          50.4719
        ]
      }
    },
    {
      "type": "Feature",
      "properties": {
        "id": "INET_CS_321",
        "name": "Levice",
        "node": "INET_N_950",
        "tags": {},
        "PowerPlantType": "CCGT",
        "capacity_E_MW": 80.0,
        "capacity_TH_MW": 32.0,
        "year_end": null,
        "exact": 3,
        "is_H_gas": 1,
        "is_gas_fuel1": 1,
        "nuts_id_1": "SK0",
        "nuts_id_2": "SK02",
        "nuts_id_3": "SK023",
        "year_start": 2007.0,
        "nuts3": "SK023"
      },
      "geometry": {
        "type": "Point",
        "coordinates": [
          18.597,
          48.2022
        ]
      }
    },
    {
      "type": "Feature",
      "properties": {
        "id": "INET_CS_458",
        "name": "Rya",
        "node": "INET_N_1402",
        "tags": {},
        "PowerPlantType": null,
        "capacity_E_MW": 261.0,
        "capacity_TH_MW": 0.0,
        "year_end": null,
        "exact": 3,
        "is_H_gas": 1,
        "is_gas_fuel1": 1,
        "nuts_id_1": "SE2",
        "nuts_id_2": "SE23",
        "nuts_id_3": "SE232",
        "year_start": 2006.0,
        "nuts3": "SE232"
      },
      "geometry": {
        "type": "Point",
        "coordinates": [
          11.8905,
          57.6924
        ]
      }
    },
    {
      "type": "Feature",
      "properties": {
        "id": "INET_CS_507",
        "name": "Sniace",
        "node": "INET_N_1519",
        "tags": {},
        "PowerPlantType": null,
        "capacity_E_MW": 93.0,
        "capacity_TH_MW": 0.0,
        "year_end": null,
        "exact": 3,
        "is_H_gas": 1,
        "is_gas_fuel1": 1,
        "nuts_id_1": "ES1",
        "nuts_id_2": "ES11",
        "nuts_id_3": "ES113",
        "year_start": null,
        "nuts3": "ES113"
      },
      "geometry": {
        "type": "Point",
        "coordinates": [
          -8.0086,
          42.5273
        ]
      }
    },
    {
      "type": "Feature",
      "properties": {
        "id": "INET_CS_249",
        "name": "Ijmond",
        "node": "INET_N_714",
        "tags": {},
        "PowerPlantType": "CHP",
        "capacity_E_MW": 144.0,
        "capacity_TH_MW": 105.0,
        "year_end": null,
        "exact": 3,
        "is_H_gas": 1,
        "is_gas_fuel1": 1,
        "nuts_id_1": "NL3",
        "nuts_id_2": "NL32",
        "nuts_id_3": "NL323",
        "year_start": 1997.0,
        "nuts3": "NL323"
      },
      "geometry": {
        "type": "Point",
        "coordinates": [
          4.6048,
          52.4758
        ]
      }
    },
    {
      "type": "Feature",
      "properties": {
        "id": "INET_CS_113",
        "name": "Corby",
        "node": "INET_N_342",
        "tags": {},
        "PowerPlantType": null,
        "capacity_E_MW": 401.0,
        "capacity_TH_MW": 0.0,
        "year_end": null,
        "exact": 3,
        "is_H_gas": 1,
        "is_gas_fuel1": 1,
        "nuts_id_1": "UKF",
        "nuts_id_2": "UKF2",
        "nuts_id_3": "UKF25",
        "year_start": 1994.0,
        "nuts3": "UKF25"
      },
      "geometry": {
        "type": "Point",
        "coordinates": [
          -0.6814,
          52.5104
        ]
      }
    },
    {
      "type": "Feature",
      "properties": {
        "id": "INET_CS_513",
        "name": "Stade 1",
        "node": "LKD_N_181",
        "tags": {},
        "PowerPlantType": null,
        "capacity_E_MW": 203.7,
        "capacity_TH_MW": 0.0,
        "year_end": null,
        "exact": 3,
        "is_H_gas": 1,
        "is_gas_fuel1": 1,
        "nuts_id_1": "DE9",
        "nuts_id_2": "DE93",
        "nuts_id_3": "DE939",
        "year_start": 2014.0,
        "nuts3": "DE939"
      },
      "geometry": {
        "type": "Point",
        "coordinates": [
          9.463833,
          53.657411
        ]
      }
    },
    {
      "type": "Feature",
      "properties": {
        "id": "INET_CS_20",
        "name": "Amercoeur 1",
        "node": "INET_N_58",
        "tags": {},
        "PowerPlantType": null,
        "capacity_E_MW": 1281.0,
        "capacity_TH_MW": 0.0,
        "year_end": null,
        "exact": 3,
        "is_H_gas": 1,
        "is_gas_fuel1": 1,
        "nuts_id_1": "BE3",
        "nuts_id_2": "BE32",
        "nuts_id_3": "BE322",
        "year_start": 2010.0,
        "nuts3": "BE32B"
      },
      "geometry": {
        "type": "Point",
        "coordinates": [
          4.3955,
          50.4304
        ]
      }
    },
    {
      "type": "Feature",
      "properties": {
        "id": "INET_CS_228",
        "name": "Hannover 1",
        "node": "SEQ_11456_p",
        "tags": {},
        "PowerPlantType": null,
        "capacity_E_MW": 351.0,
        "capacity_TH_MW": 0.0,
        "year_end": null,
        "exact": 3,
        "is_H_gas": 1,
        "is_gas_fuel1": 1,
        "nuts_id_1": "DE9",
        "nuts_id_2": "DE92",
        "nuts_id_3": "DE929",
        "year_start": 1975.0,
        "nuts3": "DE929"
      },
      "geometry": {
        "type": "Point",
        "coordinates": [
          9.734964,
          52.369132
        ]
      }
    },
    {
      "type": "Feature",
      "properties": {
        "id": "INET_CS_289",
        "name": "Koeln",
        "node": "LKD_N_297",
        "tags": {},
        "PowerPlantType": null,
        "capacity_E_MW": 587.3,
        "capacity_TH_MW": 0.0,
        "year_end": null,
        "exact": 3,
        "is_H_gas": 1,
        "is_gas_fuel1": 1,
        "nuts_id_1": "DEA",
        "nuts_id_2": "DEA2",
        "nuts_id_3": "DEA23",
        "year_start": 1994.0,
        "nuts3": "DEA23"
      },
      "geometry": {
        "type": "Point",
        "coordinates": [
          6.945082,
          50.914963
        ]
      }
    },
    {
      "type": "Feature",
      "properties": {
        "id": "INET_CS_414",
        "name": "Peterhead",
        "node": "INET_N_1254",
        "tags": {},
        "PowerPlantType": "CCGT",
        "capacity_E_MW": 1070.0,
        "capacity_TH_MW": 0.0,
        "year_end": null,
        "exact": 3,
        "is_H_gas": 1,
        "is_gas_fuel1": 1,
        "nuts_id_1": "UKM",
        "nuts_id_2": "UKM5",
        "nuts_id_3": "UKM50",
        "year_start": null,
        "nuts3": "UKM50"
      },
      "geometry": {
        "type": "Point",
        "coordinates": [
          -1.788879,
          57.477213
        ]
      }
    },
    {
      "type": "Feature",
      "properties": {
        "id": "INET_CS_398",
        "name": "Oberhausen",
        "node": "LKD_N_14",
        "tags": {},
        "PowerPlantType": "HKW",
        "capacity_E_MW": 24.5,
        "capacity_TH_MW": 0.0,
        "year_end": null,
        "exact": 3,
        "is_H_gas": 1,
        "is_gas_fuel1": 1,
        "nuts_id_1": "DEA",
        "nuts_id_2": "DEA1",
        "nuts_id_3": "DEA17",
        "year_start": 1995.0,
        "nuts3": "DEA17"
      },
      "geometry": {
        "type": "Point",
        "coordinates": [
          6.837924,
          51.45992
        ]
      }
    },
    {
      "type": "Feature",
      "properties": {
        "id": "INET_CS_416",
        "name": "Pforzheim",
        "node": "INET_N_1258",
        "tags": {},
        "PowerPlantType": null,
        "capacity_E_MW": 52.5,
        "capacity_TH_MW": 0.0,
        "year_end": null,
        "exact": 3,
        "is_H_gas": 1,
        "is_gas_fuel1": 1,
        "nuts_id_1": "DE1",
        "nuts_id_2": "DE12",
        "nuts_id_3": "DE129",
        "year_start": 1969.0,
        "nuts3": "DE129"
      },
      "geometry": {
        "type": "Point",
        "coordinates": [
          8.6653,
          48.8832
        ]
      }
    },
    {
      "type": "Feature",
      "properties": {
        "id": "INET_CS_14",
        "name": "Alpiq Csepel",
        "node": "INET_N_44",
        "tags": {},
        "PowerPlantType": null,
        "capacity_E_MW": 1333.2,
        "capacity_TH_MW": 1143.0,
        "year_end": null,
        "exact": 3,
        "is_H_gas": 1,
        "is_gas_fuel1": 1,
        "nuts_id_1": "HU1",
        "nuts_id_2": "HU11",
        "nuts_id_3": "HU110",
        "year_start": null,
        "nuts3": "HU110"
      },
      "geometry": {
        "type": "Point",
        "coordinates": [
          19.0525,
          47.428
        ]
      }
    },
    {
      "type": "Feature",
      "properties": {
        "id": "INET_CS_508",
        "name": "Son Reus 3",
        "node": "INET_N_1525",
        "tags": {},
        "PowerPlantType": "CCGT",
        "capacity_E_MW": 1061.5,
        "capacity_TH_MW": 0.0,
        "year_end": null,
        "exact": 3,
        "is_H_gas": 1,
        "is_gas_fuel1": 1,
        "nuts_id_1": "ES5",
        "nuts_id_2": "ES53",
        "nuts_id_3": "ES532",
        "year_start": 2000.0,
        "nuts3": "ES532"
      },
      "geometry": {
        "type": "Point",
        "coordinates": [
          2.6807,
          39.65
        ]
      }
    },
    {
      "type": "Feature",
      "properties": {
        "id": "INET_CS_346",
        "name": "Marienehe",
        "node": "LKD_N_483",
        "tags": {},
        "PowerPlantType": null,
        "capacity_E_MW": 108.0,
        "capacity_TH_MW": 0.0,
        "year_end": null,
        "exact": 3,
        "is_H_gas": 1,
        "is_gas_fuel1": 1,
        "nuts_id_1": "DE8",
        "nuts_id_2": "DE80",
        "nuts_id_3": "DE803",
        "year_start": 1996.0,
        "nuts3": "DE803"
      },
      "geometry": {
        "type": "Point",
        "coordinates": [
          12.101503,
          54.120508
        ]
      }
    },
    {
      "type": "Feature",
      "properties": {
        "id": "INET_CS_200",
        "name": "Galati",
        "node": "INET_N_563",
        "tags": {},
        "PowerPlantType": null,
        "capacity_E_MW": 346.0,
        "capacity_TH_MW": 0.0,
        "year_end": null,
        "exact": 3,
        "is_H_gas": 1,
        "is_gas_fuel1": 1,
        "nuts_id_1": "RO2",
        "nuts_id_2": "RO22",
        "nuts_id_3": "RO224",
        "year_start": null,
        "nuts3": "RO224"
      },
      "geometry": {
        "type": "Point",
        "coordinates": [
          27.9814,
          45.436
        ]
      }
    },
    {
      "type": "Feature",
      "properties": {
        "id": "INET_CS_189",
        "name": "Fertimolina",
        "node": "INET_N_531",
        "tags": {},
        "PowerPlantType": null,
        "capacity_E_MW": 10.0,
        "capacity_TH_MW": 0.0,
        "year_end": null,
        "exact": 3,
        "is_H_gas": 1,
        "is_gas_fuel1": 1,
        "nuts_id_1": "ES4",
        "nuts_id_2": "ES42",
        "nuts_id_3": "ES424",
        "year_start": 2000.0,
        "nuts3": "ES424"
      },
      "geometry": {
        "type": "Point",
        "coordinates": [
          -1.8876,
          40.8436
        ]
      }
    },
    {
      "type": "Feature",
      "properties": {
        "id": "INET_CS_504",
        "name": "Skaerbaek",
        "node": "INET_N_1508",
        "tags": {},
        "PowerPlantType": "CHP",
        "capacity_E_MW": 392.0,
        "capacity_TH_MW": 444.0,
        "year_end": null,
        "exact": 3,
        "is_H_gas": 1,
        "is_gas_fuel1": 1,
        "nuts_id_1": "DK0",
        "nuts_id_2": "DK03",
        "nuts_id_3": "DK032",
        "year_start": 1997.0,
        "nuts3": "DK032"
      },
      "geometry": {
        "type": "Point",
        "coordinates": [
          9.6148,
          55.5118
        ]
      }
    },
    {
      "type": "Feature",
      "properties": {
        "id": "INET_CS_79",
        "name": "Brindisi 2",
        "node": "INET_N_245",
        "tags": {},
        "PowerPlantType": "CCGT",
        "capacity_E_MW": 1321.0,
        "capacity_TH_MW": 0.0,
        "year_end": null,
        "exact": 3,
        "is_H_gas": 1,
        "is_gas_fuel1": 1,
        "nuts_id_1": "ITF",
        "nuts_id_2": "ITF4",
        "nuts_id_3": "ITF44",
        "year_start": 2005.0,
        "nuts3": "ITF44"
      },
      "geometry": {
        "type": "Point",
        "coordinates": [
          18.0033,
          40.6293
        ]
      }
    },
    {
      "type": "Feature",
      "properties": {
        "id": "INET_CS_239",
        "name": "Hillegossen",
        "node": "SEQ_11459_p",
        "tags": {},
        "PowerPlantType": null,
        "capacity_E_MW": 37.5,
        "capacity_TH_MW": 0.0,
        "year_end": null,
        "exact": 3,
        "is_H_gas": 1,
        "is_gas_fuel1": 1,
        "nuts_id_1": "DEA",
        "nuts_id_2": "DEA4",
        "nuts_id_3": "DEA41",
        "year_start": 2005.0,
        "nuts3": "DEA41"
      },
      "geometry": {
        "type": "Point",
        "coordinates": [
          8.509537,
          52.050319
        ]
      }
    },
    {
      "type": "Feature",
      "properties": {
        "id": "INET_CS_420",
        "name": "Plattling",
        "node": "INET_N_1269",
        "tags": {},
        "PowerPlantType": null,
        "capacity_E_MW": 97.9,
        "capacity_TH_MW": 0.0,
        "year_end": null,
        "exact": 3,
        "is_H_gas": 1,
        "is_gas_fuel1": 1,
        "nuts_id_1": "DE2",
        "nuts_id_2": "DE22",
        "nuts_id_3": "DE224",
        "year_start": 2010.0,
        "nuts3": "DE224"
      },
      "geometry": {
        "type": "Point",
        "coordinates": [
          12.8825,
          48.7874
        ]
      }
    },
    {
      "type": "Feature",
      "properties": {
        "id": "INET_CS_460",
        "name": "Rzeszow",
        "node": "INET_N_1406",
        "tags": {},
        "PowerPlantType": null,
        "capacity_E_MW": 101.0,
        "capacity_TH_MW": 0.0,
        "year_end": null,
        "exact": 3,
        "is_H_gas": 1,
        "is_gas_fuel1": 1,
        "nuts_id_1": "PL8",
        "nuts_id_2": "PL82",
        "nuts_id_3": "PL823",
        "year_start": null,
        "nuts3": "PL823"
      },
      "geometry": {
        "type": "Point",
        "coordinates": [
          22.0285,
          50.0658
        ]
      }
    },
    {
      "type": "Feature",
      "properties": {
        "id": "INET_CS_503",
        "name": "Sines",
        "node": "N_80_M_LMGN",
        "tags": {},
        "PowerPlantType": "OCGT",
        "capacity_E_MW": 82.0,
        "capacity_TH_MW": 0.0,
        "year_end": null,
        "exact": 3,
        "is_H_gas": 1,
        "is_gas_fuel1": 1,
        "nuts_id_1": "PT1",
        "nuts_id_2": "PT18",
        "nuts_id_3": "PT181",
        "year_start": 2009.0,
        "nuts3": "PT181"
      },
      "geometry": {
        "type": "Point",
        "coordinates": [
          -8.79009,
          37.94417
        ]
      }
    },
    {
      "type": "Feature",
      "properties": {
        "id": "INET_CS_365",
        "name": "Moerdijk 1",
        "node": "SEQ_1157_p",
        "tags": {},
        "PowerPlantType": "CHP",
        "capacity_E_MW": 769.0,
        "capacity_TH_MW": 0.0,
        "year_end": null,
        "exact": 3,
        "is_H_gas": 1,
        "is_gas_fuel1": 1,
        "nuts_id_1": "NL4",
        "nuts_id_2": "NL41",
        "nuts_id_3": "NL411",
        "year_start": 1997.0,
        "nuts3": "NL411"
      },
      "geometry": {
        "type": "Point",
        "coordinates": [
          4.54621,
          51.6919
        ]
      }
    },
    {
      "type": "Feature",
      "properties": {
        "id": "INET_CS_477",
        "name": "Santa Barbara",
        "node": "INET_N_1444",
        "tags": {},
        "PowerPlantType": null,
        "capacity_E_MW": 390.0,
        "capacity_TH_MW": 0.0,
        "year_end": null,
        "exact": 3,
        "is_H_gas": 1,
        "is_gas_fuel1": 1,
        "nuts_id_1": "ITI",
        "nuts_id_2": "ITI1",
        "nuts_id_3": "ITI18",
        "year_start": 2006.0,
        "nuts3": "ITI18"
      },
      "geometry": {
        "type": "Point",
        "coordinates": [
          11.4777,
          43.565
        ]
      }
    },
    {
      "type": "Feature",
      "properties": {
        "id": "INET_CS_328",
        "name": "Livorno Ferraris",
        "node": "INET_N_968",
        "tags": {},
        "PowerPlantType": "CCGT",
        "capacity_E_MW": 850.0,
        "capacity_TH_MW": 35.0,
        "year_end": null,
        "exact": 3,
        "is_H_gas": 1,
        "is_gas_fuel1": 1,
        "nuts_id_1": "ITC",
        "nuts_id_2": "ITC1",
        "nuts_id_3": "ITC12",
        "year_start": 2008.0,
        "nuts3": "ITC12"
      },
      "geometry": {
        "type": "Point",
        "coordinates": [
          8.1932,
          45.23723
        ]
      }
    },
    {
      "type": "Feature",
      "properties": {
        "id": "INET_CS_83",
        "name": "Bucharest-Progresu",
        "node": "INET_N_257",
        "tags": {},
        "PowerPlantType": null,
        "capacity_E_MW": 778.0,
        "capacity_TH_MW": 0.0,
        "year_end": null,
        "exact": 3,
        "is_H_gas": 1,
        "is_gas_fuel1": 1,
        "nuts_id_1": "RO3",
        "nuts_id_2": "RO31",
        "nuts_id_3": "RO321",
        "year_start": 1987.0,
        "nuts3": "RO321"
      },
      "geometry": {
        "type": "Point",
        "coordinates": [
          26.1073,
          44.372
        ]
      }
    },
    {
      "type": "Feature",
      "properties": {
        "id": "INET_CS_53",
        "name": "Barmen",
        "node": "INET_N_144",
        "tags": {},
        "PowerPlantType": "HKW",
        "capacity_E_MW": 82.0,
        "capacity_TH_MW": 0.0,
        "year_end": null,
        "exact": 3,
        "is_H_gas": 1,
        "is_gas_fuel1": 1,
        "nuts_id_1": "DEA",
        "nuts_id_2": "DEA1",
        "nuts_id_3": "DEA1A",
        "year_start": 2005.0,
        "nuts3": "DEA1A"
      },
      "geometry": {
        "type": "Point",
        "coordinates": [
          7.2003,
          51.2689
        ]
      }
    },
    {
      "type": "Feature",
      "properties": {
        "id": "INET_CS_248",
        "name": "Ibbenbueren",
        "node": "INET_N_709",
        "tags": {},
        "PowerPlantType": null,
        "capacity_E_MW": 33.4,
        "capacity_TH_MW": 0.0,
        "year_end": null,
        "exact": 3,
        "is_H_gas": 1,
        "is_gas_fuel1": 1,
        "nuts_id_1": "DEA",
        "nuts_id_2": "DEA3",
        "nuts_id_3": "DEA37",
        "year_start": 1985.0,
        "nuts3": "DEA37"
      },
      "geometry": {
        "type": "Point",
        "coordinates": [
          7.7461,
          52.2859
        ]
      }
    },
    {
      "type": "Feature",
      "properties": {
        "id": "INET_CS_123",
        "name": "Damhead Creek",
        "node": "INET_N_369",
        "tags": {},
        "PowerPlantType": null,
        "capacity_E_MW": 1561.0,
        "capacity_TH_MW": 0.0,
        "year_end": null,
        "exact": 3,
        "is_H_gas": 1,
        "is_gas_fuel1": 1,
        "nuts_id_1": "UKJ",
        "nuts_id_2": "UKJ4",
        "nuts_id_3": "UKJ41",
        "year_start": 2001.0,
        "nuts3": "UKJ41"
      },
      "geometry": {
        "type": "Point",
        "coordinates": [
          0.6014,
          51.4249
        ]
      }
    },
    {
      "type": "Feature",
      "properties": {
        "id": "INET_CS_383",
        "name": "Napoli",
        "node": "INET_N_1123",
        "tags": {},
        "PowerPlantType": null,
        "capacity_E_MW": 400.0,
        "capacity_TH_MW": 0.0,
        "year_end": null,
        "exact": 3,
        "is_H_gas": 1,
        "is_gas_fuel1": 1,
        "nuts_id_1": "ITF",
        "nuts_id_2": "ITF3",
        "nuts_id_3": "ITF33",
        "year_start": 2008.0,
        "nuts3": "ITF33"
      },
      "geometry": {
        "type": "Point",
        "coordinates": [
          14.3006,
          40.8339
        ]
      }
    },
    {
      "type": "Feature",
      "properties": {
        "id": "INET_CS_267",
        "name": "Kassel",
        "node": "INET_N_793",
        "tags": {},
        "PowerPlantType": "HKW",
        "capacity_E_MW": 50.0,
        "capacity_TH_MW": 0.0,
        "year_end": null,
        "exact": 3,
        "is_H_gas": 1,
        "is_gas_fuel1": 1,
        "nuts_id_1": "DE7",
        "nuts_id_2": "DE73",
        "nuts_id_3": "DE731",
        "year_start": 1987.0,
        "nuts3": "DE731"
      },
      "geometry": {
        "type": "Point",
        "coordinates": [
          9.484,
          51.2791
        ]
      }
    },
    {
      "type": "Feature",
      "properties": {
        "id": "INET_CS_173",
        "name": "Eni Mantova",
        "node": "INET_N_484",
        "tags": {},
        "PowerPlantType": "CCGT",
        "capacity_E_MW": 3377.0,
        "capacity_TH_MW": 0.0,
        "year_end": null,
        "exact": 3,
        "is_H_gas": 1,
        "is_gas_fuel1": 1,
        "nuts_id_1": "ITC",
        "nuts_id_2": "ITC4",
        "nuts_id_3": "ITC4B",
        "year_start": 2005.0,
        "nuts3": "ITC4B"
      },
      "geometry": {
        "type": "Point",
        "coordinates": [
          10.835,
          45.1492
        ]
      }
    },
    {
      "type": "Feature",
      "properties": {
        "id": "INET_CS_70",
        "name": "Braila",
        "node": "INET_N_225",
        "tags": {},
        "PowerPlantType": null,
        "capacity_E_MW": 413.0,
        "capacity_TH_MW": 0.0,
        "year_end": null,
        "exact": 3,
        "is_H_gas": 1,
        "is_gas_fuel1": 1,
        "nuts_id_1": "RO2",
        "nuts_id_2": "RO22",
        "nuts_id_3": "RO221",
        "year_start": null,
        "nuts3": "RO221"
      },
      "geometry": {
        "type": "Point",
        "coordinates": [
          27.9235,
          45.166
        ]
      }
    },
    {
      "type": "Feature",
      "properties": {
        "id": "INET_CS_517",
        "name": "Steinitz 1",
        "node": "LKD_N_461",
        "tags": {},
        "PowerPlantType": null,
        "capacity_E_MW": 11.4,
        "capacity_TH_MW": 0.0,
        "year_end": null,
        "exact": 1,
        "is_H_gas": 1,
        "is_gas_fuel1": 1,
        "nuts_id_1": "DEE",
        "nuts_id_2": "DEE0",
        "nuts_id_3": "DEE04",
        "year_start": 1995.0,
        "nuts3": "DEE04"
      },
      "geometry": {
        "type": "Point",
        "coordinates": [
          11.084801,
          52.844539
        ]
      }
    },
    {
      "type": "Feature",
      "properties": {
        "id": "INET_CS_371",
        "name": "Montril",
        "node": "N_667_S_LMGN",
        "tags": {},
        "PowerPlantType": null,
        "capacity_E_MW": 48.8,
        "capacity_TH_MW": 0.0,
        "year_end": null,
        "exact": 3,
        "is_H_gas": 1,
        "is_gas_fuel1": 1,
        "nuts_id_1": "ES6",
        "nuts_id_2": "ES61",
        "nuts_id_3": "ES614",
        "year_start": 2001.0,
        "nuts3": "ES614"
      },
      "geometry": {
        "type": "Point",
        "coordinates": [
          -3.53854,
          36.73563
        ]
      }
    },
    {
      "type": "Feature",
      "properties": {
        "id": "INET_CS_118",
        "name": "Cowes",
        "node": "INET_N_352",
        "tags": {},
        "PowerPlantType": null,
        "capacity_E_MW": 140.0,
        "capacity_TH_MW": 0.0,
        "year_end": null,
        "exact": 3,
        "is_H_gas": 1,
        "is_gas_fuel1": 1,
        "nuts_id_1": "UKJ",
        "nuts_id_2": "UKJ3",
        "nuts_id_3": "UKJ34",
        "year_start": null,
        "nuts3": "UKJ34"
      },
      "geometry": {
        "type": "Point",
        "coordinates": [
          -1.2862,
          50.7469
        ]
      }
    },
    {
      "type": "Feature",
      "properties": {
        "id": "INET_CS_495",
        "name": "Sevilla 1",
        "node": "SEQ_840_p",
        "tags": {},
        "PowerPlantType": null,
        "capacity_E_MW": 18.0,
        "capacity_TH_MW": 0.0,
        "year_end": null,
        "exact": 3,
        "is_H_gas": 1,
        "is_gas_fuel1": 1,
        "nuts_id_1": "ES6",
        "nuts_id_2": "ES61",
        "nuts_id_3": "ES618",
        "year_start": null,
        "nuts3": "ES618"
      },
      "geometry": {
        "type": "Point",
        "coordinates": [
          -5.09461,
          37.55833
        ]
      }
    },
    {
      "type": "Feature",
      "properties": {
        "id": "INET_CS_158",
        "name": "Dunamenti 1",
        "node": "INET_N_441",
        "tags": {},
        "PowerPlantType": null,
        "capacity_E_MW": 2130.7,
        "capacity_TH_MW": 1000.0,
        "year_end": null,
        "exact": 3,
        "is_H_gas": 1,
        "is_gas_fuel1": 1,
        "nuts_id_1": "HU1",
        "nuts_id_2": "HU12",
        "nuts_id_3": "HU120",
        "year_start": null,
        "nuts3": "HU120"
      },
      "geometry": {
        "type": "Point",
        "coordinates": [
          18.9169,
          47.3283
        ]
      }
    },
    {
      "type": "Feature",
      "properties": {
        "id": "INET_CS_191",
        "name": "Finsa-Santiago",
        "node": "INET_N_535",
        "tags": {},
        "PowerPlantType": null,
        "capacity_E_MW": 1285.96,
        "capacity_TH_MW": 0.0,
        "year_end": null,
        "exact": 3,
        "is_H_gas": 1,
        "is_gas_fuel1": 1,
        "nuts_id_1": "ES1",
        "nuts_id_2": "ES11",
        "nuts_id_3": "ES111",
        "year_start": 2002.0,
        "nuts3": "ES111"
      },
      "geometry": {
        "type": "Point",
        "coordinates": [
          -8.5457,
          42.8805
        ]
      }
    },
    {
      "type": "Feature",
      "properties": {
        "id": "INET_CS_431",
        "name": "Puerte de Barcelona",
        "node": "SEQ_3038_p",
        "tags": {},
        "PowerPlantType": null,
        "capacity_E_MW": 2528.0,
        "capacity_TH_MW": 0.0,
        "year_end": null,
        "exact": 3,
        "is_H_gas": 1,
        "is_gas_fuel1": 1,
        "nuts_id_1": "ES5",
        "nuts_id_2": "ES51",
        "nuts_id_3": "ES511",
        "year_start": 2010.0,
        "nuts3": null
      },
      "geometry": {
        "type": "Point",
        "coordinates": [
          2.15645,
          41.31939
        ]
      }
    },
    {
      "type": "Feature",
      "properties": {
        "id": "INET_CS_307",
        "name": "Larino",
        "node": "INET_N_920",
        "tags": {},
        "PowerPlantType": null,
        "capacity_E_MW": 1119.0,
        "capacity_TH_MW": 0.0,
        "year_end": null,
        "exact": 3,
        "is_H_gas": 1,
        "is_gas_fuel1": 1,
        "nuts_id_1": "ITF",
        "nuts_id_2": "ITF2",
        "nuts_id_3": "ITF22",
        "year_start": 1992.0,
        "nuts3": "ITF22"
      },
      "geometry": {
        "type": "Point",
        "coordinates": [
          14.9193,
          41.8055
        ]
      }
    },
    {
      "type": "Feature",
      "properties": {
        "id": "INET_CS_292",
        "name": "Korneuburg",
        "node": "INET_N_862",
        "tags": {},
        "PowerPlantType": null,
        "capacity_E_MW": 439.0,
        "capacity_TH_MW": 0.0,
        "year_end": null,
        "exact": 3,
        "is_H_gas": 1,
        "is_gas_fuel1": 1,
        "nuts_id_1": "AT1",
        "nuts_id_2": "AT12",
        "nuts_id_3": "AT126",
        "year_start": 1959.0,
        "nuts3": "AT126"
      },
      "geometry": {
        "type": "Point",
        "coordinates": [
          16.33925,
          48.3317
        ]
      }
    },
    {
      "type": "Feature",
      "properties": {
        "id": "INET_CS_305",
        "name": "Lappeenranta",
        "node": "SEQ_1133__M_LMGN",
        "tags": {},
        "PowerPlantType": null,
        "capacity_E_MW": 26.3,
        "capacity_TH_MW": 0.0,
        "year_end": null,
        "exact": 3,
        "is_H_gas": 1,
        "is_gas_fuel1": 1,
        "nuts_id_1": "FI1",
        "nuts_id_2": "FI1C",
        "nuts_id_3": "FI1C5",
        "year_start": null,
        "nuts3": "FI1C5"
      },
      "geometry": {
        "type": "Point",
        "coordinates": [
          28.19477,
          61.07032
        ]
      }
    },
    {
      "type": "Feature",
      "properties": {
        "id": "INET_CS_10",
        "name": "Ahrensfelde",
        "node": "LKD_N_513",
        "tags": {},
        "PowerPlantType": null,
        "capacity_E_MW": 150.0,
        "capacity_TH_MW": 0.0,
        "year_end": null,
        "exact": 3,
        "is_H_gas": 1,
        "is_gas_fuel1": 1,
        "nuts_id_1": "DE4",
        "nuts_id_2": "DE40",
        "nuts_id_3": "DE405",
        "year_start": 1990.0,
        "nuts3": "DE405"
      },
      "geometry": {
        "type": "Point",
        "coordinates": [
          13.558711,
          52.582434
        ]
      }
    },
    {
      "type": "Feature",
      "properties": {
        "id": "INET_CS_442",
        "name": "Riga",
        "node": "INET_N_1357",
        "tags": {},
        "PowerPlantType": "CCGT",
        "capacity_E_MW": 144.0,
        "capacity_TH_MW": 377.0,
        "year_end": null,
        "exact": 3,
        "is_H_gas": 1,
        "is_gas_fuel1": 1,
        "nuts_id_1": "LV0",
        "nuts_id_2": "LV00",
        "nuts_id_3": "LV006",
        "year_start": 2005.0,
        "nuts3": "LV006"
      },
      "geometry": {
        "type": "Point",
        "coordinates": [
          24.1788,
          56.9904
        ]
      }
    },
    {
      "type": "Feature",
      "properties": {
        "id": "INET_CS_162",
        "name": "Eems",
        "node": "N_2271_S_LMGN",
        "tags": {},
        "PowerPlantType": null,
        "capacity_E_MW": 3690.0,
        "capacity_TH_MW": 0.0,
        "year_end": null,
        "exact": 3,
        "is_H_gas": 1,
        "is_gas_fuel1": 1,
        "nuts_id_1": "NL1",
        "nuts_id_2": "NL11",
        "nuts_id_3": "NL113",
        "year_start": 1996.0,
        "nuts3": "NL113"
      },
      "geometry": {
        "type": "Point",
        "coordinates": [
          6.86719,
          53.44087
        ]
      }
    },
    {
      "type": "Feature",
      "properties": {
        "id": "INET_CS_329",
        "name": "Lorenci",
        "node": "INET_N_978",
        "tags": {},
        "PowerPlantType": "OCGT",
        "capacity_E_MW": 170.0,
        "capacity_TH_MW": 0.0,
        "year_end": null,
        "exact": 3,
        "is_H_gas": 1,
        "is_gas_fuel1": 1,
        "nuts_id_1": "HU3",
        "nuts_id_2": "HU31",
        "nuts_id_3": "HU312",
        "year_start": 2000.0,
        "nuts3": "HU312"
      },
      "geometry": {
        "type": "Point",
        "coordinates": [
          19.67779,
          47.71644
        ]
      }
    },
    {
      "type": "Feature",
      "properties": {
        "id": "INET_CS_341",
        "name": "Malaga",
        "node": "INET_N_1008",
        "tags": {},
        "PowerPlantType": "CTCC",
        "capacity_E_MW": 415.509,
        "capacity_TH_MW": 0.0,
        "year_end": null,
        "exact": 3,
        "is_H_gas": 1,
        "is_gas_fuel1": 1,
        "nuts_id_1": "ES6",
        "nuts_id_2": "ES61",
        "nuts_id_3": "ES617",
        "year_start": 2009.0,
        "nuts3": "ES617"
      },
      "geometry": {
        "type": "Point",
        "coordinates": [
          -4.5631,
          36.7495
        ]
      }
    },
    {
      "type": "Feature",
      "properties": {
        "id": "INET_CS_81",
        "name": "Bruehl 2",
        "node": "INET_N_251",
        "tags": {},
        "PowerPlantType": null,
        "capacity_E_MW": 1281.9,
        "capacity_TH_MW": 0.0,
        "year_end": null,
        "exact": 3,
        "is_H_gas": 1,
        "is_gas_fuel1": 1,
        "nuts_id_1": "DEA",
        "nuts_id_2": "DEA2",
        "nuts_id_3": "DEA27",
        "year_start": 1975.0,
        "nuts3": "DEA27"
      },
      "geometry": {
        "type": "Point",
        "coordinates": [
          6.9594,
          50.8305
        ]
      }
    },
    {
      "type": "Feature",
      "properties": {
        "id": "INET_CS_13",
        "name": "Almere",
        "node": "INET_N_40",
        "tags": {},
        "PowerPlantType": "CHP",
        "capacity_E_MW": 1127.0,
        "capacity_TH_MW": 0.0,
        "year_end": null,
        "exact": 3,
        "is_H_gas": 1,
        "is_gas_fuel1": 1,
        "nuts_id_1": "NL2",
        "nuts_id_2": "NL23",
        "nuts_id_3": "NL230",
        "year_start": 1987.0,
        "nuts3": "NL230"
      },
      "geometry": {
        "type": "Point",
        "coordinates": [
          5.2158,
          52.3883
        ]
      }
    },
    {
      "type": "Feature",
      "properties": {
        "id": "INET_CS_364",
        "name": "Modugno",
        "node": "INET_N_1080",
        "tags": {},
        "PowerPlantType": "CCGT",
        "capacity_E_MW": 800.0,
        "capacity_TH_MW": 0.0,
        "year_end": null,
        "exact": 3,
        "is_H_gas": 1,
        "is_gas_fuel1": 1,
        "nuts_id_1": "ITF",
        "nuts_id_2": "ITF4",
        "nuts_id_3": "ITF47",
        "year_start": 2010.0,
        "nuts3": "ITF47"
      },
      "geometry": {
        "type": "Point",
        "coordinates": [
          16.756,
          41.1025
        ]
      }
    },
    {
      "type": "Feature",
      "properties": {
        "id": "INET_CS_256",
        "name": "Iru",
        "node": "INET_N_740",
        "tags": {},
        "PowerPlantType": "CHP",
        "capacity_E_MW": 440.0,
        "capacity_TH_MW": 398.0,
        "year_end": null,
        "exact": 3,
        "is_H_gas": 1,
        "is_gas_fuel1": 1,
        "nuts_id_1": "EE0",
        "nuts_id_2": "EE00",
        "nuts_id_3": "EE001",
        "year_start": 1969.0,
        "nuts3": "EE001"
      },
      "geometry": {
        "type": "Point",
        "coordinates": [
          24.9246,
          59.4514
        ]
      }
    },
    {
      "type": "Feature",
      "properties": {
        "id": "INET_CS_141",
        "name": "Dortmund",
        "node": "INET_N_417",
        "tags": {},
        "PowerPlantType": null,
        "capacity_E_MW": 26.0,
        "capacity_TH_MW": 0.0,
        "year_end": null,
        "exact": 3,
        "is_H_gas": 1,
        "is_gas_fuel1": 1,
        "nuts_id_1": "DEA",
        "nuts_id_2": "DEA5",
        "nuts_id_3": "DEA52",
        "year_start": 2004.0,
        "nuts3": "DEA52"
      },
      "geometry": {
        "type": "Point",
        "coordinates": [
          7.477,
          51.5197
        ]
      }
    },
    {
      "type": "Feature",
      "properties": {
        "id": "INET_CS_334",
        "name": "Ludwigshafen 6",
        "node": "INET_N_990",
        "tags": {},
        "PowerPlantType": null,
        "capacity_E_MW": 17.2,
        "capacity_TH_MW": 0.0,
        "year_end": null,
        "exact": 3,
        "is_H_gas": 1,
        "is_gas_fuel1": 1,
        "nuts_id_1": "DE1",
        "nuts_id_2": "DE12",
        "nuts_id_3": "DE126",
        "year_start": 2005.0,
        "nuts3": "DE126"
      },
      "geometry": {
        "type": "Point",
        "coordinates": [
          8.4709,
          49.5307
        ]
      }
    },
    {
      "type": "Feature",
      "properties": {
        "id": "INET_CS_543",
        "name": "Thornhill",
        "node": "INET_N_1636",
        "tags": {},
        "PowerPlantType": null,
        "capacity_E_MW": 50.0,
        "capacity_TH_MW": 0.0,
        "year_end": null,
        "exact": 3,
        "is_H_gas": 1,
        "is_gas_fuel1": 1,
        "nuts_id_1": "UKE",
        "nuts_id_2": "UKE4",
        "nuts_id_3": "UKE44",
        "year_start": null,
        "nuts3": "UKE44"
      },
      "geometry": {
        "type": "Point",
        "coordinates": [
          -1.6291,
          53.6908
        ]
      }
    },
    {
      "type": "Feature",
      "properties": {
        "id": "INET_CS_424",
        "name": "Porcari",
        "node": "INET_N_1287",
        "tags": {},
        "PowerPlantType": "CCGT",
        "capacity_E_MW": 100.0,
        "capacity_TH_MW": 0.0,
        "year_end": null,
        "exact": 3,
        "is_H_gas": 1,
        "is_gas_fuel1": 1,
        "nuts_id_1": "ITI",
        "nuts_id_2": "ITI1",
        "nuts_id_3": "ITI12",
        "year_start": 1996.0,
        "nuts3": "ITI12"
      },
      "geometry": {
        "type": "Point",
        "coordinates": [
          10.6023,
          43.8235
        ]
      }
    },
    {
      "type": "Feature",
      "properties": {
        "id": "INET_CS_31",
        "name": "Aranda",
        "node": "INET_N_81",
        "tags": {},
        "PowerPlantType": null,
        "capacity_E_MW": 46.816,
        "capacity_TH_MW": 0.0,
        "year_end": null,
        "exact": 3,
        "is_H_gas": 1,
        "is_gas_fuel1": 1,
        "nuts_id_1": "ES4",
        "nuts_id_2": "ES41",
        "nuts_id_3": "ES412",
        "year_start": 2003.0,
        "nuts3": "ES412"
      },
      "geometry": {
        "type": "Point",
        "coordinates": [
          -3.6892,
          41.6704
        ]
      }
    },
    {
      "type": "Feature",
      "properties": {
        "id": "INET_CS_362",
        "name": "Milazzo",
        "node": "INET_N_1069",
        "tags": {},
        "PowerPlantType": null,
        "capacity_E_MW": 162.9,
        "capacity_TH_MW": 0.0,
        "year_end": null,
        "exact": 3,
        "is_H_gas": 1,
        "is_gas_fuel1": 1,
        "nuts_id_1": "ITG",
        "nuts_id_2": "ITG1",
        "nuts_id_3": "ITG13",
        "year_start": null,
        "nuts3": "ITG13"
      },
      "geometry": {
        "type": "Point",
        "coordinates": [
          15.2383,
          38.2212
        ]
      }
    },
    {
      "type": "Feature",
      "properties": {
        "id": "INET_CS_250",
        "name": "Ikaalinen",
        "node": "N_14_M_LMGN",
        "tags": {},
        "PowerPlantType": null,
        "capacity_E_MW": 427.7,
        "capacity_TH_MW": 0.0,
        "year_end": null,
        "exact": 3,
        "is_H_gas": 1,
        "is_gas_fuel1": 1,
        "nuts_id_1": "FI1",
        "nuts_id_2": "FI19",
        "nuts_id_3": "FI197",
        "year_start": null,
        "nuts3": "FI197"
      },
      "geometry": {
        "type": "Point",
        "coordinates": [
          23.09504,
          61.75636
        ]
      }
    },
    {
      "type": "Feature",
      "properties": {
        "id": "INET_CS_109",
        "name": "Colortex",
        "node": "INET_N_335",
        "tags": {},
        "PowerPlantType": null,
        "capacity_E_MW": 1244.87,
        "capacity_TH_MW": 0.0,
        "year_end": null,
        "exact": 3,
        "is_H_gas": 1,
        "is_gas_fuel1": 1,
        "nuts_id_1": "ES5",
        "nuts_id_2": "ES52",
        "nuts_id_3": "ES523",
        "year_start": null,
        "nuts3": "ES523"
      },
      "geometry": {
        "type": "Point",
        "coordinates": [
          -0.6167,
          38.8167
        ]
      }
    },
    {
      "type": "Feature",
      "properties": {
        "id": "INET_CS_410",
        "name": "Peissenberg",
        "node": "INET_N_1245",
        "tags": {},
        "PowerPlantType": null,
        "capacity_E_MW": 10.6,
        "capacity_TH_MW": 0.0,
        "year_end": null,
        "exact": 3,
        "is_H_gas": 1,
        "is_gas_fuel1": 1,
        "nuts_id_1": "DE2",
        "nuts_id_2": "DE21",
        "nuts_id_3": "DE21N",
        "year_start": null,
        "nuts3": "DE21N"
      },
      "geometry": {
        "type": "Point",
        "coordinates": [
          11.0554,
          47.7895
        ]
      }
    },
    {
      "type": "Feature",
      "properties": {
        "id": "INET_CS_68",
        "name": "Borsodchem",
        "node": "INET_N_218",
        "tags": {},
        "PowerPlantType": null,
        "capacity_E_MW": 200.4,
        "capacity_TH_MW": 0.0,
        "year_end": null,
        "exact": 3,
        "is_H_gas": 1,
        "is_gas_fuel1": 1,
        "nuts_id_1": "HU3",
        "nuts_id_2": "HU31",
        "nuts_id_3": "HU311",
        "year_start": 2001.0,
        "nuts3": "HU311"
      },
      "geometry": {
        "type": "Point",
        "coordinates": [
          20.6476,
          48.2453
        ]
      }
    },
    {
      "type": "Feature",
      "properties": {
        "id": "INET_CS_583",
        "name": "Wiesengrund",
        "node": "INET_N_1797",
        "tags": {},
        "PowerPlantType": null,
        "capacity_E_MW": 22.1,
        "capacity_TH_MW": 0.0,
        "year_end": null,
        "exact": 3,
        "is_H_gas": 1,
        "is_gas_fuel1": 1,
        "nuts_id_1": "DEG",
        "nuts_id_2": "DEG0",
        "nuts_id_3": "DEG0N",
        "year_start": 1993.0,
        "nuts3": "DEG0N"
      },
      "geometry": {
        "type": "Point",
        "coordinates": [
          10.2906,
          50.9816
        ]
      }
    },
    {
      "type": "Feature",
      "properties": {
        "id": "INET_CS_534",
        "name": "Teesside",
        "node": "INET_N_1617",
        "tags": {},
        "PowerPlantType": "CCGT",
        "capacity_E_MW": 1825.0,
        "capacity_TH_MW": 0.0,
        "year_end": null,
        "exact": 3,
        "is_H_gas": 1,
        "is_gas_fuel1": 1,
        "nuts_id_1": "UKC",
        "nuts_id_2": "UKC1",
        "nuts_id_3": "UKC12",
        "year_start": 1993.0,
        "nuts3": "UKC12"
      },
      "geometry": {
        "type": "Point",
        "coordinates": [
          -1.127558,
          54.575519
        ]
      }
    },
    {
      "type": "Feature",
      "properties": {
        "id": "INET_CS_36",
        "name": "Augsburg 1",
        "node": "SEQ_11498_p",
        "tags": {},
        "PowerPlantType": null,
        "capacity_E_MW": 75.8,
        "capacity_TH_MW": 0.0,
        "year_end": null,
        "exact": 3,
        "is_H_gas": 1,
        "is_gas_fuel1": 1,
        "nuts_id_1": "DE2",
        "nuts_id_2": "DE27",
        "nuts_id_3": "DE271",
        "year_start": 1976.0,
        "nuts3": "DE271"
      },
      "geometry": {
        "type": "Point",
        "coordinates": [
          10.871326,
          48.37222
        ]
      }
    },
    {
      "type": "Feature",
      "properties": {
        "id": "INET_CS_9",
        "name": "Agios Georgiou",
        "node": "INET_N_16",
        "tags": {},
        "PowerPlantType": null,
        "capacity_E_MW": 5445.0,
        "capacity_TH_MW": 343.5,
        "year_end": null,
        "exact": 3,
        "is_H_gas": 1,
        "is_gas_fuel1": 1,
        "nuts_id_1": "GR",
        "nuts_id_2": "GR",
        "nuts_id_3": "GR",
        "year_start": 1968.0,
        "nuts3": "EL307"
      },
      "geometry": {
        "type": "Point",
        "coordinates": [
          23.6104,
          37.9539
        ]
      }
    },
    {
      "type": "Feature",
      "properties": {
        "id": "INET_CS_3",
        "name": "Aceca 3",
        "node": "INET_N_4",
        "tags": {},
        "PowerPlantType": "CCGT",
        "capacity_E_MW": 1158.74,
        "capacity_TH_MW": 0.0,
        "year_end": null,
        "exact": 3,
        "is_H_gas": 1,
        "is_gas_fuel1": 1,
        "nuts_id_1": "ES4",
        "nuts_id_2": "ES42",
        "nuts_id_3": "ES425",
        "year_start": 2005.0,
        "nuts3": "ES425"
      },
      "geometry": {
        "type": "Point",
        "coordinates": [
          -3.8558,
          39.9442
        ]
      }
    },
    {
      "type": "Feature",
      "properties": {
        "id": "INET_CS_467",
        "name": "Salzburg Mitte",
        "node": "INET_N_1424",
        "tags": {},
        "PowerPlantType": null,
        "capacity_E_MW": 97.2,
        "capacity_TH_MW": 176.5,
        "year_end": null,
        "exact": 3,
        "is_H_gas": 1,
        "is_gas_fuel1": 1,
        "nuts_id_1": "AT3",
        "nuts_id_2": "AT32",
        "nuts_id_3": "AT323",
        "year_start": 2001.0,
        "nuts3": "AT323"
      },
      "geometry": {
        "type": "Point",
        "coordinates": [
          13.038,
          47.8092
        ]
      }
    },
    {
      "type": "Feature",
      "properties": {
        "id": "INET_CS_404",
        "name": "Palermo",
        "node": "INET_N_1227",
        "tags": {},
        "PowerPlantType": null,
        "capacity_E_MW": 1235.0,
        "capacity_TH_MW": 0.0,
        "year_end": null,
        "exact": 3,
        "is_H_gas": 1,
        "is_gas_fuel1": 1,
        "nuts_id_1": "ITG",
        "nuts_id_2": "ITG1",
        "nuts_id_3": "ITG12",
        "year_start": null,
        "nuts3": "ITG12"
      },
      "geometry": {
        "type": "Point",
        "coordinates": [
          13.7512,
          37.9684
        ]
      }
    },
    {
      "type": "Feature",
      "properties": {
        "id": "INET_CS_138",
        "name": "Donaustadt 1",
        "node": "SEQ_3168_p",
        "tags": {},
        "PowerPlantType": null,
        "capacity_E_MW": 3051.0,
        "capacity_TH_MW": 700.0,
        "year_end": null,
        "exact": 3,
        "is_H_gas": 1,
        "is_gas_fuel1": 1,
        "nuts_id_1": "AT1",
        "nuts_id_2": "AT12",
        "nuts_id_3": "AT130",
        "year_start": 1973.0,
        "nuts3": "AT130"
      },
      "geometry": {
        "type": "Point",
        "coordinates": [
          16.48914,
          48.21063
        ]
      }
    },
    {
      "type": "Feature",
      "properties": {
        "id": "INET_CS_180",
        "name": "Esch-sur-Alzette",
        "node": "INET_N_506",
        "tags": {},
        "PowerPlantType": "CCGT",
        "capacity_E_MW": 385.0,
        "capacity_TH_MW": 0.0,
        "year_end": null,
        "exact": 3,
        "is_H_gas": 1,
        "is_gas_fuel1": 1,
        "nuts_id_1": "LU0",
        "nuts_id_2": "LU00",
        "nuts_id_3": "LU000",
        "year_start": 2002.0,
        "nuts3": "LU000"
      },
      "geometry": {
        "type": "Point",
        "coordinates": [
          5.9646,
          49.5119
        ]
      }
    },
    {
      "type": "Feature",
      "properties": {
        "id": "INET_CS_25",
        "name": "Angleur 1",
        "node": "INET_N_69",
        "tags": {},
        "PowerPlantType": null,
        "capacity_E_MW": 1215.0,
        "capacity_TH_MW": 0.0,
        "year_end": null,
        "exact": 3,
        "is_H_gas": 1,
        "is_gas_fuel1": 1,
        "nuts_id_1": "BE3",
        "nuts_id_2": "BE33",
        "nuts_id_3": "BE332",
        "year_start": null,
        "nuts3": "BE332"
      },
      "geometry": {
        "type": "Point",
        "coordinates": [
          5.5837,
          50.6177
        ]
      }
    },
    {
      "type": "Feature",
      "properties": {
        "id": "INET_CS_350",
        "name": "Mazheikiai",
        "node": "INET_N_1037",
        "tags": {},
        "PowerPlantType": "CHP",
        "capacity_E_MW": 160.0,
        "capacity_TH_MW": 0.0,
        "year_end": null,
        "exact": 3,
        "is_H_gas": 1,
        "is_gas_fuel1": 1,
        "nuts_id_1": "LT0",
        "nuts_id_2": "LT02",
        "nuts_id_3": "LT028",
        "year_start": 1979.0,
        "nuts3": "LT028"
      },
      "geometry": {
        "type": "Point",
        "coordinates": [
          22.1841,
          56.3843
        ]
      }
    },
    {
      "type": "Feature",
      "properties": {
        "id": "INET_CS_126",
        "name": "Debreceni",
        "node": "INET_N_377",
        "tags": {},
        "PowerPlantType": "OCGT",
        "capacity_E_MW": 95.0,
        "capacity_TH_MW": 90.0,
        "year_end": null,
        "exact": 3,
        "is_H_gas": 1,
        "is_gas_fuel1": 1,
        "nuts_id_1": "HU3",
        "nuts_id_2": "HU32",
        "nuts_id_3": "HU321",
        "year_start": 2001.0,
        "nuts3": "HU321"
      },
      "geometry": {
        "type": "Point",
        "coordinates": [
          21.6329,
          47.5185
        ]
      }
    },
    {
      "type": "Feature",
      "properties": {
        "id": "INET_CS_499",
        "name": "Simeri Chrici",
        "node": "INET_N_1499",
        "tags": {},
        "PowerPlantType": null,
        "capacity_E_MW": 760.0,
        "capacity_TH_MW": 0.0,
        "year_end": null,
        "exact": 3,
        "is_H_gas": 1,
        "is_gas_fuel1": 1,
        "nuts_id_1": "ITF",
        "nuts_id_2": "ITF6",
        "nuts_id_3": "ITF63",
        "year_start": 2008.0,
        "nuts3": "ITF63"
      },
      "geometry": {
        "type": "Point",
        "coordinates": [
          16.6569,
          38.8759
        ]
      }
    },
    {
      "type": "Feature",
      "properties": {
        "id": "INET_CS_582",
        "name": "Widdershausen",
        "node": "LKD_N_231",
        "tags": {},
        "PowerPlantType": null,
        "capacity_E_MW": 109.5,
        "capacity_TH_MW": 0.0,
        "year_end": null,
        "exact": 3,
        "is_H_gas": 1,
        "is_gas_fuel1": 1,
        "nuts_id_1": "DE7",
        "nuts_id_2": "DE73",
        "nuts_id_3": "DE733",
        "year_start": 1967.0,
        "nuts3": "DE733"
      },
      "geometry": {
        "type": "Point",
        "coordinates": [
          9.990669,
          50.901903
        ]
      }
    },
    {
      "type": "Feature",
      "properties": {
        "id": "INET_CS_567",
        "name": "Verzuolo",
        "node": "INET_N_1740",
        "tags": {},
        "PowerPlantType": null,
        "capacity_E_MW": 120.0,
        "capacity_TH_MW": 0.0,
        "year_end": null,
        "exact": 3,
        "is_H_gas": 1,
        "is_gas_fuel1": 1,
        "nuts_id_1": "ITC",
        "nuts_id_2": "ITC1",
        "nuts_id_3": "ITC16",
        "year_start": 2002.0,
        "nuts3": "ITC16"
      },
      "geometry": {
        "type": "Point",
        "coordinates": [
          7.4858,
          44.5947
        ]
      }
    },
    {
      "type": "Feature",
      "properties": {
        "id": "INET_CS_78",
        "name": "Breuberg",
        "node": "INET_N_242",
        "tags": {},
        "PowerPlantType": null,
        "capacity_E_MW": 11.4,
        "capacity_TH_MW": 0.0,
        "year_end": null,
        "exact": 3,
        "is_H_gas": 1,
        "is_gas_fuel1": 1,
        "nuts_id_1": "DE7",
        "nuts_id_2": "DE71",
        "nuts_id_3": "DE71B",
        "year_start": 1999.0,
        "nuts3": "DE71B"
      },
      "geometry": {
        "type": "Point",
        "coordinates": [
          9.0117,
          49.8108
        ]
      }
    },
    {
      "type": "Feature",
      "properties": {
        "id": "INET_CS_124",
        "name": "Darmstadt 1",
        "node": "Stor_EU_87",
        "tags": {},
        "PowerPlantType": null,
        "capacity_E_MW": 104.6,
        "capacity_TH_MW": 0.0,
        "year_end": null,
        "exact": 3,
        "is_H_gas": 1,
        "is_gas_fuel1": 1,
        "nuts_id_1": "DE7",
        "nuts_id_2": "DE71",
        "nuts_id_3": "DE711",
        "year_start": 1999.0,
        "nuts3": "DE711"
      },
      "geometry": {
        "type": "Point",
        "coordinates": [
          8.62416,
          49.87933
        ]
      }
    },
    {
      "type": "Feature",
      "properties": {
        "id": "INET_CS_142",
        "name": "Drax",
        "node": "SEQ_1390_p",
        "tags": {},
        "PowerPlantType": "GT",
        "capacity_E_MW": 75.0,
        "capacity_TH_MW": 0.0,
        "year_end": null,
        "exact": 3,
        "is_H_gas": 1,
        "is_gas_fuel1": 1,
        "nuts_id_1": "UKE",
        "nuts_id_2": "UKE2",
        "nuts_id_3": "UKE22",
        "year_start": null,
        "nuts3": "UKE22"
      },
      "geometry": {
        "type": "Point",
        "coordinates": [
          -1.00433,
          53.76212
        ]
      }
    },
    {
      "type": "Feature",
      "properties": {
        "id": "INET_CS_518",
        "name": "Stendal",
        "node": "INET_N_1559",
        "tags": {},
        "PowerPlantType": "HKW",
        "capacity_E_MW": 22.0,
        "capacity_TH_MW": 0.0,
        "year_end": null,
        "exact": 3,
        "is_H_gas": 1,
        "is_gas_fuel1": 1,
        "nuts_id_1": "DEE",
        "nuts_id_2": "DEE0",
        "nuts_id_3": "DEE0D",
        "year_start": 1994.0,
        "nuts3": "DEE0D"
      },
      "geometry": {
        "type": "Point",
        "coordinates": [
          11.8325,
          52.6087
        ]
      }
    },
    {
      "type": "Feature",
      "properties": {
        "id": "INET_CS_552",
        "name": "Trapani",
        "node": "INET_N_1654",
        "tags": {},
        "PowerPlantType": null,
        "capacity_E_MW": 213.4,
        "capacity_TH_MW": 0.0,
        "year_end": null,
        "exact": 3,
        "is_H_gas": 1,
        "is_gas_fuel1": 1,
        "nuts_id_1": "ITG",
        "nuts_id_2": "ITG1",
        "nuts_id_3": "ITG11",
        "year_start": null,
        "nuts3": "ITG11"
      },
      "geometry": {
        "type": "Point",
        "coordinates": [
          12.5108,
          38.0158
        ]
      }
    },
    {
      "type": "Feature",
      "properties": {
        "id": "INET_CS_441",
        "name": "Ribatejo",
        "node": "N_79_M_LMGN",
        "tags": {},
        "PowerPlantType": null,
        "capacity_E_MW": 1176.0,
        "capacity_TH_MW": 0.0,
        "year_end": null,
        "exact": 3,
        "is_H_gas": 1,
        "is_gas_fuel1": 1,
        "nuts_id_1": "PT1",
        "nuts_id_2": "PT16",
        "nuts_id_3": "PT16B",
        "year_start": 2005.0,
        "nuts3": "PT16B"
      },
      "geometry": {
        "type": "Point",
        "coordinates": [
          -8.94918,
          39.00943
        ]
      }
    },
    {
      "type": "Feature",
      "properties": {
        "id": "INET_CS_544",
        "name": "Thyrow",
        "node": "INET_N_1637",
        "tags": {},
        "PowerPlantType": null,
        "capacity_E_MW": 296.0,
        "capacity_TH_MW": 0.0,
        "year_end": null,
        "exact": 3,
        "is_H_gas": 1,
        "is_gas_fuel1": 1,
        "nuts_id_1": "DE4",
        "nuts_id_2": "DE40",
        "nuts_id_3": "DE40H",
        "year_start": null,
        "nuts3": "DE40H"
      },
      "geometry": {
        "type": "Point",
        "coordinates": [
          13.3019,
          52.2302
        ]
      }
    },
    {
      "type": "Feature",
      "properties": {
        "id": "INET_CS_43",
        "name": "Bad Salzungen",
        "node": "INET_N_118",
        "tags": {},
        "PowerPlantType": null,
        "capacity_E_MW": 95.6,
        "capacity_TH_MW": 0.0,
        "year_end": null,
        "exact": 3,
        "is_H_gas": 1,
        "is_gas_fuel1": 1,
        "nuts_id_1": "DEG",
        "nuts_id_2": "DEG0",
        "nuts_id_3": "DEG0P",
        "year_start": 1994.0,
        "nuts3": "DEG0P"
      },
      "geometry": {
        "type": "Point",
        "coordinates": [
          10.2206,
          50.8003
        ]
      }
    },
    {
      "type": "Feature",
      "properties": {
        "id": "INET_CS_27",
        "name": "Annweilter am Trifels",
        "node": "INET_N_75",
        "tags": {},
        "PowerPlantType": null,
        "capacity_E_MW": 28.0,
        "capacity_TH_MW": 0.0,
        "year_end": null,
        "exact": 3,
        "is_H_gas": 1,
        "is_gas_fuel1": 1,
        "nuts_id_1": "DEB",
        "nuts_id_2": "DEB3",
        "nuts_id_3": "DEB3H",
        "year_start": 1975.0,
        "nuts3": "DEB3H"
      },
      "geometry": {
        "type": "Point",
        "coordinates": [
          7.936,
          49.2095
        ]
      }
    },
    {
      "type": "Feature",
      "properties": {
        "id": "INET_CS_65",
        "name": "Bochum",
        "node": "N_2070_S_LMGN",
        "tags": {},
        "PowerPlantType": null,
        "capacity_E_MW": 64.7,
        "capacity_TH_MW": 0.0,
        "year_end": null,
        "exact": 3,
        "is_H_gas": 1,
        "is_gas_fuel1": 1,
        "nuts_id_1": "DEA",
        "nuts_id_2": "DEA5",
        "nuts_id_3": "DEA51",
        "year_start": 2004.0,
        "nuts3": "DEA51"
      },
      "geometry": {
        "type": "Point",
        "coordinates": [
          7.2373,
          51.49086
        ]
      }
    },
    {
      "type": "Feature",
      "properties": {
        "id": "INET_CS_111",
        "name": "Connahs Quay",
        "node": "INET_N_270",
        "tags": {},
        "PowerPlantType": null,
        "capacity_E_MW": 2088.0,
        "capacity_TH_MW": 0.0,
        "year_end": null,
        "exact": 2,
        "is_H_gas": 1,
        "is_gas_fuel1": 1,
        "nuts_id_1": "UKL",
        "nuts_id_2": "UKL2",
        "nuts_id_3": "UKL23",
        "year_start": 1997.0,
        "nuts3": "UKL23"
      },
      "geometry": {
        "type": "Point",
        "coordinates": [
          -3.0813,
          53.232
        ]
      }
    },
    {
      "type": "Feature",
      "properties": {
        "id": "INET_CS_260",
        "name": "Jena",
        "node": "INET_N_762",
        "tags": {},
        "PowerPlantType": null,
        "capacity_E_MW": 182.0,
        "capacity_TH_MW": 0.0,
        "year_end": null,
        "exact": 3,
        "is_H_gas": 1,
        "is_gas_fuel1": 1,
        "nuts_id_1": "DEG",
        "nuts_id_2": "DEG0",
        "nuts_id_3": "DEG03",
        "year_start": 1996.0,
        "nuts3": "DEG03"
      },
      "geometry": {
        "type": "Point",
        "coordinates": [
          11.5857,
          50.8969
        ]
      }
    },
    {
      "type": "Feature",
      "properties": {
        "id": "INET_CS_16",
        "name": "Alt Saarbruecken",
        "node": "INET_N_48",
        "tags": {},
        "PowerPlantType": null,
        "capacity_E_MW": 80.6,
        "capacity_TH_MW": 0.0,
        "year_end": null,
        "exact": 3,
        "is_H_gas": 1,
        "is_gas_fuel1": 1,
        "nuts_id_1": "DEC",
        "nuts_id_2": "DEC0",
        "nuts_id_3": "DEC01",
        "year_start": 2012.0,
        "nuts3": "DEC01"
      },
      "geometry": {
        "type": "Point",
        "coordinates": [
          6.9781,
          49.2137
        ]
      }
    },
    {
      "type": "Feature",
      "properties": {
        "id": "INET_CS_466",
        "name": "Saltend",
        "node": "INET_N_1422",
        "tags": {},
        "PowerPlantType": "CCGT",
        "capacity_E_MW": 1200.0,
        "capacity_TH_MW": 0.0,
        "year_end": null,
        "exact": 3,
        "is_H_gas": 1,
        "is_gas_fuel1": 1,
        "nuts_id_1": "UKE",
        "nuts_id_2": "UKE1",
        "nuts_id_3": "UKE12",
        "year_start": 2000.0,
        "nuts3": "UKE12"
      },
      "geometry": {
        "type": "Point",
        "coordinates": [
          -0.243416,
          53.734802
        ]
      }
    },
    {
      "type": "Feature",
      "properties": {
        "id": "INET_CS_280",
        "name": "Kirchmoeser",
        "node": "LKD_N_539",
        "tags": {},
        "PowerPlantType": null,
        "capacity_E_MW": 160.0,
        "capacity_TH_MW": 0.0,
        "year_end": null,
        "exact": 3,
        "is_H_gas": 1,
        "is_gas_fuel1": 1,
        "nuts_id_1": "DE4",
        "nuts_id_2": "DE40",
        "nuts_id_3": "DE401",
        "year_start": 1994.0,
        "nuts3": "DE401"
      },
      "geometry": {
        "type": "Point",
        "coordinates": [
          12.397341,
          52.401657
        ]
      }
    },
    {
      "type": "Feature",
      "properties": {
        "id": "INET_CS_120",
        "name": "Cristobal",
        "node": "INET_N_357",
        "tags": {},
        "PowerPlantType": null,
        "capacity_E_MW": 1650.0,
        "capacity_TH_MW": 0.0,
        "year_end": null,
        "exact": 3,
        "is_H_gas": 1,
        "is_gas_fuel1": 1,
        "nuts_id_1": "ES6",
        "nuts_id_2": "ES61",
        "nuts_id_3": "ES615",
        "year_start": 2006.0,
        "nuts3": "ES615"
      },
      "geometry": {
        "type": "Point",
        "coordinates": [
          -6.943,
          37.2156
        ]
      }
    },
    {
      "type": "Feature",
      "properties": {
        "id": "INET_CS_368",
        "name": "Mohn",
        "node": "INET_N_1089",
        "tags": {},
        "PowerPlantType": null,
        "capacity_E_MW": 22.0,
        "capacity_TH_MW": 0.0,
        "year_end": null,
        "exact": 3,
        "is_H_gas": 1,
        "is_gas_fuel1": 1,
        "nuts_id_1": "DEA",
        "nuts_id_2": "DEA4",
        "nuts_id_3": "DEA42",
        "year_start": 1994.0,
        "nuts3": "DEA42"
      },
      "geometry": {
        "type": "Point",
        "coordinates": [
          8.4088,
          51.9073
        ]
      }
    },
    {
      "type": "Feature",
      "properties": {
        "id": "INET_CS_425",
        "name": "Porto Empedocle",
        "node": "INET_N_1292",
        "tags": {},
        "PowerPlantType": null,
        "capacity_E_MW": 280.0,
        "capacity_TH_MW": 0.0,
        "year_end": null,
        "exact": 3,
        "is_H_gas": 1,
        "is_gas_fuel1": 1,
        "nuts_id_1": "ITG",
        "nuts_id_2": "ITG1",
        "nuts_id_3": "ITG14",
        "year_start": 2001.0,
        "nuts3": null
      },
      "geometry": {
        "type": "Point",
        "coordinates": [
          13.53774,
          37.2829
        ]
      }
    },
    {
      "type": "Feature",
      "properties": {
        "id": "INET_CS_298",
        "name": "La Casella",
        "node": "INET_N_898",
        "tags": {},
        "PowerPlantType": null,
        "capacity_E_MW": 2500.85,
        "capacity_TH_MW": 0.0,
        "year_end": null,
        "exact": 3,
        "is_H_gas": 1,
        "is_gas_fuel1": 1,
        "nuts_id_1": "ITH",
        "nuts_id_2": "ITH5",
        "nuts_id_3": "ITH51",
        "year_start": 2002.0,
        "nuts3": "ITH51"
      },
      "geometry": {
        "type": "Point",
        "coordinates": [
          9.4805,
          45.0904
        ]
      }
    },
    {
      "type": "Feature",
      "properties": {
        "id": "INET_CS_589",
        "name": "Wrotkow",
        "node": "INET_N_1817",
        "tags": {},
        "PowerPlantType": null,
        "capacity_E_MW": 231.0,
        "capacity_TH_MW": 0.0,
        "year_end": null,
        "exact": 3,
        "is_H_gas": 1,
        "is_gas_fuel1": 1,
        "nuts_id_1": "PL8",
        "nuts_id_2": "PL81",
        "nuts_id_3": "PL814",
        "year_start": null,
        "nuts3": "PL814"
      },
      "geometry": {
        "type": "Point",
        "coordinates": [
          22.5535,
          51.215
        ]
      }
    },
    {
      "type": "Feature",
      "properties": {
        "id": "INET_CS_196",
        "name": "Frankfurt 1",
        "node": "INET_N_552",
        "tags": {},
        "PowerPlantType": null,
        "capacity_E_MW": 377.0,
        "capacity_TH_MW": 0.0,
        "year_end": null,
        "exact": 3,
        "is_H_gas": 1,
        "is_gas_fuel1": 1,
        "nuts_id_1": "DE7",
        "nuts_id_2": "DE71",
        "nuts_id_3": "DE712",
        "year_start": 2012.0,
        "nuts3": "DE712"
      },
      "geometry": {
        "type": "Point",
        "coordinates": [
          8.5311,
          50.0918
        ]
      }
    },
    {
      "type": "Feature",
      "properties": {
        "id": "INET_CS_82",
        "name": "Brugge-Herdersbrug",
        "node": "N_1624_S_LMGN",
        "tags": {},
        "PowerPlantType": null,
        "capacity_E_MW": 500.0,
        "capacity_TH_MW": 0.0,
        "year_end": null,
        "exact": 3,
        "is_H_gas": 1,
        "is_gas_fuel1": 1,
        "nuts_id_1": "BE2",
        "nuts_id_2": "BE25",
        "nuts_id_3": "BE251",
        "year_start": 1998.0,
        "nuts3": "BE251"
      },
      "geometry": {
        "type": "Point",
        "coordinates": [
          3.21939,
          51.26682
        ]
      }
    },
    {
      "type": "Feature",
      "properties": {
        "id": "INET_CS_188",
        "name": "Ferrera Erbognone",
        "node": "INET_N_530",
        "tags": {},
        "PowerPlantType": "CCGT",
        "capacity_E_MW": 1410.5,
        "capacity_TH_MW": 0.0,
        "year_end": null,
        "exact": 3,
        "is_H_gas": 1,
        "is_gas_fuel1": 1,
        "nuts_id_1": "ITC",
        "nuts_id_2": "ITC4",
        "nuts_id_3": "ITC48",
        "year_start": 2004.0,
        "nuts3": "ITC48"
      },
      "geometry": {
        "type": "Point",
        "coordinates": [
          8.8668,
          45.0998
        ]
      }
    },
    {
      "type": "Feature",
      "properties": {
        "id": "INET_CS_60",
        "name": "Beveren",
        "node": "INET_N_180",
        "tags": {},
        "PowerPlantType": null,
        "capacity_E_MW": 22.8,
        "capacity_TH_MW": 0.0,
        "year_end": null,
        "exact": 3,
        "is_H_gas": 1,
        "is_gas_fuel1": 1,
        "nuts_id_1": "BE2",
        "nuts_id_2": "BE23",
        "nuts_id_3": "BE236",
        "year_start": null,
        "nuts3": "BE236"
      },
      "geometry": {
        "type": "Point",
        "coordinates": [
          4.2563,
          51.2119
        ]
      }
    },
    {
      "type": "Feature",
      "properties": {
        "id": "INET_CS_415",
        "name": "Pfaffenwald",
        "node": "INET_N_1257",
        "tags": {},
        "PowerPlantType": null,
        "capacity_E_MW": 36.0,
        "capacity_TH_MW": 0.0,
        "year_end": null,
        "exact": 3,
        "is_H_gas": 1,
        "is_gas_fuel1": 1,
        "nuts_id_1": "DE1",
        "nuts_id_2": "DE11",
        "nuts_id_3": "DE111",
        "year_start": null,
        "nuts3": "DE111"
      },
      "geometry": {
        "type": "Point",
        "coordinates": [
          9.1103,
          48.7508
        ]
      }
    },
    {
      "type": "Feature",
      "properties": {
        "id": "INET_CS_519",
        "name": "Stockum",
        "node": "SEQ_12030_p",
        "tags": {},
        "PowerPlantType": null,
        "capacity_E_MW": 2004.5,
        "capacity_TH_MW": 0.0,
        "year_end": null,
        "exact": 3,
        "is_H_gas": 1,
        "is_gas_fuel1": 1,
        "nuts_id_1": "DEA",
        "nuts_id_2": "DEA5",
        "nuts_id_3": "DEA54",
        "year_start": null,
        "nuts3": "DEA54"
      },
      "geometry": {
        "type": "Point",
        "coordinates": [
          7.739662,
          51.667561
        ]
      }
    },
    {
      "type": "Feature",
      "properties": {
        "id": "INET_CS_252",
        "name": "Irsching 1",
        "node": "LKD_N_79",
        "tags": {},
        "PowerPlantType": null,
        "capacity_E_MW": 3231.0,
        "capacity_TH_MW": 25.0,
        "year_end": null,
        "exact": 3,
        "is_H_gas": 1,
        "is_gas_fuel1": 1,
        "nuts_id_1": "DE2",
        "nuts_id_2": "DE21",
        "nuts_id_3": "DE219",
        "year_start": 1974.0,
        "nuts3": "DE219"
      },
      "geometry": {
        "type": "Point",
        "coordinates": [
          11.555788,
          48.755703
        ]
      }
    },
    {
      "type": "Feature",
      "properties": {
        "id": "INET_CS_144",
        "name": "Drogenbos 1",
        "node": "INET_N_426",
        "tags": {},
        "PowerPlantType": null,
        "capacity_E_MW": 1441.0,
        "capacity_TH_MW": 0.0,
        "year_end": null,
        "exact": 3,
        "is_H_gas": 1,
        "is_gas_fuel1": 1,
        "nuts_id_1": "BE2",
        "nuts_id_2": "BE24",
        "nuts_id_3": "BE241",
        "year_start": null,
        "nuts3": "BE241"
      },
      "geometry": {
        "type": "Point",
        "coordinates": [
          4.299,
          50.8023
        ]
      }
    },
    {
      "type": "Feature",
      "properties": {
        "id": "INET_CS_439",
        "name": "Reutlingen",
        "node": "INET_N_1351",
        "tags": {},
        "PowerPlantType": null,
        "capacity_E_MW": 9.8,
        "capacity_TH_MW": 0.0,
        "year_end": null,
        "exact": 3,
        "is_H_gas": 1,
        "is_gas_fuel1": 1,
        "nuts_id_1": "DE1",
        "nuts_id_2": "DE14",
        "nuts_id_3": "DE141",
        "year_start": 2011.0,
        "nuts3": "DE141"
      },
      "geometry": {
        "type": "Point",
        "coordinates": [
          9.1856,
          48.4939
        ]
      }
    },
    {
      "type": "Feature",
      "properties": {
        "id": "INET_CS_106",
        "name": "Chivasso",
        "node": "N_822_M_LMGN",
        "tags": {},
        "PowerPlantType": "CCGT",
        "capacity_E_MW": 2394.0,
        "capacity_TH_MW": 170.0,
        "year_end": null,
        "exact": 3,
        "is_H_gas": 1,
        "is_gas_fuel1": 1,
        "nuts_id_1": "ITC",
        "nuts_id_2": "ITC1",
        "nuts_id_3": "ITC11",
        "year_start": 2004.0,
        "nuts3": "ITC11"
      },
      "geometry": {
        "type": "Point",
        "coordinates": [
          7.91036,
          45.20146
        ]
      }
    },
    {
      "type": "Feature",
      "properties": {
        "id": "INET_CS_279",
        "name": "Kirchlengern",
        "node": "INET_N_834",
        "tags": {},
        "PowerPlantType": null,
        "capacity_E_MW": 201.5,
        "capacity_TH_MW": 0.0,
        "year_end": null,
        "exact": 3,
        "is_H_gas": 1,
        "is_gas_fuel1": 1,
        "nuts_id_1": "DEA",
        "nuts_id_2": "DEA4",
        "nuts_id_3": "DEA43",
        "year_start": 1980.0,
        "nuts3": "DEA43"
      },
      "geometry": {
        "type": "Point",
        "coordinates": [
          8.6482,
          52.1951
        ]
      }
    },
    {
      "type": "Feature",
      "properties": {
        "id": "INET_CS_411",
        "name": "Pembroke",
        "node": "INET_N_1246",
        "tags": {},
        "PowerPlantType": null,
        "capacity_E_MW": 2000.0,
        "capacity_TH_MW": 0.0,
        "year_end": null,
        "exact": 3,
        "is_H_gas": 1,
        "is_gas_fuel1": 1,
        "nuts_id_1": "UKL",
        "nuts_id_2": "UKL1",
        "nuts_id_3": "UKL14",
        "year_start": 2011.0,
        "nuts3": "UKL14"
      },
      "geometry": {
        "type": "Point",
        "coordinates": [
          -4.99,
          51.685
        ]
      }
    },
    {
      "type": "Feature",
      "properties": {
        "id": "INET_CS_110",
        "name": "Combigolfe",
        "node": "INET_N_336",
        "tags": {},
        "PowerPlantType": null,
        "capacity_E_MW": 1835.0,
        "capacity_TH_MW": 0.0,
        "year_end": null,
        "exact": 3,
        "is_H_gas": 1,
        "is_gas_fuel1": 1,
        "nuts_id_1": "FRL",
        "nuts_id_2": "FRL0",
        "nuts_id_3": "FRL04",
        "year_start": null,
        "nuts3": null
      },
      "geometry": {
        "type": "Point",
        "coordinates": [
          4.8676,
          43.4072
        ]
      }
    },
    {
      "type": "Feature",
      "properties": {
        "id": "INET_CS_140",
        "name": "Dormagen",
        "node": "LKD_N_308",
        "tags": {},
        "PowerPlantType": null,
        "capacity_E_MW": 578.9,
        "capacity_TH_MW": 0.0,
        "year_end": null,
        "exact": 3,
        "is_H_gas": 1,
        "is_gas_fuel1": 1,
        "nuts_id_1": "DEA",
        "nuts_id_2": "DEA2",
        "nuts_id_3": "DEA23",
        "year_start": 2000.0,
        "nuts3": "DEA23"
      },
      "geometry": {
        "type": "Point",
        "coordinates": [
          6.899096,
          51.06119
        ]
      }
    },
    {
      "type": "Feature",
      "properties": {
        "id": "INET_CS_86",
        "name": "Burghausen",
        "node": "N_2631_S_LMGN",
        "tags": {},
        "PowerPlantType": null,
        "capacity_E_MW": 227.0,
        "capacity_TH_MW": 0.0,
        "year_end": null,
        "exact": 3,
        "is_H_gas": 1,
        "is_gas_fuel1": 1,
        "nuts_id_1": "AT3",
        "nuts_id_2": "AT31",
        "nuts_id_3": "AT311",
        "year_start": 2001.0,
        "nuts3": "DE214"
      },
      "geometry": {
        "type": "Point",
        "coordinates": [
          12.86439,
          48.19555
        ]
      }
    },
    {
      "type": "Feature",
      "properties": {
        "id": "INET_CS_385",
        "name": "Neuhausen",
        "node": "INET_N_1133",
        "tags": {},
        "PowerPlantType": null,
        "capacity_E_MW": 11.5,
        "capacity_TH_MW": 0.0,
        "year_end": null,
        "exact": 3,
        "is_H_gas": 1,
        "is_gas_fuel1": 1,
        "nuts_id_1": "DEB",
        "nuts_id_2": "DEB3",
        "nuts_id_3": "DEB39",
        "year_start": 1991.0,
        "nuts3": "DEB39"
      },
      "geometry": {
        "type": "Point",
        "coordinates": [
          8.3589,
          49.6633
        ]
      }
    },
    {
      "type": "Feature",
      "properties": {
        "id": "INET_CS_585",
        "name": "Wloclawek",
        "node": "INET_N_1805",
        "tags": {},
        "PowerPlantType": null,
        "capacity_E_MW": 491.0,
        "capacity_TH_MW": 0.0,
        "year_end": null,
        "exact": 3,
        "is_H_gas": 1,
        "is_gas_fuel1": 1,
        "nuts_id_1": "PL6",
        "nuts_id_2": "PL61",
        "nuts_id_3": "PL619",
        "year_start": null,
        "nuts3": "PL619"
      },
      "geometry": {
        "type": "Point",
        "coordinates": [
          18.9589,
          52.7074
        ]
      }
    },
    {
      "type": "Feature",
      "properties": {
        "id": "INET_CS_64",
        "name": "Blenod 5",
        "node": "INET_N_203",
        "tags": {},
        "PowerPlantType": null,
        "capacity_E_MW": 1253.0,
        "capacity_TH_MW": 0.0,
        "year_end": null,
        "exact": 3,
        "is_H_gas": 1,
        "is_gas_fuel1": 1,
        "nuts_id_1": "FRF",
        "nuts_id_2": "FRF3",
        "nuts_id_3": "FRF31",
        "year_start": null,
        "nuts3": "FRF31"
      },
      "geometry": {
        "type": "Point",
        "coordinates": [
          6.0849,
          48.8681
        ]
      }
    },
    {
      "type": "Feature",
      "properties": {
        "id": "INET_CS_169",
        "name": "Emile Huchet",
        "node": "INET_N_475",
        "tags": {},
        "PowerPlantType": null,
        "capacity_E_MW": 826.0,
        "capacity_TH_MW": 0.0,
        "year_end": null,
        "exact": 3,
        "is_H_gas": 1,
        "is_gas_fuel1": 1,
        "nuts_id_1": "FRF",
        "nuts_id_2": "FRF3",
        "nuts_id_3": "FRF33",
        "year_start": null,
        "nuts3": "FRF33"
      },
      "geometry": {
        "type": "Point",
        "coordinates": [
          6.7018,
          49.1526
        ]
      }
    },
    {
      "type": "Feature",
      "properties": {
        "id": "INET_CS_30",
        "name": "Aprilia",
        "node": "INET_N_79",
        "tags": {},
        "PowerPlantType": "CCGT",
        "capacity_E_MW": 800.0,
        "capacity_TH_MW": 0.0,
        "year_end": null,
        "exact": 3,
        "is_H_gas": 1,
        "is_gas_fuel1": 1,
        "nuts_id_1": "ITI",
        "nuts_id_2": "ITI4",
        "nuts_id_3": "ITI44",
        "year_start": 2012.0,
        "nuts3": "ITI44"
      },
      "geometry": {
        "type": "Point",
        "coordinates": [
          12.6337,
          41.5616
        ]
      }
    },
    {
      "type": "Feature",
      "properties": {
        "id": "INET_CS_218",
        "name": "Greifswald 1",
        "node": "INET_N_615",
        "tags": {},
        "PowerPlantType": "HKW",
        "capacity_E_MW": 67.5,
        "capacity_TH_MW": 0.0,
        "year_end": null,
        "exact": 3,
        "is_H_gas": 1,
        "is_gas_fuel1": 1,
        "nuts_id_1": "DE8",
        "nuts_id_2": "DE80",
        "nuts_id_3": "DE80N",
        "year_start": 1996.0,
        "nuts3": "DE80N"
      },
      "geometry": {
        "type": "Point",
        "coordinates": [
          13.385,
          54.0973
        ]
      }
    },
    {
      "type": "Feature",
      "properties": {
        "id": "INET_CS_548",
        "name": "Tor di Valle",
        "node": "SEQ_6694_p",
        "tags": {},
        "PowerPlantType": "CCGT",
        "capacity_E_MW": 1743.0,
        "capacity_TH_MW": 260.0,
        "year_end": null,
        "exact": 3,
        "is_H_gas": 1,
        "is_gas_fuel1": 1,
        "nuts_id_1": "ITI",
        "nuts_id_2": "ITI4",
        "nuts_id_3": "ITI43",
        "year_start": 1997.0,
        "nuts3": "ITI43"
      },
      "geometry": {
        "type": "Point",
        "coordinates": [
          12.40059,
          41.79839
        ]
      }
    },
    {
      "type": "Feature",
      "properties": {
        "id": "INET_CS_67",
        "name": "Bonn",
        "node": "INET_N_214",
        "tags": {},
        "PowerPlantType": null,
        "capacity_E_MW": 95.0,
        "capacity_TH_MW": 0.0,
        "year_end": null,
        "exact": 3,
        "is_H_gas": 1,
        "is_gas_fuel1": 1,
        "nuts_id_1": "DEA",
        "nuts_id_2": "DEA2",
        "nuts_id_3": "DEA22",
        "year_start": 2013.0,
        "nuts3": "DEA22"
      },
      "geometry": {
        "type": "Point",
        "coordinates": [
          7.0805,
          50.7338
        ]
      }
    },
    {
      "type": "Feature",
      "properties": {
        "id": "INET_CS_563",
        "name": "Varel",
        "node": "INET_N_1726",
        "tags": {},
        "PowerPlantType": null,
        "capacity_E_MW": 60.0,
        "capacity_TH_MW": 0.0,
        "year_end": null,
        "exact": 3,
        "is_H_gas": 1,
        "is_gas_fuel1": 1,
        "nuts_id_1": "DE9",
        "nuts_id_2": "DE94",
        "nuts_id_3": "DE94A",
        "year_start": 1989.0,
        "nuts3": "DE94A"
      },
      "geometry": {
        "type": "Point",
        "coordinates": [
          8.1282,
          53.4032
        ]
      }
    },
    {
      "type": "Feature",
      "properties": {
        "id": "INET_CS_100",
        "name": "Celano",
        "node": "INET_N_301",
        "tags": {},
        "PowerPlantType": null,
        "capacity_E_MW": 180.0,
        "capacity_TH_MW": 0.0,
        "year_end": null,
        "exact": 3,
        "is_H_gas": 1,
        "is_gas_fuel1": 1,
        "nuts_id_1": "ITF",
        "nuts_id_2": "ITF1",
        "nuts_id_3": "ITF11",
        "year_start": 1998.0,
        "nuts3": "ITF11"
      },
      "geometry": {
        "type": "Point",
        "coordinates": [
          13.5475,
          42.0458
        ]
      }
    }
  ]
}
